"last_name, first_name",player_id,pitch_hand,year,pa,hit,single,double,triple,home_run,strikeout,walk,k_percent,bb_percent,batting_avg,slg_percent,on_base_percent,on_base_plus_slg,isolated_power,xba,xslg,woba,xwoba,xobp,xiso,exit_velocity_avg,launch_angle_avg,sweet_spot_percent,barrel_batted_rate,hard_hit_percent,avg_best_speed,whiff_percent,swing_percent,pull_percent,opposite_percent,groundballs_percent,flyballs_percent,linedrives_percent
"Strzelecki, Peter",657265,R,2026,61,13,8,4,0,1,8,6,13.1,9.8,.250,.385,.344,0.729,0.135,.201,.318,.326,.294,.311,.118,91,16.8,20,4.4,37.8,83.304908636,17,42.2,42.2,22.2,40,37.8,15.6
"Hartlieb, Geoff",664129,R,2026,112,26,19,4,2,1,20,11,17.9,9.8,.268,.381,.339,0.720,0.113,.240,.349,.318,.297,.317,.109,90.2,15.9,33.8,6.3,42.5,80.79914075,26.8,49.6,43.8,16.3,40,28.7,26.3
"Ross, Dylan",697811,R,2026,3,0,0,0,0,0,0,0,0,0,.000,.000,.000,0.000,0.000,.119,.141,.000,.108,.119,.022,62.6,28.1,33.3,0,0,50.697315,16.7,54.5,0,33.3,66.7,0,0
"Harris, Hogan",663687,L,2026,308,60,45,7,0,8,87,41,28.2,13.3,.231,.350,.345,0.695,0.119,.204,.331,.315,.297,.319,.127,87.2,12.5,32.8,6.9,33.3,76.524833605,25.4,43.1,32.2,25.9,48.3,24.7,19.5
"Rodriguez, Bradgley",699134,R,2026,294,58,36,14,2,6,79,19,26.9,6.5,.213,.346,.264,0.610,0.133,.189,.295,.267,.237,.239,.106,87,9.9,27,4.6,29.6,76.165211146,30.3,51.8,43.9,22.4,51,25.5,16.8
"Carrillo, Gerardo",672629,R,2026,81,14,9,5,0,0,21,16,25.9,19.8,.222,.302,.388,0.690,0.080,.184,.277,.323,.299,.349,.094,87.4,9.3,38.1,7.1,28.6,77.319806667,28.8,39.6,57.1,16.7,45.2,21.4,26.2
"Whisenhunt, Carson",687931,L,2026,164,41,28,7,1,5,26,21,15.9,12.8,.293,.464,.384,0.848,0.171,.272,.467,.372,.368,.372,.195,91.3,16.4,39.7,7.8,44.8,81.944113966,28.2,45.4,46.6,16.4,33.6,33.6,27.6
"Slaten, Justin",686580,R,2026,137,35,25,6,0,4,39,8,28.5,5.8,.276,.417,.319,0.736,0.141,.223,.331,.323,.266,.269,.109,88.3,7.7,36.7,4.4,36.7,77.338378864,25.2,50.8,41.1,25.6,43.3,25.6,27.8
"Kirby, George",669923,R,2026,741,197,133,39,3,22,148,47,20,6.3,.287,.448,.334,0.782,0.161,.263,.408,.341,.315,.312,.145,89.4,12.2,33,6.6,40.1,78.915435242,22.5,51.9,35.2,25.8,44.2,24.3,23.8
"Pfaadt, Brandon",694297,R,2026,531,120,81,23,2,14,87,30,16.4,5.6,.244,.385,.294,0.679,0.141,.248,.393,.298,.303,.298,.145,88.6,13,31.9,7.4,35,78.337967734,21.5,49.7,43.4,23,45.3,23.3,22.5
"Kelly, Kevin",687330,R,2026,276,55,39,9,1,6,62,11,22.5,4,.212,.323,.251,0.574,0.111,.251,.367,.249,.283,.281,.115,89.6,2.1,31,5.6,44.5,78.654472323,23.6,49.4,38.5,18,58,13,27
"Jones, Jared",683003,R,2026,402,78,45,19,2,12,118,31,29.4,7.7,.213,.374,.277,0.651,0.161,.213,.359,.287,.281,.277,.146,89.2,17.4,34.7,7.6,38.2,78.672293387,32.6,49.3,39.4,27.1,36.7,28.3,25.5
"VanWey, Logan",701121,R,2026,36,9,8,0,0,1,7,0,19.4,0,.265,.353,.257,0.610,0.088,.262,.360,.262,.261,.255,.098,90.4,21.5,27.6,6.9,44.8,78.307505714,25.3,52.1,31,27.6,41.4,24.1,24.1
"Murdock, Noah",668716,R,2026,15,3,3,0,0,0,4,3,26.7,20,.273,.273,.400,0.673,0.000,.153,.222,.318,.259,.312,.070,90.6,0.1,0,0,62.5,80.971625,23.1,40.6,37.5,0,75,25,0
"Canning, Griffin",656288,R,2026,377,89,63,11,1,14,85,40,22.5,10.6,.271,.439,.357,0.796,0.168,.246,.405,.352,.328,.336,.159,90.2,10.2,33.7,8.5,44.7,79.603318293,25.9,45.1,39,21.5,47.6,23.6,22.4
"Povich, Cade",700249,L,2026,160,40,28,6,0,6,28,15,17.5,9.4,.278,.444,.350,0.794,0.166,.254,.426,.350,.331,.329,.172,90,16.1,25,6.9,39.7,79.616194828,22.6,46.3,36.2,28.4,44,29.3,18.1
"Winn, Cole",668390,R,2026,215,54,36,8,3,7,49,16,22.8,7.4,.277,.456,.333,0.789,0.179,.274,.442,.342,.337,.330,.168,88.2,11.9,34.2,6.8,43.6,75.571779863,27.7,53.6,40.3,23.5,38.3,28.9,27.5
"Ryan, Joe",657746,R,2026,588,133,81,29,2,21,151,30,25.7,5.1,.245,.422,.294,0.716,0.177,.229,.398,.312,.298,.282,.168,89.4,18.4,35.3,10.1,40.6,78.465150152,25.8,50,47.1,24.2,36.8,29.7,23.4
"Rock, Joe",697812,L,2026,56,12,11,1,0,0,12,13,21.4,23.2,.293,.317,.482,0.799,0.024,.270,.402,.386,.401,.466,.132,94.1,17.7,37.9,3.4,55.2,86.07098,27,42.2,24.1,24.1,27.6,31,31
"Espino, Daniel",682982,R,2026,59,12,8,1,0,3,22,7,37.3,11.9,.231,.423,.322,0.745,0.192,.202,.352,.329,.291,.297,.150,85,15.3,30,13.3,36.7,71.670536667,37.8,49,60,13.3,40,36.7,23.3
"Holderman, Colin",670059,R,2026,222,35,27,6,1,1,50,20,22.5,9,.185,.243,.294,0.537,0.058,.219,.341,.254,.303,.323,.122,87.5,7.8,23.9,7.8,44.4,74.337009714,27,44.3,28.9,25.4,55.6,22.5,16.2
"Edwards Jr., Carl",605218,R,2026,25,3,2,0,0,1,11,4,44,16,.143,.286,.280,0.566,0.143,.159,.250,.265,.258,.293,.092,93.6,15.9,40,10,40,87.795498,51.2,43.4,50,30,40,40,20
"Joyce, Ben",690829,R,2026,61,8,6,1,0,1,18,9,29.5,14.8,.157,.235,.295,0.530,0.078,.206,.335,.249,.301,.325,.129,85.6,18.4,36.4,9.1,30.3,74.172056471,31.5,41.7,33.3,21.2,27.3,36.4,24.2
"McCambley, Zach",685112,R,2026,47,11,8,2,0,1,10,6,21.3,12.8,.275,.400,.383,0.783,0.125,.284,.432,.346,.359,.377,.148,90.7,4.5,30,6.7,50,80.986042,27.8,47.4,40,6.7,50,26.7,23.3
"Hancock, Emerson",676106,R,2026,566,126,83,23,0,20,126,32,22.3,5.7,.240,.399,.292,0.691,0.159,.242,.410,.302,.308,.294,.168,89.7,13.5,30.9,8.8,41.6,78.990173166,23.7,51.9,36.2,24.7,43.9,28.9,20
"Hughes, Gabriel",687312,R,2026,283,68,44,14,3,7,56,24,19.8,8.5,.271,.434,.338,0.772,0.163,.242,.380,.337,.305,.311,.139,87.5,13.7,37.5,6,32,77.294053571,20.7,47.9,41.5,23,41.5,26.5,27.5
"Lange, Alex",656638,R,2026,263,60,37,11,2,10,59,30,22.4,11.4,.265,.465,.365,0.830,0.200,.248,.423,.364,.342,.350,.174,90.6,9.5,35.7,12.5,42.9,80.293956429,27.8,47.1,49.4,16.7,45.8,26.2,25.6
"Bradish, Kyle",680694,R,2026,669,156,101,30,5,20,142,70,21.2,10.5,.264,.433,.342,0.775,0.169,.245,.403,.340,.324,.327,.158,88.4,10.8,33.3,8.5,38.8,77.138643408,23.6,45.6,33.9,27.3,46,24.2,22.7
"Graceffo, Gordon",700669,R,2026,314,50,31,14,0,5,59,35,18.8,11.1,.187,.295,.282,0.577,0.108,.242,.406,.259,.325,.327,.164,90.6,10.2,33.8,8.3,43.5,80.609547383,21,45.7,39.8,21.3,48.6,26.9,20.8
"Cameron, Noah",702070,L,2026,718,153,95,36,3,19,155,54,21.6,7.5,.235,.387,.297,0.684,0.152,.244,.403,.300,.310,.305,.158,88.8,15.3,36.9,8.2,37.7,77.870990607,26.3,48.5,44.4,23.2,40.3,27.6,25.6
"Suarez, Robert",663158,R,2026,125,22,19,1,1,1,26,6,20.8,4.8,.188,.239,.226,0.465,0.051,.250,.351,.210,.280,.286,.101,84.7,9.5,32.6,3.3,32.6,72.036602889,23.6,53.9,34.8,31.5,46.7,26.1,19.6
"Bruihl, Justin",677865,L,2026,337,74,52,18,0,4,53,28,15.7,8.3,.256,.360,.337,0.697,0.104,.258,.381,.310,.323,.340,.123,86.8,9.8,31.4,5.7,35.1,74.926606303,18.1,45.6,36.7,25.7,50.6,19.6,23.3
"Bowden, Ben",641386,L,2026,8,2,1,1,0,0,0,2,0,25,.400,.600,.625,1.225,0.200,.387,.632,.535,.539,.617,.245,88.6,25.9,40,20,40,78.30372,14.3,35,40,20,20,40,20
"Hoffman, Nolan",676510,R,2026,56,14,13,1,0,0,10,4,17.9,7.1,.298,.319,.364,0.683,0.021,.289,.355,.311,.322,.360,.067,83.3,8.3,27.5,0,32.5,70.2137705,21.7,47.2,30,30,50,12.5,32.5
"Adams, Blake",687060,R,2026,9,5,3,1,0,1,0,2,0,22.2,.714,1.286,.778,2.064,0.572,.535,1.109,.820,.698,.638,.574,93.7,17,57.1,28.6,57.1,84.48505,17.6,45.9,42.9,14.3,14.3,42.9,42.9
"Agnos, Zach",688642,R,2026,407,102,61,28,3,10,58,35,14.3,8.6,.285,.464,.350,0.814,0.179,.281,.460,.351,.349,.345,.179,89,14.4,38.5,8.8,41.4,77.914029085,21.1,50.1,39.2,20.4,38.5,31.4,26.2
"Gaddis, Hunter",683769,R,2026,248,51,39,6,0,6,56,21,22.6,8.5,.232,.341,.304,0.645,0.109,.243,.370,.289,.304,.314,.127,85.7,19.6,33.9,7.2,29.3,75.271397317,30.5,51.6,44.6,22,36.9,29.8,23.2
"Perkins, Jack",678022,R,2026,519,120,76,22,2,20,131,48,25.2,9.2,.263,.451,.344,0.795,0.188,.234,.385,.347,.309,.313,.151,88.5,14.1,35.2,8.5,36.9,78.261297791,26.4,48,34.8,27,37.9,32.1,24.2
"Wheeler, Zack",554430,R,2026,622,118,75,22,1,20,188,47,30.2,7.6,.208,.356,.272,0.628,0.148,.203,.322,.278,.265,.269,.119,86.5,14.1,33.9,6,35,74.324174031,31.4,50,39.2,25.8,43.6,24.5,23
"Gastelum, Luis",703725,R,2026,147,33,19,7,1,6,42,11,28.6,7.5,.248,.451,.313,0.764,0.203,.243,.446,.332,.327,.310,.203,87,10.2,38,9.8,31.5,75.895974565,35.9,47.7,39.1,26.1,41.3,22.8,26.1
"Fleming, Josh",676596,L,2026,18,6,5,0,0,1,1,2,5.6,11.1,.429,.643,.500,1.143,0.214,.360,.632,.479,.470,.459,.272,92.4,8.9,14.3,7.1,64.3,81.500634286,13.5,48.1,42.9,7.1,64.3,28.6,7.1
"Bachman, Sam",696147,R,2026,210,38,23,8,0,7,47,28,22.4,13.3,.212,.374,.329,0.703,0.162,.221,.339,.316,.308,.334,.118,86,7.1,30.3,8.5,32.6,73.762470156,33.1,43.9,47.7,22,50,20.5,24.2
"Franco, Jose",683742,R,2026,92,19,10,5,1,3,15,15,16.3,16.3,.250,.461,.370,0.831,0.211,.236,.392,.363,.347,.367,.156,88,19.7,30.6,10,33.9,77.378844333,20.6,44.5,41.9,29,33.9,33.9,22.6
"Rojas, Kendry",696070,L,2026,130,23,16,5,0,2,34,22,26.2,16.9,.221,.327,.362,0.689,0.106,.179,.282,.321,.288,.328,.103,85.6,14,34.2,6.8,31.5,72.879891429,28.1,43.8,28.8,35.6,43.8,28.8,16.4
"Maton, Phil",664208,R,2026,136,34,23,4,2,5,31,16,22.8,11.8,.306,.514,.407,0.921,0.208,.293,.487,.398,.389,.402,.194,88.7,10,44,11.9,42.9,76.768353415,25.7,47.1,36.9,33.3,41.7,19,35.7
"Morales, Luis",806960,R,2026,90,27,14,6,0,7,13,14,14.4,15.6,.365,.730,.467,1.197,0.365,.303,.522,.499,.407,.416,.219,88.5,14.5,38.7,11.3,40.3,77.223118065,18.5,43.6,46.8,17.7,38.7,21,27.4
"Márquez, Germán",608566,R,2026,236,55,30,11,0,14,37,24,15.7,10.2,.264,.519,.343,0.862,0.255,.266,.484,.371,.362,.347,.218,89,16.6,33.5,9.8,43.9,77.59810907,19,47.5,41.6,25.4,38.7,33.5,20.2
"Herz, DJ",687792,L,2026,19,5,1,3,0,1,4,2,21.1,10.5,.294,.647,.368,1.015,0.353,.293,.630,.427,.422,.367,.337,86.9,23.2,46.2,23.1,46.2,74.465614286,27.6,46,46.2,46.2,23.1,30.8,30.8
"Irvin, Jake",663623,R,2026,446,93,58,17,0,18,104,46,23.3,10.3,.240,.424,.332,0.756,0.184,.247,.446,.333,.346,.340,.199,89.3,17.2,34.1,10.8,44.6,77.591818042,23.8,46.5,39.4,26.5,38,29.6,22.6
"Akin, Keegan",669211,L,2026,114,29,21,3,2,3,17,9,14.9,7.9,.284,.441,.336,0.777,0.157,.246,.371,.337,.298,.304,.125,85.4,22.5,34.1,5.8,28.4,73.826650238,19.3,49.2,34.1,27.3,35.2,35.2,20.5
"Nunez, Anthony",689296,R,2026,249,43,28,8,2,5,66,26,26.5,10.4,.200,.326,.297,0.623,0.126,.222,.362,.279,.300,.310,.140,87.8,13,39.2,5.9,40.5,76.034687867,33.1,48.1,39.2,26.1,42.5,24.2,25.5
"Lucchesi, Joey",664192,L,2026,24,7,5,1,0,1,4,6,16.7,25,.412,.647,.583,1.230,0.235,.286,.491,.528,.430,.473,.205,95.2,3.5,30.8,15.4,69.2,89.04257,17.1,36.9,30.8,30.8,69.2,15.4,15.4
"Saucedo, Tayler",642048,L,2026,86,15,12,2,0,1,25,7,29.1,8.1,.203,.270,.294,0.564,0.067,.180,.292,.263,.259,.275,.113,86.7,14.6,29.4,5.9,29.4,74.5497168,36.4,47.9,41.2,19.6,39.2,29.4,21.6
"Raley, Brooks",548384,L,2026,220,45,27,11,1,6,51,20,23.2,9.1,.234,.396,.312,0.708,0.162,.233,.373,.310,.306,.312,.139,87.4,17.1,39,6.8,32.2,76.008191429,23.8,46.6,36.3,21.2,36.3,24,29.5
"Fisher, Braydon",680755,R,2026,305,52,36,7,1,8,73,42,23.9,13.8,.206,.337,.322,0.659,0.131,.225,.363,.294,.317,.332,.137,88,11.9,32.1,9.6,39.6,76.647092088,28.3,43.7,51.9,12.8,44.4,25.1,22.5
"Burns, Chase",695505,R,2026,630,124,80,24,3,17,185,56,29.4,8.9,.218,.360,.288,0.648,0.142,.207,.347,.288,.279,.280,.140,89.6,18.8,34.4,8.2,38.2,79.91015266,32,48.9,39.8,25.1,38,28.9,23.5
"Springs, Jeffrey",605488,L,2026,630,152,87,24,6,35,112,57,17.8,9,.270,.521,.340,0.861,0.251,.253,.451,.369,.339,.327,.197,87.6,16.8,36.2,9.5,34.9,76.270514598,22.9,46.4,37.9,23.2,34.6,33.1,25.9
"Peralta, Freddy",642547,R,2026,708,157,97,35,2,23,152,60,21.5,8.5,.248,.419,.320,0.739,0.171,.234,.373,.325,.302,.308,.139,87.5,16.9,35.7,5.9,37.5,76.201985228,26.2,47.7,38.1,25.6,39.5,28.5,24.2
"Poulin, PJ",676571,L,2026,153,27,16,7,0,4,25,21,16.3,13.7,.206,.351,.320,0.671,0.145,.256,.441,.302,.353,.360,.185,91.3,13.5,29.2,9.6,44.3,81.487914808,16.9,40,41.5,25.5,47.2,28.3,17
"Santos, Winston",692437,R,2026,9,2,1,0,0,1,1,1,11.1,11.1,.250,.625,.333,0.958,0.375,.285,.545,.404,.387,.365,.260,82.6,31.2,57.1,14.3,14.3,77.2217375,15.4,39.4,42.9,42.9,14.3,28.6,42.9
"Skubal, Tarik",669373,L,2026,597,123,81,25,3,14,176,27,29.5,4.5,.220,.351,.262,0.613,0.131,.230,.345,.270,.271,.272,.114,87.2,11.9,34.7,6.9,35.5,75.444488579,31.1,53.3,38,22.6,45.2,24.4,23.9
"Hudson, Bryan",663542,L,2026,274,66,54,7,0,5,59,17,21.5,6.2,.273,.364,.323,0.687,0.091,.234,.331,.302,.275,.287,.097,87.9,12.3,29,4.1,37.8,77.26025383,23.4,48.1,38.3,28.5,47.7,25.4,22.3
"Montgomery, Jordan",656756,L,2026,91,18,12,3,0,3,16,6,17.6,6.6,.214,.357,.275,0.632,0.143,.234,.370,.276,.289,.285,.136,86.1,2.6,26.5,7.4,33.8,73.787497647,21.3,47.3,42.6,22.1,60.3,22.1,13.2
"Rom, Drew",680723,L,2026,72,17,8,8,0,1,17,7,23.6,9.7,.270,.444,.338,0.782,0.174,.260,.426,.335,.335,.328,.166,95,17.1,45.8,10.4,52.1,87.121582083,22.5,42.4,33.3,29.2,31.3,29.2,37.5
"Mushinski, Parker",656786,L,2026,34,9,7,2,0,0,0,5,0,14.7,.310,.379,.412,0.791,0.069,.325,.459,.360,.390,.424,.134,90.1,17.4,41.4,3.4,37.9,82.107151333,12.1,41.7,41.4,31,34.5,27.6,31
"Henderson, Logan",701656,R,2026,371,64,35,14,1,14,110,19,29.6,5.1,.183,.349,.227,0.576,0.166,.201,.342,.252,.257,.244,.140,88.3,21.4,32.4,8.3,36.9,77.233269412,26.5,53.2,41.5,25.7,32,30.7,25.3
"Gore, MacKenzie",669022,L,2026,741,159,97,40,3,19,174,70,23.5,9.4,.242,.398,.319,0.717,0.156,.243,.384,.316,.311,.319,.142,89.1,15.3,33.9,8.6,41,77.596668471,25.2,48.9,38,24.3,40.4,26.5,26.3
"Johnson, Seth",686751,R,2026,146,35,20,11,0,4,37,18,25.3,12.3,.278,.460,.377,0.837,0.182,.247,.403,.369,.336,.350,.156,89.2,13,42.7,12.4,43.8,78.608453864,27.6,46.3,44.9,22.5,37.1,21.3,33.7
"King, Michael",650633,R,2026,757,148,106,20,2,20,159,70,21,9.2,.221,.346,.306,0.652,0.125,.240,.403,.295,.322,.325,.162,87,14.1,33.7,8.2,32.7,75.924543175,24.5,46.5,39.7,22.4,45.1,26.5,20.8
"Treinen, Blake",595014,R,2026,130,29,17,7,2,3,31,13,23.8,10,.254,.430,.333,0.763,0.176,.261,.465,.328,.343,.329,.204,88.4,13.4,35.3,10.7,41.2,75.82214875,24.9,48,36.5,29.4,47.1,29.4,18.8
"Karinchak, James",675916,R,2026,37,4,2,1,0,1,8,5,21.6,13.5,.129,.258,.243,0.501,0.129,.158,.299,.232,.268,.276,.141,88.4,22.1,20.8,8.3,33.3,78.546704167,26.6,39.5,33.3,37.5,29.2,37.5,16.7
"Jansen, Kenley",445276,R,2026,177,24,15,2,0,7,49,23,27.7,13,.159,.311,.271,0.582,0.152,.196,.369,.263,.297,.299,.173,89.1,28.6,32.7,9.6,37.5,78.891191765,26.4,49,34.6,30.8,24,39.4,20.2
"Brubaker, JT",664141,R,2026,250,49,34,8,2,5,39,26,15.6,10.4,.225,.349,.308,0.657,0.124,.274,.427,.294,.341,.352,.153,88.1,13.3,36.1,5.5,36.1,77.08366011,20.9,45,42.1,16.4,41.5,25.7,27.9
"Cease, Dylan",656302,R,2026,685,108,76,21,0,11,239,78,34.9,11.4,.180,.270,.276,0.546,0.090,.192,.291,.253,.265,.288,.099,85.5,13.5,34.5,5.5,31.5,72.909152099,33.3,45.8,42.7,23.8,42.5,23,23.6
"Thornton, Zac",804267,L,2026,318,74,50,11,0,13,59,17,18.6,5.3,.250,.419,.297,0.716,0.169,.266,.450,.313,.329,.312,.184,89,15.1,36.4,9.6,41.4,77.742065169,18.5,52,37.2,20.5,38.9,30.5,24.7
"Cruz, Fernando",518585,R,2026,234,41,23,11,0,7,67,32,28.6,13.7,.207,.369,.321,0.690,0.162,.185,.324,.307,.281,.296,.139,86.7,21.6,29.3,9,27.1,76.176082879,39.1,43.6,42.9,21.1,32.3,36.1,18
"Bido, Osvaldo",674370,R,2026,81,15,9,3,0,3,11,10,13.6,12.3,.224,.403,.358,0.761,0.179,.273,.449,.344,.377,.398,.176,88.5,18.7,37.5,8.9,41.1,76.63963,23.4,45.7,39.3,25,32.1,32.1,28.6
"Hernández, Jonathan",642546,R,2026,109,21,13,4,0,4,22,13,20.2,11.9,.219,.385,.312,0.697,0.166,.255,.389,.304,.321,.332,.134,88.4,14.8,27,5.5,40.5,77.904588919,19.9,43.8,39.2,25.7,40.5,31.1,24.3
"Roycroft, Chris",688297,R,2026,175,48,35,4,0,9,25,17,14.3,9.7,.314,.516,.391,0.907,0.202,.289,.465,.393,.363,.366,.176,90.4,3.1,26.9,9.3,43.1,79.682187778,16.6,47.7,30,23.8,59.2,16.9,20
"Davitt, Duncan",701474,R,2026,25,5,1,2,0,2,3,2,12,8,.217,.565,.280,0.845,0.348,.317,.497,.356,.376,.371,.180,89.3,8.3,45,10,50,77.7716,20,45.5,55,15,45,20,30
"Gausman, Kevin",592332,R,2026,750,179,123,27,3,26,184,47,24.5,6.3,.259,.420,.305,0.725,0.161,.250,.410,.316,.309,.298,.160,88.9,14.3,34.2,7.7,40,77.158105906,27.7,50.2,38.8,23.9,41.7,23.9,25.9
"Verlander, Justin",434378,R,2026,19,6,3,1,1,1,1,2,5.3,10.5,.353,.706,.421,1.127,0.353,.365,.690,.472,.474,.432,.325,93.5,21.6,31.3,12.5,56.3,83.20234125,15.4,48.8,56.3,18.8,18.8,37.5,37.5
"Woodford, Jake",663765,R,2026,126,40,30,4,2,4,23,7,18.3,5.6,.348,.522,.376,0.898,0.174,.333,.484,.384,.369,.368,.151,91.4,13.8,45.8,8.3,49,82.425733333,19.5,46,27.1,24,38.5,26,31.3
"Cosgrove, Tom",676680,L,2026,74,18,9,4,2,3,14,6,18.9,8.1,.290,.565,.351,0.916,0.275,.249,.410,.379,.320,.322,.161,87,19.2,32.7,9.6,38.5,74.838292692,16.8,51.1,40.4,30.8,32.7,36.5,23.1
"Dreyer, Jack",676263,L,2026,254,46,31,8,0,7,71,23,28,9.1,.204,.332,.283,0.615,0.128,.226,.363,.270,.290,.292,.137,89.4,12.6,25.3,7.1,41.8,77.8557775,28.3,48.5,34.8,23.4,48.1,25.9,18.4
"Marte, Yunior",805074,R,2026,83,18,9,5,1,3,11,9,13.3,10.8,.243,.459,.325,0.784,0.216,.251,.435,.342,.336,.333,.184,88.4,14.4,30.2,11.1,41.3,75.774114839,18.6,44.9,50.8,19,39.7,28.6,23.8
"Kent, Jackson",800600,L,2026,170,40,27,10,1,2,30,25,17.6,14.7,.276,.400,.382,0.782,0.124,.274,.409,.352,.353,.381,.136,87.7,9.8,35.7,6.1,40,75.991521579,23.8,45.3,43.5,20.9,49.6,20,25.2
"Littell, Zack",641793,R,2026,540,136,83,22,1,30,73,39,13.5,7.2,.278,.511,.330,0.841,0.233,.299,.539,.360,.384,.353,.241,91.7,18.6,37.2,11.3,43.8,82.445197251,16.2,50.1,39.3,23.3,35.1,33.9,23.5
"Sandlin, David",689818,R,2026,145,31,20,3,2,6,33,13,22.8,9,.237,.427,.310,0.737,0.190,.238,.390,.323,.310,.311,.153,86.9,8.7,36.7,8.2,33.7,75.794493061,24.6,44.8,41.8,23.5,46.9,24.5,25.5
"Bender, Anthony",669622,R,2026,140,21,16,4,0,1,41,12,29.3,8.6,.169,.226,.257,0.483,0.057,.194,.283,.225,.253,.273,.090,88.4,12.2,28.6,7.1,33.3,78.737444286,24,40.3,40.5,21.4,44,32.1,20.2
"Latz, Jacob",656641,L,2026,268,35,15,14,0,6,80,23,29.9,8.6,.145,.277,.217,0.494,0.132,.191,.336,.210,.256,.241,.145,89.2,20,28.5,8.5,41.2,78.97146963,31.5,52.7,41.8,24.2,37,30.3,19.4
"Wilson, Bryse",669060,R,2026,145,41,34,2,2,3,30,3,20.7,2.1,.293,.400,.317,0.717,0.107,.277,.393,.315,.303,.302,.116,91.6,14.3,37.3,2.8,46.4,82.446536296,18.1,53.8,36.4,30,39.1,24.5,30
"Granillo, Andre",701552,R,2026,50,13,9,2,0,2,3,8,6,16,.333,.538,.449,0.987,0.205,.295,.440,.428,.394,.426,.146,91,21.3,36.8,13.2,39.5,82.122428889,9.5,37.4,42.1,15.8,34.2,36.8,23.7
"Gonzalez, Domingo",682445,R,2026,36,9,6,2,0,1,5,5,13.9,13.9,.300,.467,.400,0.867,0.167,.355,.618,.383,.453,.448,.262,92.9,19,48,12,52,83.6009,19.7,47.3,48,8,24,32,36
"Finnegan, Kyle",640448,R,2026,270,67,46,10,1,10,47,34,17.4,12.6,.289,.470,.381,0.851,0.181,.272,.461,.374,.362,.366,.189,90.1,10.6,32.4,9.6,44.7,79.276730753,25.2,47.5,40.4,20.7,46.3,25,23.4
"Lawrence, Justin",664875,R,2026,177,39,19,10,1,9,43,28,24.3,15.8,.275,.549,.412,0.961,0.274,.267,.455,.414,.380,.403,.188,90,12.4,40,10,43,79.0759212,26.3,40.6,44,23,43,25,26
"Megill, Trevor",656730,R,2026,238,39,29,9,0,1,68,15,28.6,6.3,.180,.235,.233,0.468,0.055,.199,.331,.207,.251,.242,.132,90.3,18.6,28.6,6.5,40.9,81.056393467,30.9,53.7,31.2,31.8,35.7,31.2,22.7
"Olds, Wyatt",681544,R,2026,64,11,7,2,0,2,20,7,31.3,10.9,.196,.339,.297,0.636,0.143,.188,.332,.289,.282,.290,.144,90.4,18.8,33.3,8.3,30.6,82.226876111,32.8,50.4,33.3,11.1,41.7,30.6,16.7
"Skenes, Paul",694973,R,2026,689,143,89,33,2,19,192,47,27.9,6.8,.230,.381,.293,0.674,0.151,.217,.347,.298,.280,.283,.130,87.9,16.4,35.6,7.1,37.9,76.44052713,28.1,51.1,37,28.1,41.8,22.1,25.6
"Alvarez, Andrew",674841,L,2026,450,88,60,20,3,5,107,48,23.8,10.7,.222,.326,.310,0.636,0.104,.242,.364,.288,.310,.329,.121,89.1,8.7,32.5,5.5,39.7,77.906445724,26.2,44.1,45.2,20.9,49.7,18.5,26.4
"Urquidy, José",664353,R,2026,150,42,28,10,0,4,27,7,18,4.7,.300,.457,.340,0.797,0.157,.242,.350,.347,.285,.289,.108,87.4,16.1,35.1,6.2,35.1,76.45648614,22.2,51.7,46.5,19.3,39.5,26.3,26.3
"Kimbrel, Craig",518886,R,2026,196,40,26,9,1,4,40,22,20.4,11.2,.238,.375,.333,0.708,0.137,.244,.374,.313,.316,.333,.130,89.8,19.2,31.3,5.3,36.6,80.940396,23.1,47.9,39.7,23.7,33.6,33.6,25.2
"Eovaldi, Nathan",543135,R,2026,595,138,89,23,2,24,141,33,23.7,5.5,.253,.434,.305,0.739,0.181,.253,.424,.322,.319,.307,.171,88.6,10.7,30.7,8.5,41.5,76.853072878,29.7,51.9,45.9,16.8,48,25.1,21.5
"Scott, Tanner",656945,L,2026,244,47,29,14,0,4,78,15,32,6.1,.209,.324,.260,0.584,0.115,.235,.346,.252,.272,.273,.111,88.5,15.7,34.7,6.7,34,78.164253649,35,56.1,36,34.7,40.7,28.7,23.3
"Morgan, Eli",669212,R,2026,91,24,16,3,0,5,16,9,17.6,9.9,.300,.525,.385,0.910,0.225,.324,.512,.396,.399,.406,.188,88.9,19.6,39.1,6.3,42.2,78.5977775,24.1,46.6,48.4,9.4,32.8,20.3,35.9
"Lynch IV, Daniel",663738,L,2026,334,66,38,18,1,9,54,26,16.2,7.8,.219,.374,.288,0.662,0.155,.259,.422,.293,.327,.325,.162,89.2,12.5,31.2,6.8,38.4,78.925601057,22.5,46.6,42.8,19.2,48.4,24,20.8
"Morris, Kade",695034,R,2026,89,30,21,3,1,5,10,7,11.2,7.9,.390,.649,.449,1.098,0.259,.289,.417,.465,.359,.373,.129,88.6,9,30.4,5.8,44.9,76.632902647,18.2,49.4,44.9,30.4,52.2,20.3,23.2
"Walker, Taijuan",592836,R,2026,115,36,22,5,1,8,17,11,14.8,9.6,.353,.657,.417,1.074,0.304,.312,.582,.455,.411,.383,.270,87.5,13.4,37.2,12.9,36,76.121606047,16.8,45,24.4,27.9,39.5,33.7,22.1
"Garcia, Rico",670329,R,2026,265,43,24,10,0,9,68,22,25.7,8.3,.180,.335,.255,0.590,0.155,.204,.327,.258,.265,.268,.123,86.9,17.9,24.9,5.2,34.1,75.445666471,31.9,49,39.3,29.5,42.2,25.4,19.7
"Leibrandt, Brandon",605335,L,2026,30,10,6,2,0,2,3,3,10,10,.385,.692,.433,1.125,0.307,.323,.694,.461,.437,.365,.371,88.1,25.3,45.8,18.2,29.2,77.498041818,23.4,47.5,33.3,20.8,33.3,33.3,25
"Houser, Adrian",605288,R,2026,470,109,66,26,2,15,75,34,16,7.2,.257,.434,.315,0.749,0.177,.268,.453,.326,.339,.328,.185,89.7,11.4,33.9,8.7,42,78.578432057,18.1,46.3,38.4,25.8,44.8,24.4,24.4
"Cole, Gerrit",543037,R,2026,519,115,69,22,2,22,131,25,25.2,4.8,.235,.422,.275,0.697,0.187,.248,.401,.302,.300,.288,.152,90.8,19.7,36.2,9,44.6,81.410383164,21.3,49.2,39.3,26.2,34.3,27,28.1
"Bennett, Jake",687562,L,2026,441,101,72,17,0,12,90,20,20.4,4.5,.246,.376,.284,0.660,0.130,.233,.384,.287,.286,.270,.151,88.6,12.8,32.3,8.2,38.4,77.106105472,24.1,54,38.4,26.5,44.2,27.4,20.4
"Cornelio, Riley",683000,R,2026,153,25,18,5,0,2,38,28,24.8,18.3,.208,.300,.349,0.649,0.092,.200,.311,.300,.310,.343,.111,88,20,33.3,8,44.8,76.548494186,34.8,47.4,36.8,28.7,40.2,32.2,17.2
"Manoah, Alek",666201,R,2026,39,8,3,3,1,1,5,8,12.8,20.5,.258,.516,.410,0.926,0.258,.228,.473,.402,.379,.386,.245,87.1,15.2,34.6,11.5,34.6,74.836750769,19.7,37.9,50,19.2,34.6,30.8,23.1
"Smith, Shane",681343,R,2026,49,12,7,4,0,1,11,9,22.4,18.4,.316,.500,.458,0.958,0.184,.246,.293,.424,.333,.403,.048,82.2,14.2,29.6,0,33.3,66.787195714,26,42.7,33.3,29.6,44.4,22.2,29.6
"Brzykcy, Zach",694350,R,2026,12,3,2,1,0,0,2,2,16.7,16.7,.300,.400,.417,0.817,0.100,.244,.276,.370,.304,.370,.032,91.6,1.3,12.5,0,37.5,84.1722025,16.7,37.5,75,12.5,75,12.5,12.5
"Seelinger, Matt",676910,R,2026,15,5,1,3,0,1,2,4,13.3,26.7,.455,1.000,.600,1.600,0.545,.226,.495,.635,.409,.432,.270,91.1,16.1,33.3,22.2,44.4,83.32846,29.2,46.2,33.3,11.1,33.3,44.4,22.2
"Baumler, Carter",691945,R,2026,27,4,2,1,0,1,6,6,22.2,22.2,.200,.400,.407,0.807,0.200,.206,.353,.371,.359,.412,.148,91.8,20.9,35.7,7.1,50,82.485275714,30,42.7,57.1,35.7,28.6,42.9,21.4
"Sproat, Brandon",687075,R,2026,422,88,54,17,0,17,101,52,23.9,12.3,.246,.436,.357,0.793,0.190,.245,.407,.352,.341,.357,.163,90,13.1,34.7,8.6,42.7,79.511800551,25,45.6,37.5,25.5,43.2,27.8,23.2
"Corbin, Patrick",571578,L,2026,360,98,65,21,0,12,63,25,17.5,6.9,.302,.477,.359,0.836,0.175,.289,.463,.364,.356,.352,.173,88.4,13.8,38.3,7.5,42.1,76.479630152,21.1,47.3,42.1,19.5,39.5,24.1,29.7
"Lonsway, Seth",675920,L,2026,11,5,5,0,0,0,2,0,18.2,0,.455,.455,.455,0.910,0.000,.222,.240,.405,.201,.222,.018,93,0.8,11.1,0,44.4,85.4737575,20,45.5,77.8,11.1,77.8,11.1,11.1
"Leiter Jr., Mark",643410,R,2026,144,33,26,5,0,2,38,11,26.4,7.6,.258,.344,.333,0.677,0.086,.269,.365,.304,.316,.339,.096,86.8,14.4,37.4,3.3,31.9,76.022925652,30.3,46.1,45.1,13.2,42.9,24.2,27.5
"Rodriguez, Carlos",692230,R,2026,42,10,7,2,0,1,8,4,19,9.5,.263,.395,.333,0.728,0.132,.228,.327,.324,.282,.302,.098,83.5,23.2,33.3,3.3,16.7,72.742499333,26.4,50,50,23.3,23.3,36.7,30
"Minter, A.J.",621345,L,2026,182,39,24,5,2,8,41,8,22.5,4.4,.227,.419,.265,0.684,0.192,.241,.420,.294,.300,.275,.179,87.2,18.3,30.3,9.8,37.1,75.951170154,23.8,52.2,37.9,20.5,38.6,31.8,18.2
"Ferguson, Caleb",657571,L,2026,150,37,24,7,1,5,31,19,20.7,12.7,.287,.473,.376,0.849,0.186,.253,.421,.367,.334,.339,.168,88.5,8.3,35.4,7.1,38.4,76.934017959,19.7,45.9,38.4,26.3,50.5,22.2,22.2
"Liberatore, Matthew",669461,L,2026,674,173,116,28,1,28,154,55,22.8,8.2,.285,.473,.346,0.819,0.188,.266,.455,.356,.341,.330,.189,90.2,16.1,40.2,9.3,42.4,79.668559167,23.9,46.2,43.3,25.2,38,28.7,25.9
"Kahnle, Tommy",592454,R,2026,43,12,6,4,0,2,5,6,11.6,14,.324,.595,.419,1.014,0.271,.285,.489,.434,.381,.385,.204,93.1,17.1,31.3,15.6,56.3,83.671368125,17.4,51.2,43.8,15.6,40.6,18.8,25
"Payamps, Joel",606303,R,2026,36,9,4,2,1,2,9,4,25,11.1,.281,.594,.361,0.955,0.313,.252,.548,.405,.377,.335,.296,92.5,19.3,52.2,17.4,39.1,85.2484475,22.9,46.4,52.2,13,21.7,52.2,26.1
"Krook, Matt",640454,L,2026,46,9,6,0,1,2,9,10,19.6,21.7,.265,.500,.457,0.957,0.235,.293,.448,.423,.411,.466,.155,87.5,9.8,44,4,36,75.624163077,25.7,41.3,48,12,48,12,32
"López, Reynaldo",625643,R,2026,346,80,51,17,1,11,73,34,21.1,9.8,.261,.430,.334,0.764,0.169,.262,.428,.336,.335,.336,.166,87.6,15,39.2,7.2,35.9,76.056520684,22.3,45.5,35.9,27.8,38,26.2,28.3
"Kilian, Caleb",668873,R,2026,209,43,34,2,1,6,56,22,26.8,10.5,.238,.359,.322,0.681,0.121,.216,.360,.302,.292,.297,.144,87.8,12,30.2,8.6,34.9,77.059416935,27.9,48.7,35.7,26.4,48.8,27.1,17.1
"Petty, Chase",695534,R,2026,139,31,18,7,0,6,15,9,10.8,6.5,.248,.448,.309,0.757,0.200,.278,.470,.328,.361,.348,.191,88.5,15.8,35.7,9.1,37.5,77.668980909,19.6,48.2,36.6,28.6,38.4,30.4,25
"Espada, Jose",664744,R,2026,4,2,2,0,0,0,0,0,0,0,.500,.500,.500,1.000,0.000,.364,.412,.445,.340,.364,.048,95.4,12.2,0,0,50,87.53446,14.3,46.7,75,25,50,25,25
"Brito, Jhony",666745,R,2026,35,7,4,1,0,2,6,1,17.1,2.9,.206,.412,.229,0.641,0.206,.225,.419,.275,.285,.247,.194,88.1,15.5,25,10.7,32.1,78.596454286,27.8,58.5,42.9,14.3,42.9,39.3,10.7
"Paez, Jedixson",699151,R,2026,39,14,7,3,0,4,3,5,7.7,12.8,.438,.906,.487,1.393,0.468,.384,.812,.557,.505,.444,.429,92.7,10.8,38.7,22.6,51.6,83.4900275,18.1,47.4,45.2,19.4,41.9,41.9,12.9
"Thompson, Ryan",657044,R,2026,186,51,35,13,0,3,29,13,15.6,7,.304,.435,.362,0.797,0.131,.275,.381,.346,.311,.325,.106,88.3,7.5,33.3,4.3,34,77.181734783,19.2,48.6,43.3,15.6,51.8,14.9,24.8
"Drohan, Shane",675660,L,2026,510,118,76,26,2,14,121,42,23.7,8.2,.258,.415,.324,0.739,0.157,.232,.378,.325,.302,.303,.147,88.6,13.8,36,8.8,38.3,77.558826287,27.6,48.2,38.6,24.9,41.2,29.5,23.7
"Ritchie, JR",702275,R,2026,300,58,36,8,2,12,66,41,22,13.7,.231,.422,.350,0.772,0.191,.234,.401,.342,.338,.352,.167,89.4,11.7,31,9.6,39.6,79.425927419,23.8,42.1,44.4,24.1,45.5,29.4,20.3
"Imanaga, Shota",684007,L,2026,702,153,95,22,2,34,171,37,24.4,5.3,.233,.428,.281,0.709,0.195,.235,.409,.308,.301,.283,.174,88.4,17.6,34.1,9.7,36.8,77.34827624,29.6,51.7,42.1,25.3,37.8,32.2,21.1
"Kuhnel, Joel",669270,R,2026,195,49,33,9,0,7,26,17,13.3,8.7,.287,.462,.359,0.821,0.175,.303,.461,.357,.369,.375,.159,89,8.7,33.8,6.8,40.5,77.920328082,22.4,46.2,47.3,16.2,50.7,16.9,25.7
"Nicolas, Kyle",693312,R,2026,42,8,6,1,0,1,7,13,16.7,31,.276,.414,.500,0.914,0.138,.272,.444,.422,.434,.509,.172,87.2,27.5,36.4,5,31.8,75.944937,23.7,29.8,40.9,27.3,27.3,31.8,27.3
"Richardson, Lyon",680689,R,2026,16,2,0,0,0,2,4,3,25,18.8,.167,.667,.375,1.042,0.500,.230,.727,.433,.478,.436,.496,88.8,6.1,25,28.6,25,79.06667,32,36.8,62.5,0,62.5,25,0
"Marinaccio, Ron",676760,R,2026,260,61,37,11,2,11,48,27,18.5,10.4,.270,.482,.365,0.847,0.212,.260,.426,.371,.347,.357,.166,88.9,16,34.3,7.9,41,77.869593146,25.3,47.1,45.5,19.7,39.3,26.4,25.8
"Dion, Will",702021,L,2026,193,41,24,9,0,8,53,16,27.5,8.3,.234,.423,.301,0.724,0.189,.214,.361,.316,.284,.282,.147,87.2,16.7,39,7.3,33.3,76.2131615,27.6,50.9,43.9,17.9,36.6,34.1,21.1
"Johnson, Ryan",696270,R,2026,410,89,61,9,1,18,76,39,18.5,9.5,.247,.427,.328,0.755,0.180,.251,.440,.332,.337,.332,.189,87.4,19.7,32.5,9.7,36,75.890247361,23.6,46.5,39.1,25.3,34.9,34.9,21.8
"Sears, Andrew",808825,L,2026,82,20,9,9,0,2,13,7,15.9,8.5,.278,.486,.366,0.852,0.208,.218,.348,.372,.299,.314,.129,89.5,23.9,35.6,5.1,30.5,80.874536207,28.2,46.1,30.5,27.1,27.1,35.6,27.1
"Quintana, Jose",500779,L,2026,199,50,29,11,2,8,22,18,11.1,9,.289,.514,.350,0.864,0.225,.283,.482,.368,.359,.349,.199,88.5,19.1,35.4,9.5,34.2,78.390344487,20.9,47.4,46.2,22.8,34.8,32.9,22.8
"Santana, Dennis",642701,R,2026,232,49,27,13,0,9,48,23,20.7,9.9,.239,.434,.325,0.759,0.195,.245,.412,.331,.324,.324,.167,88.8,18,38.6,8.2,39.9,78.429013165,26,48.6,43.7,22.8,34.2,32.9,24.7
"Ponce, Cody",664074,R,2026,10,1,0,1,0,0,3,1,30,10,.111,.222,.200,0.422,0.111,.177,.277,.196,.243,.259,.100,87.9,6.1,33.3,0,33.3,78.841886667,51.7,61.7,50,33.3,50,16.7,33.3
"Fitzpatrick, Brian",702153,L,2026,30,7,6,1,0,0,5,3,16.7,10,.259,.296,.333,0.629,0.037,.212,.265,.290,.257,.291,.053,80.8,8.7,18.2,4.5,22.7,66.701354545,23.2,51.4,54.5,18.2,50,18.2,22.7
"Ragans, Cole",666142,L,2026,151,27,12,5,0,10,45,23,29.8,15.2,.213,.488,.331,0.819,0.275,.218,.452,.355,.344,.336,.234,89.6,20.2,32.5,15.7,39.8,79.173246585,31.7,45.4,41,25.3,34.9,37.3,19.3
"Miller, Bobby",676272,R,2026,24,4,2,0,1,1,3,2,12.5,8.3,.211,.474,.375,0.849,0.263,.313,.609,.361,.449,.433,.295,92.6,7,31.3,12.5,50,82.8218175,20.5,39,37.5,12.5,50,25,18.8
"Senga, Kodai",673540,R,2026,283,60,33,11,2,14,75,41,26.5,14.5,.253,.494,.371,0.865,0.241,.239,.432,.377,.351,.360,.193,89.9,19.9,43.6,13.5,39.3,79.8433705,29.1,44.4,38,28.2,29.4,34.4,30.1
"Varland, Louis",686973,R,2026,304,55,45,8,0,2,95,23,31.3,7.6,.199,.249,.257,0.506,0.050,.204,.270,.231,.240,.261,.066,87.5,4.1,26.3,3.8,36.6,76.1564,29.1,51.9,25.3,28.5,55.4,18.3,22
"Weiman, Blake",676620,L,2026,74,21,15,3,0,3,15,2,20.3,2.7,.304,.478,.319,0.797,0.174,.233,.388,.333,.271,.236,.155,86.3,16.6,28.1,8.8,31.6,74.832951429,24.3,50.7,35.1,29.8,38.6,29.8,21.1
"Smith-Shawver, AJ",700363,R,2026,131,30,19,6,0,5,24,16,18.3,12.2,.265,.451,.359,0.810,0.186,.233,.379,.356,.319,.333,.146,88.2,16.6,31.1,7.8,36.7,77.194184444,22.7,49.6,38.9,17.8,40,25.6,22.2
"Miller, Erik",669062,L,2026,224,37,28,6,0,3,73,34,32.6,15.2,.204,.287,.342,0.629,0.083,.179,.264,.292,.275,.315,.085,84.5,6.3,30.4,5.5,25.9,71.969338269,34.9,39.9,36.6,25.9,52.7,17.9,22.3
"Legumina, Casey",668984,R,2026,300,71,47,16,1,7,55,19,18.3,6.3,.268,.415,.329,0.744,0.147,.261,.401,.322,.315,.316,.140,87.2,12,36.2,6.4,38.3,75.838370926,20.9,52.1,36.2,28.4,41.7,28.9,24.3
"Adams, Mason",690279,R,2026,124,31,20,3,2,6,31,12,25,9.7,.282,.509,.355,0.864,0.227,.259,.457,.373,.343,.334,.199,92.7,13,41.3,10,56.3,83.619262,22.2,47.2,37.5,17.5,40,28.7,27.5
"Gilbert, Logan",669302,R,2026,737,153,87,36,1,29,197,48,26.7,6.5,.227,.412,.284,0.696,0.185,.232,.390,.303,.297,.288,.157,89.6,16.4,36.5,10.1,41.2,78.925298487,30.4,50.4,42.3,22.3,39.6,28,24.3
"Arrighetti, Spencer",681293,R,2026,492,89,57,14,0,18,106,64,21.5,13,.219,.387,.344,0.731,0.168,.239,.412,.329,.349,.363,.174,86.9,18.2,36.6,9.2,31.4,76.037551325,25.5,42,46.7,18.6,36.6,31.4,23.9
"Díaz, Edwin",621242,R,2026,90,26,18,3,2,3,25,11,27.8,12.2,.347,.560,.444,1.004,0.213,.273,.406,.428,.346,.370,.134,91.2,18.1,45.1,8,49,80.5856316,24.1,45.6,45.1,19.6,31.4,29.4,33.3
"Lord, Brad",695418,R,2026,357,69,49,10,0,10,77,33,21.6,9.2,.222,.350,.311,0.661,0.128,.229,.367,.295,.306,.314,.139,87.7,6,27.3,6.4,37.1,75.878331304,19.7,49.8,35.3,26.9,55.5,20.2,17.6
"McGee, Easton",668834,R,2026,52,17,8,6,0,3,9,5,17.3,9.6,.362,.681,.423,1.104,0.319,.297,.456,.468,.360,.365,.159,90.3,15.4,42.1,10.5,47.4,80.677935789,18.9,57.6,52.6,18.4,34.2,34.2,28.9
"Mills, Wyatt",670090,R,2026,36,5,5,0,0,0,5,9,13.9,25,.208,.208,.457,0.665,0.000,.234,.293,.338,.368,.459,.059,89.7,15.5,25,0,25,81.916543,22.6,41.6,25,20,40,25,25
"Lovelady, Richard",663992,L,2026,165,40,27,9,0,4,30,22,18.2,13.3,.294,.449,.404,0.853,0.155,.281,.410,.372,.352,.379,.130,86.1,10,35.5,5.6,28.2,74.503830769,22.1,45.8,32.7,20.9,45.5,20,28.2
"Murphy, Luke",684665,R,2026,82,19,15,2,1,1,19,10,23.2,12.2,.268,.366,.366,0.732,0.098,.237,.359,.332,.316,.339,.123,86.9,14.3,40.4,3.8,36.5,74.837215385,21.4,45.3,38.5,30.8,38.5,21.2,26.9
"Sims, Lucas",608371,R,2026,46,9,6,2,0,1,10,7,21.7,15.2,.257,.400,.386,0.786,0.143,.220,.356,.353,.331,.363,.137,86.8,12.3,28.6,7.1,39.3,73.754161538,21.6,43.3,53.6,14.3,42.9,25,21.4
"Pérez, Cionel",672335,L,2026,189,46,36,2,1,7,42,17,22.2,9,.267,.413,.333,0.746,0.146,.266,.464,.330,.346,.332,.198,91.6,4.1,26.2,12.4,49.2,80.306040781,24.2,46.5,40,25.4,57.7,19.2,18.5
"Jump, Gage",695611,L,2026,437,104,69,22,1,12,108,46,24.7,10.5,.272,.429,.352,0.781,0.157,.261,.402,.343,.329,.341,.141,89.6,15.5,40.5,6.8,39.8,79.206498333,25.2,48.3,40.1,20.8,39.1,26.2,28.3
"Curry, Xzavion",675540,R,2026,94,22,11,4,0,7,15,9,16,9.6,.262,.560,.340,0.900,0.298,.226,.482,.385,.341,.308,.256,91.1,31.7,26.1,13,42,81.558195429,17.6,45.7,34.8,27.5,26.1,43.5,15.9
"Erceg, Lucas",668674,R,2026,218,54,37,12,0,5,33,29,15.1,13.3,.300,.450,.410,0.860,0.150,.259,.352,.379,.332,.372,.093,86.4,7.8,31.3,4.7,37.3,73.307307162,21.1,47.4,38.7,28,51.3,14.7,24.7
"Bradley, Taj",671737,R,2026,748,142,92,26,1,23,205,76,27.4,10.2,.214,.360,.298,0.658,0.146,.227,.380,.294,.307,.311,.153,90.9,15.2,40.2,9.1,45.4,80.944982348,27.4,47.2,36.9,27.6,35.6,29.2,27.4
"Pagés, Pedro",686780,R,2026,7,2,1,0,0,1,0,0,0,0,.286,.714,.286,1.000,0.428,.407,.991,.420,.584,.407,.584,95.2,19,28.6,28.6,42.9,88.892765,0,62.5,42.9,0,42.9,57.1,0
"Johnston, Troy",687859,L,2026,9,1,1,0,0,0,0,1,0,11.1,.143,.143,.333,0.476,0.000,.177,.207,.258,.289,.360,.030,89.2,19.7,0,0,42.9,82.4785175,10.5,54.3,42.9,42.9,57.1,28.6,0
"Harris, Trent",805345,R,2026,85,16,10,5,1,0,27,7,31.8,8.2,.205,.295,.271,0.566,0.090,.178,.227,.255,.218,.246,.049,83.7,10.2,27.5,0,23.5,72.985827692,25.2,42.2,43.1,23.5,52.9,15.7,23.5
"Wilcox, Cole",677961,R,2026,123,27,23,2,0,2,28,17,22.8,13.8,.262,.340,.374,0.714,0.078,.284,.404,.326,.355,.388,.120,91.1,6.6,36.8,6.7,46.1,81.182641053,31.4,46.3,36.8,26.3,44.7,17.1,34.2
"Ramírez, Yohan",670990,R,2026,352,56,36,16,0,4,99,43,28.1,12.2,.189,.283,.315,0.598,0.094,.208,.288,.271,.281,.314,.080,84.7,8.8,31.8,4.5,30.8,71.939376531,27.4,44.3,42.4,19.2,50.5,18.7,24.2
"Misiorowski, Jacob",694819,R,2026,646,94,70,8,2,14,247,42,38.2,6.5,.159,.250,.225,0.475,0.091,.171,.252,.217,.223,.236,.081,87.2,12.9,33.3,3.7,33,76.431979825,37.2,51.3,31.9,33.6,44.8,24.4,21.8
"Pérez, Eury",691587,R,2026,631,123,73,29,1,20,162,67,25.7,10.6,.223,.388,.317,0.705,0.165,.219,.392,.314,.315,.314,.173,88.5,19.3,33.2,10.5,39.5,76.929307846,28.7,50.9,40.3,22.4,39,28.3,21.4
"Miller, Mason",695243,R,2026,259,33,28,2,0,3,125,24,48.3,9.3,.142,.190,.228,0.418,0.048,.130,.194,.198,.193,.214,.064,86.5,11.7,30.6,6.5,28.7,75.790817222,45.4,47.3,38.9,32.4,47.2,25,21.3
"Kremer, Dean",665152,R,2026,341,71,38,13,3,17,82,29,24,8.5,.231,.458,.296,0.754,0.227,.238,.442,.325,.324,.305,.204,88,16.1,38.4,9.6,35.8,76.802067456,28.7,46,39.3,19.2,35.8,33.2,25.3
"Holmes, Grant",656550,R,2026,625,133,89,21,2,21,114,59,18.2,9.4,.239,.397,.313,0.710,0.158,.260,.442,.313,.338,.333,.182,91.3,12.4,34.5,8.9,44.5,81.911322342,27.3,48.8,42.8,23.6,43.4,26.7,24.9
"Junis, Jakob",596001,R,2026,226,50,39,7,0,4,37,15,16.4,6.6,.243,.335,.310,0.645,0.092,.273,.392,.286,.318,.328,.120,87.6,12.4,37.9,3.6,34.9,76.934629294,18.1,46.5,42,21.9,42,24.3,29
"Sasaki, Roki",808963,R,2026,516,113,57,32,2,22,119,48,23.1,9.3,.246,.467,.322,0.789,0.221,.246,.409,.343,.322,.323,.163,89.7,12.3,35.5,9.9,43,78.900968772,29.8,50.2,36,24.4,43.3,26.5,23.3
"Ureña, Walbert",700712,R,2026,625,114,81,23,0,10,142,68,22.7,10.9,.210,.307,.306,0.613,0.097,.208,.312,.280,.281,.303,.104,87.2,4.8,25.9,5.4,35.2,75.212318607,27.7,46.8,41.9,22.4,55.9,21.9,18.7
"Gordon, Colton",676467,L,2026,70,25,16,2,1,6,12,4,17.1,5.7,.391,.734,.429,1.163,0.343,.306,.509,.485,.371,.345,.203,89.3,12.7,34,7.5,45.3,78.808638077,16.4,49.3,49.1,30.2,41.5,24.5,28.3
"Chivilli, Angel",683409,R,2026,73,14,8,2,0,4,16,7,21.9,9.6,.215,.431,.301,0.732,0.216,.220,.394,.321,.309,.306,.175,88,17.6,32.7,6.3,38.8,75.91804375,32.6,50.5,53.1,14.3,38.8,38.8,18.4
"Bachar, Lake",669199,R,2026,352,61,40,8,0,13,89,36,25.3,10.2,.199,.352,.291,0.643,0.153,.203,.350,.287,.289,.294,.148,88.9,17.4,29.9,7.7,34.4,78.799190367,29.7,45.1,45.2,20.4,39.8,32.1,18.1
"Scholtens, Jesse",669947,R,2026,196,46,26,9,1,10,34,14,17.3,7.1,.260,.492,.321,0.813,0.232,.276,.466,.348,.348,.334,.190,87.7,17.9,37.2,10.3,35.2,76.816485556,20.6,49.8,44.1,22.1,38.6,26.9,24.1
"Dotel, Wilber",696062,R,2026,167,38,30,6,0,2,39,15,23.4,9,.255,.336,.319,0.655,0.081,.248,.351,.292,.296,.312,.102,90.2,11.9,27.4,3.5,44.2,80.266904821,24.9,48.1,42.5,25.7,48.7,25.7,21.2
"Woods Richardson, Simeon",680573,R,2026,303,79,49,19,0,11,40,37,13.2,12.2,.304,.504,.392,0.896,0.200,.280,.467,.390,.368,.373,.186,90,18.3,33.5,8.5,44.2,79.067889636,18.5,42.3,36.6,25.4,38.8,28.6,23.2
"Farris, Mitch",815083,L,2026,247,56,31,16,0,9,60,28,24.3,11.3,.257,.454,.344,0.798,0.197,.254,.424,.349,.335,.339,.170,89.6,13.7,40.5,9,46.7,78.336358462,28.3,44.3,48.1,18.4,39.9,24.1,29.1
"De Los Santos, Enyel",660853,R,2026,301,69,39,18,1,11,67,20,22.3,6.6,.250,.442,.301,0.743,0.192,.224,.374,.321,.286,.277,.150,88.2,19.2,33.3,5.6,37.6,77.632913208,27.1,53.9,39,26.3,35.7,31,22.5
"Kikuchi, Yusei",579328,L,2026,282,68,40,19,2,7,60,29,21.3,10.3,.278,.457,.351,0.808,0.179,.264,.435,.349,.343,.343,.171,91.1,12.4,33.5,8.9,46.1,80.091076354,23.9,48.5,46.1,18.3,42.4,22,27.2
"Kolek, Stephen",663568,R,2026,224,55,34,11,2,8,34,12,15.2,5.4,.262,.448,.308,0.756,0.186,.262,.380,.328,.303,.309,.118,88.5,10.3,33,6.9,36.9,77.361764368,19.8,48.3,38.6,21,46,22.7,24.4
"Bummer, Aaron",607481,L,2026,88,24,12,5,0,7,13,11,14.8,12.5,.324,.676,.414,1.090,0.352,.271,.521,.457,.382,.369,.250,91.7,14.2,34.9,12.7,49.2,82.032936129,19.5,47,44.4,20.6,47.6,30.2,15.9
"Acton, Garrett",670183,R,2026,51,10,5,4,0,1,14,6,27.5,11.8,.238,.405,.353,0.758,0.167,.212,.396,.330,.317,.320,.184,92.8,18.8,41.4,10.3,51.7,83.213401333,36.6,45.8,44.8,24.1,34.5,34.5,27.6
"Helsley, Ryan",664854,R,2026,68,13,8,2,0,3,21,9,30.9,13.2,.220,.407,.324,0.731,0.187,.185,.296,.319,.265,.282,.111,89.5,5,15.8,5.3,47.4,79.373765789,37.9,45.4,55.3,18.4,60.5,26.3,10.5
"Scott, Christian",681035,R,2026,474,93,63,17,1,12,134,47,28.3,9.9,.224,.356,.314,0.670,0.132,.221,.344,.302,.297,.313,.123,86.8,18.1,38.4,6.3,34.5,75.445340286,27,49.5,38,28.5,32.7,29.6,28.5
"Herget, Jimmy",623474,R,2026,224,52,31,11,1,9,43,25,19.2,11.2,.275,.487,.360,0.847,0.212,.236,.408,.363,.323,.325,.172,88.2,17.6,32,9.2,36.6,76.533540267,24.9,47,37.9,22.2,34.6,30.1,25.5
"Ashcraft, Graham",668933,R,2026,143,26,18,5,1,2,38,23,26.6,16.1,.218,.328,.350,0.678,0.110,.204,.296,.308,.294,.333,.092,87.9,12.7,28.4,5.3,35.8,77.267825405,30.8,45.5,37,23.5,53.1,21,19.8
"Jobe, Jackson",695549,R,2026,172,35,19,8,1,7,43,14,25,8.1,.230,.434,.308,0.742,0.204,.231,.393,.324,.312,.311,.162,88.3,11.9,28.8,10,35.1,77.683240727,23.5,48.5,43.2,22.5,46.8,28.8,18.9
"Civale, Aaron",650644,R,2026,482,122,76,26,2,18,91,34,18.9,7.1,.279,.470,.336,0.806,0.191,.255,.421,.349,.321,.314,.166,88.7,19.4,37.9,8.3,40.7,77.873700914,20.8,46.1,45,21.1,30.8,31.1,28.2
"Strider, Spencer",675911,R,2026,165,33,14,9,1,9,46,20,27.9,12.1,.232,.500,.327,0.827,0.268,.188,.359,.355,.290,.291,.171,89.1,22.2,35.7,11.2,36.7,79.165809184,30.7,46.6,39.8,31.6,29.6,37.8,22.4
"Kerry, Brett",695049,R,2026,54,11,5,4,1,1,12,2,22.2,3.7,.212,.385,.241,0.626,0.173,.231,.361,.269,.270,.259,.130,88.5,12.1,25,5,42.5,76.830881,26.7,49.5,40,30,47.5,20,20
"Yoho, Craig",684974,R,2026,160,26,13,7,0,6,41,18,25.6,11.3,.190,.372,.297,0.669,0.182,.216,.375,.300,.311,.321,.159,86,14.8,41.8,9.4,31.6,74.012558936,28.6,45.9,43.9,17.3,41.8,24.5,27.6
"Burrows, Mike",681347,R,2026,423,112,72,18,1,21,75,35,17.7,8.3,.292,.508,.357,0.865,0.216,.263,.440,.375,.335,.330,.177,88.3,15.7,35.6,8.4,38.8,77.094696234,21.6,49.3,42.4,23.9,37.9,28.5,25.6
"Vest, Will",676684,R,2026,116,28,21,5,0,2,27,10,23.3,8.6,.275,.382,.348,0.730,0.107,.244,.365,.326,.307,.322,.121,89,2.8,22.1,5.3,35.1,78.824060526,27.5,48.1,39,33.8,62.3,19.5,16.9
"Gasser, Robert",688107,L,2026,442,94,56,23,1,14,94,33,21.3,7.5,.237,.407,.311,0.718,0.170,.253,.403,.317,.322,.325,.150,86.5,19.4,37.7,7.5,33.4,74.705236026,22.2,49.8,42.6,24.6,34.1,27.2,27.5
"Samaniego, Tyler",701719,L,2026,90,22,19,2,0,1,17,8,18.9,8.9,.286,.351,.364,0.715,0.065,.271,.403,.324,.335,.352,.132,90,12.3,28.6,3.2,36.5,79.516716552,21.6,44.3,41.3,25.4,49.2,20.6,23.8
"Lopez, Jacob",682052,L,2026,529,124,80,22,0,22,108,56,20.4,10.6,.269,.460,.350,0.810,0.191,.217,.356,.354,.296,.305,.139,84.5,21.5,33.2,6.6,32,71.923618539,24.2,46.1,36.3,24.9,32.1,35.2,18.6
"Gusto, Ryan",687473,R,2026,392,99,67,18,3,11,74,28,18.9,7.1,.277,.437,.337,0.774,0.160,.282,.438,.339,.341,.341,.156,89.5,14.6,39.3,8.8,43.2,78.928630979,20.7,49.4,37.2,26.3,39.6,25.6,28.1
"Lorenzen, Michael",547179,R,2026,619,186,124,33,6,23,90,54,14.5,8.7,.339,.546,.398,0.944,0.207,.300,.493,.406,.372,.366,.193,91.2,11.9,34.5,9.2,46.3,80.902581974,18,44.5,45,21.3,43.7,24.7,26.7
"Gage, Matt",657424,L,2026,126,28,16,5,1,6,22,17,17.5,13.5,.267,.505,.368,0.873,0.238,.257,.430,.376,.352,.363,.173,86.6,12.3,33.7,10.5,31.4,75.21335907,24.4,47.5,46.5,16.3,41.9,27.9,25.6
"Velasquez, Vince",592826,R,2026,11,1,0,1,0,0,1,0,9.1,0,.091,.182,.091,0.273,0.091,.151,.199,.115,.154,.151,.048,85.8,30.8,10,0,30,74.804328,14.3,48.8,40,40,30,40,10
"Zuber, Tyler",676604,R,2026,175,46,29,6,1,10,42,11,24,6.3,.287,.525,.337,0.862,0.238,.240,.389,.369,.301,.295,.149,90.7,15.3,28.3,6.7,44.2,81.202892034,22.9,47.3,36.7,24.2,44.2,34.2,17.5
"Rutledge, Jackson",671131,R,2026,12,6,4,1,1,0,2,2,16.7,16.7,.600,.900,.667,1.567,0.300,.315,.527,.651,.418,.429,.212,85.2,3.4,25,12.5,37.5,73.781985,34.8,52.3,50,25,75,12.5,12.5
"Anderson, Grant",681982,R,2026,235,43,20,13,2,8,52,23,22.1,9.8,.205,.400,.285,0.685,0.195,.205,.337,.297,.275,.280,.132,88.3,20.3,31.4,7.5,37.1,78.074720253,25.4,48.6,47.8,21.4,39,29.6,17.6
"Wilkinson, Matt",683363,L,2026,99,21,12,4,1,4,18,4,18.2,4,.221,.411,.253,0.664,0.190,.227,.382,.286,.277,.258,.155,89.1,26.8,29.9,6.5,42.9,78.359969211,18.8,44.5,31.2,28.6,29.9,32.5,20.8
"Pecko, Ethan",814490,R,2026,130,24,14,5,0,5,21,14,16.2,10.8,.211,.386,.308,0.694,0.175,.241,.438,.310,.340,.336,.197,89.4,18.9,32.3,10.9,41.9,78.082488913,20.8,45.5,41.9,25.8,36.6,30.1,21.5
"Madden, Ty",680744,R,2026,180,33,21,6,1,5,43,14,23.9,7.8,.201,.341,.272,0.613,0.140,.214,.325,.274,.273,.284,.111,86.8,17.9,24.8,5.8,30.6,75.932994754,24.5,49.4,39.7,25.6,38,28.1,22.3
"Kelly, Michael",547184,R,2026,32,12,8,1,2,1,6,6,18.8,18.8,.462,.769,.563,1.332,0.307,.349,.522,.557,.436,.471,.172,88.3,18.8,55,15,45,73.649626,24.1,44.6,55,20,20,20,45
"Englert, Mason",669438,R,2026,179,52,28,11,0,13,38,9,21.2,5,.313,.614,.348,0.962,0.301,.286,.563,.402,.373,.315,.277,89.4,18.4,35.1,16.3,39.8,78.240811875,24.2,52.6,48.9,20.6,32.8,32.8,25.2
"Molina, Anthony",683627,R,2026,136,29,18,6,2,3,31,7,22.8,5.1,.225,.372,.265,0.637,0.147,.241,.403,.278,.297,.280,.163,87.7,15.6,42.9,7.1,36.7,77.102225833,23.2,51.8,33.7,25.5,37.8,30.6,26.5
"Aleman, Franco",680916,R,2026,103,25,19,2,0,4,28,10,27.2,9.7,.281,.438,.379,0.817,0.157,.233,.384,.364,.324,.337,.151,89.4,23.8,39.3,6.6,39.3,79.101760645,26.7,45.7,32.8,29.5,29.5,29.5,26.2
"Dobnak, Randy",677976,R,2026,308,72,52,12,1,7,48,25,15.6,8.1,.260,.386,.326,0.712,0.126,.284,.395,.316,.329,.349,.111,90.1,8.7,33.6,4.8,39.7,79.611660965,19.1,45.4,51.3,18.5,51.7,22.4,23.3
"Shugart, Chase",663767,R,2026,212,40,22,6,2,10,55,19,25.9,9,.219,.437,.297,0.734,0.218,.215,.400,.314,.304,.295,.185,87.3,17.2,35.8,10.4,33.6,76.236835373,23.9,40.5,34.3,29.9,35.8,39.6,19.4
"Valdez, Framber",664285,L,2026,758,170,126,26,2,16,135,67,17.8,8.8,.253,.370,.332,0.702,0.117,.258,.385,.315,.321,.337,.127,90,5.4,28.2,5.6,41.9,79.280653094,20.6,46.8,47.6,23.2,56.3,18.3,21.4
"Brogdon, Connor",641401,R,2026,70,15,7,3,0,5,15,3,21.4,4.3,.238,.524,.284,0.808,0.286,.256,.504,.345,.345,.300,.249,91.8,18.8,33.3,13.7,45.1,82.188572083,26.1,49.1,39.2,29.4,41.2,35.3,15.7
"Hjerpe, Cooper",687309,L,2026,39,4,2,2,0,0,12,6,30.8,15.4,.133,.200,.308,0.508,0.067,.195,.242,.255,.292,.356,.046,85,17.3,26.3,0,26.3,74.619598,23.2,45.6,57.9,21.1,52.6,21.1,15.8
"Black, Mason",696131,R,2026,142,30,21,3,0,6,19,20,13.4,14.1,.252,.429,.366,0.795,0.177,.284,.482,.354,.387,.398,.198,91.3,17.3,38.6,9.9,46.5,82.276597451,18.5,41.7,30.7,29.7,33.7,30.7,27.7
"Sands, Cole",663485,R,2026,56,15,9,2,1,3,11,5,19.6,8.9,.313,.583,.382,0.965,0.270,.268,.507,.409,.364,.343,.239,95,15.9,33.3,10.3,56.4,87.479249474,23.3,49.3,38.5,20.5,41,35.9,23.1
"Rodriguez, Grayson",680570,R,2026,421,106,67,21,3,15,83,38,19.7,9,.287,.482,.359,0.841,0.195,.276,.468,.363,.357,.350,.192,90.2,14.3,35.5,8.9,45.1,79.529824286,23.7,49.1,41,20.5,38.9,27.6,28
"Phillips, Evan",623465,R,2026,96,21,12,4,0,5,28,6,29.2,6.3,.239,.455,.292,0.747,0.216,.244,.512,.310,.335,.275,.268,91,20.4,32.8,16.4,41,79.96403129,24,47.8,24.6,34.4,34.4,42.6,16.4
"Patrick, Chad",694477,R,2026,432,82,53,17,2,10,93,45,21.5,10.4,.218,.354,.308,0.662,0.136,.236,.377,.296,.311,.322,.142,88.6,16.7,32.5,6.2,36.7,77.4461165,26.4,47.9,34.3,30.1,39.8,30.1,20.1
"Roupp, Landen",694738,R,2026,657,126,86,26,3,11,143,75,21.8,11.4,.220,.334,.315,0.649,0.114,.232,.344,.294,.302,.326,.112,86.4,10.6,32.7,5.1,30,75.445143555,24.4,43.5,41,21.4,50.7,22.8,21.4
"Strahm, Matt",621381,L,2026,161,39,19,8,0,12,30,14,18.6,8.7,.269,.572,.342,0.914,0.303,.225,.428,.388,.316,.298,.203,89.5,24.4,28.7,11.3,39.1,80.020580172,23.2,49.8,42.6,27.8,27.8,44.3,17.4
"Foley, Jason",671345,R,2026,109,27,18,6,1,2,14,10,12.8,9.2,.276,.418,.339,0.757,0.142,.260,.396,.326,.311,.314,.135,86.8,5.8,28.2,5.9,37.6,74.013330233,16.4,43.1,34.1,28.2,50.6,24.7,21.2
"Seymour, Carson",693313,R,2026,134,31,19,6,0,6,21,16,15.7,11.9,.270,.478,.364,0.842,0.208,.302,.505,.364,.385,.383,.203,88.4,7.3,37.5,9.4,39.6,77.160268085,22.7,46.7,44.8,27.1,49,24,22.9
"Walker, Josh",677020,L,2026,121,23,17,4,0,2,27,10,22.3,8.3,.211,.303,.281,0.584,0.092,.202,.291,.257,.247,.260,.089,88.7,16.6,28.9,3.6,36.1,79.6258195,21.1,49.3,37.3,26.5,44.6,30.1,18.1
"Devenski, Chris",606965,R,2026,38,14,10,1,0,3,5,1,13.2,2.6,.389,.667,.421,1.088,0.278,.282,.451,.467,.334,.320,.169,92.9,12.5,38.7,9.7,54.8,84.7264775,17.6,50.7,38.7,12.9,41.9,19.4,25.8
"Greene, Hunter",668881,R,2026,121,29,19,6,0,4,33,9,27.3,7.4,.261,.423,.314,0.737,0.162,.268,.429,.322,.325,.321,.161,90.2,21.8,41.8,5.1,46.8,79.592857692,27.2,53.3,26.6,34.2,26.6,27.8,35.4
"Fermin, José",820862,R,2026,235,49,32,10,1,6,61,25,26,10.6,.239,.385,.332,0.717,0.146,.256,.406,.318,.331,.341,.151,90.6,10,32.4,7.6,43.4,81.427405694,29.6,49.2,51,15.2,46.2,23.4,26.2
"Williams, Gavin",668909,R,2026,728,139,86,25,1,27,244,57,33.5,7.8,.210,.373,.279,0.652,0.163,.219,.394,.289,.299,.288,.175,90.1,11,35.2,11.4,46.5,79.171426316,33.2,49,39.9,26.4,44.4,25.4,23.3
"Yates, Kirby",489446,R,2026,172,32,21,8,0,3,48,17,27.9,9.9,.216,.331,.310,0.641,0.115,.211,.320,.291,.286,.307,.109,91.4,19.8,35,5.8,46.6,82.200245294,28.5,52.3,39.8,25.2,33,27.2,28.2
"Hart, Kyle",606996,L,2026,261,50,30,13,2,5,57,23,21.8,8.8,.217,.357,.293,0.650,0.140,.216,.357,.289,.290,.294,.141,87.2,9.9,31.5,7.9,30.3,75.650412,22.2,43.6,39.9,21.9,51.7,22.5,19.1
"Silseth, Chase",681217,R,2026,264,53,38,8,2,5,71,35,26.9,13.3,.240,.362,.351,0.713,0.122,.219,.362,.318,.308,.323,.143,87.2,13.8,39,9.1,32.5,75.950647763,31.9,47.1,33.1,31.8,39.6,29.9,26.6
"Vanasco, Ricky",676568,R,2026,40,14,8,4,0,2,4,6,10,15,.412,.706,.500,1.206,0.294,.294,.519,.511,.399,.400,.225,87.6,13,30,6.7,43.3,75.702990667,20.6,40,40,33.3,43.3,30,20
"Hernández, Elieser",622694,R,2026,50,10,7,0,0,3,11,6,22,12,.233,.442,.340,0.782,0.209,.194,.299,.339,.272,.293,.105,88,31.1,28.1,9.4,37.5,77.333616875,27.5,44.8,53.1,25,31.3,28.1,18.8
"Núñez, Dedniel",673380,R,2026,69,17,10,3,0,4,17,0,24.6,0,.246,.464,.246,0.710,0.218,.250,.475,.303,.306,.250,.225,91.1,16.5,34.6,11.5,40.4,82.898464231,34.4,60.7,46.2,25,38.5,32.7,25
"Estes, Joey",683155,R,2026,34,12,4,3,1,4,5,2,14.7,5.9,.387,.935,.412,1.347,0.548,.337,.576,.545,.396,.366,.240,90.7,25.5,40.7,14.8,37,82.426099286,24.6,52,48.1,22.2,14.8,48.1,33.3
"Garcia, Brandyn",805299,L,2026,187,26,20,3,0,3,59,11,31.6,5.9,.154,.225,.231,0.456,0.071,.162,.249,.211,.222,.234,.087,87.1,0.8,20.7,5.4,30.6,75.894637593,27.2,43.8,38.7,27.9,60.4,18,13.5
"Mathews, Quinn",687273,L,2026,190,43,32,7,0,4,39,18,20.5,9.5,.257,.371,.328,0.699,0.114,.248,.347,.311,.299,.321,.100,88.8,16.1,32.6,3.8,34.8,78.452247538,26.6,45.4,41.7,26.5,40.9,25.8,26.5
"Fried, Max",608331,L,2026,434,79,60,13,2,4,104,33,24,7.6,.201,.274,.264,0.538,0.073,.199,.272,.245,.246,.266,.073,85.9,9.8,28.5,2.4,29.8,74.556119375,25,46,33.2,25.4,49.8,25.1,17.3
"Irvin, Cole",608344,L,2026,30,8,5,2,0,1,5,3,16.7,10,.308,.500,.400,0.900,0.192,.288,.512,.395,.390,.383,.224,89.2,5.3,33.3,9.5,52.4,75.433176,18.2,53.9,57.1,14.3,52.4,28.6,19
"Waldichuk, Ken",686610,L,2026,40,8,4,0,0,4,8,5,20,12.5,.235,.588,.350,0.938,0.353,.243,.577,.400,.397,.356,.334,89.3,18,26.9,19.2,38.5,78.124699167,27.4,41.6,42.3,38.5,42.3,34.6,11.5
"Roberts, Ethan",681799,R,2026,110,22,16,2,1,3,17,14,15.5,12.7,.237,.376,.355,0.731,0.139,.255,.391,.332,.342,.370,.136,91.1,14,26.3,3.9,44.7,81.901718947,22.6,43.6,43.4,25,47.4,21.1,22.4
"Taillon, Jameson",592791,R,2026,370,85,47,11,0,27,76,32,20.5,8.6,.253,.527,.322,0.849,0.274,.261,.532,.364,.367,.327,.271,89.2,18.7,36.9,14.6,39.6,77.992759077,26.5,46.3,46.9,25,34.2,38.1,20.8
"Young, Brandon",687064,R,2026,650,148,101,23,2,22,127,58,19.5,8.9,.255,.416,.325,0.741,0.161,.251,.400,.326,.319,.323,.149,89.2,14.2,34,6.8,39.4,78.497792168,23.8,49.3,42.3,21.6,43.1,25.7,23.1
"Carrasco, Carlos",471911,R,2026,73,21,16,2,0,3,7,3,9.6,4.1,.318,.485,.366,0.851,0.167,.371,.586,.373,.432,.416,.215,89.4,10.7,47.5,9.8,41,78.3841,19,55.7,50.8,16.4,44.3,14.8,34.4
"Abreu, Bryan",650556,R,2026,263,43,23,10,1,9,80,40,30.4,15.2,.199,.380,.337,0.717,0.181,.195,.343,.325,.311,.334,.148,90.6,16.5,34.1,6.6,41.3,81.592948806,34.1,42.1,49.3,21.7,41.3,30.4,22.5
"Mlodzinski, Carmen",669387,R,2026,525,124,89,24,1,10,92,42,17.5,8,.260,.377,.323,0.700,0.117,.283,.430,.311,.339,.343,.147,90.7,13.6,34.1,7,46.3,80.427608594,20.8,45.3,41.6,25.1,42.6,23.8,26.9
"Raquet, Nick",675919,L,2026,17,3,1,1,0,1,1,2,5.9,11.8,.214,.500,.353,0.853,0.286,.328,.498,.372,.416,.447,.170,88.6,20.8,46.2,7.7,30.8,80.663465714,6.3,42.7,38.5,23.1,23.1,46.2,23.1
"Emanuel, Kent",592288,L,2026,23,5,2,2,1,0,4,3,17.4,13,.263,.474,.391,0.865,0.211,.206,.321,.379,.308,.344,.115,91.4,19.7,33.3,6.7,40,81.73518875,20.9,44.8,40,26.7,33.3,20,33.3
"Roa, Christian",685005,R,2026,43,10,7,1,1,1,6,7,14,16.3,.313,.500,.465,0.965,0.187,.297,.492,.424,.415,.454,.196,91.8,23.8,44.4,7.4,63,82.120582857,24.7,45.5,40.7,29.6,33.3,25.9,25.9
"Blalock, Bradley",687134,R,2026,35,9,5,1,0,3,9,3,25.7,8.6,.281,.594,.343,0.937,0.313,.234,.491,.399,.339,.299,.257,90.6,6.2,26.1,13,34.8,81.345143333,19.5,52.7,52.2,13,56.5,30.4,13
"Bibee, Tanner",676440,R,2026,755,168,108,30,1,29,142,54,18.8,7.2,.244,.417,.302,0.719,0.173,.250,.417,.314,.318,.310,.167,89,17.7,35.1,8.2,39.4,78.558134212,23.4,47.1,37.6,25.5,37.4,28.8,24.1
"McFarlane, Alex",686934,R,2026,68,12,10,1,0,1,16,5,23.5,7.4,.194,.258,.254,0.512,0.064,.250,.350,.234,.292,.306,.100,87.6,9.3,31.9,4.3,40.4,76.020103913,27.7,49.4,31.9,17,48.9,19.1,23.4
"Warren, Austin",681810,R,2026,207,43,24,13,0,6,53,23,25.6,11.1,.239,.411,.333,0.744,0.172,.244,.393,.330,.326,.339,.149,88.5,11.2,44.5,11.1,38.3,77.057846349,26.7,40.1,38.3,22.7,41.4,22.7,31.3
"Spiers, Carson",686730,R,2026,17,5,2,0,0,3,5,0,29.4,0,.294,.824,.294,1.118,0.530,.259,.688,.466,.392,.259,.430,92,18.4,16.7,25,58.3,79.881951667,23.5,54.8,50,8.3,50,25,8.3
"Dallas, Chad",689149,R,2026,57,11,8,1,0,2,14,7,24.6,12.3,.224,.367,.316,0.683,0.143,.205,.319,.305,.285,.303,.113,89.9,20,27.8,5.6,38.9,81.290042222,27.8,47.6,36.1,22.2,36.1,33.3,19.4
"Mey, Luis",682825,R,2026,155,34,26,4,1,3,47,20,30.3,12.9,.268,.386,.379,0.765,0.118,.225,.393,.345,.332,.348,.168,92.5,11.4,31.3,8.8,44.6,83.15235641,31.4,41.8,39.8,13.3,49.4,27.7,16.9
"Weathers, Ryan",677960,L,2026,568,130,92,18,2,18,143,38,25.2,6.7,.249,.394,.302,0.696,0.145,.255,.424,.306,.319,.309,.169,89.2,9.1,32,8.6,40.6,77.68228672,27,44.8,38.8,20.6,49.5,21.4,24.5
"Pushard, Matt",690155,R,2026,32,6,5,1,0,0,6,4,18.8,12.5,.240,.280,.355,0.635,0.040,.278,.390,.298,.347,.386,.112,89.2,13.1,40,0,50,79.453457,16,41.7,35,15,35,30,35
"Hernández, Carlos",672578,R,2026,14,5,3,1,0,1,4,1,28.6,7.1,.385,.692,.429,1.121,0.307,.437,.769,.477,.525,.477,.332,92.4,10,66.7,22.2,55.6,83.795456,23.1,51,44.4,22.2,22.2,11.1,66.7
"Sterner, Justin",686993,R,2026,184,46,26,9,0,11,40,13,21.7,7.1,.274,.524,.322,0.846,0.250,.224,.399,.360,.292,.275,.174,90.3,14.9,30.5,9.2,45,80.132451587,29.9,52.1,38.2,22.9,41.2,32.1,19.8
"Keller, Mitch",656605,R,2026,503,117,74,26,2,15,89,42,17.7,8.3,.259,.426,.332,0.758,0.167,.288,.455,.334,.355,.358,.166,89.5,13.9,38.7,7.4,42.3,78.627953315,20.5,47.4,34.1,27.2,37.9,25.8,29.9
"Hill, Tim",657612,L,2026,237,52,36,4,0,12,25,13,10.5,5.5,.242,.428,.305,0.733,0.186,.261,.430,.318,.327,.317,.168,89,-4.1,23.4,6.8,43.8,76.768534043,13.1,49.4,38,26,68.2,15.1,14.1
"Macko, Adam",671936,L,2026,145,38,29,4,0,5,32,14,22.1,9.7,.304,.456,.386,0.842,0.152,.267,.438,.364,.343,.343,.171,88.2,14.9,37.9,6.3,37.9,76.170363696,28.2,47.2,45.3,26.3,36.8,28.4,27.4
"Melton, Troy",675512,R,2026,470,92,54,23,2,13,94,37,20,7.9,.217,.374,.290,0.664,0.157,.239,.370,.294,.302,.310,.130,88.9,13.9,31.3,6,38.3,78.528408485,23.4,49.6,42.8,21.4,43.4,23.2,24.7
"Hicks, Jordan",663855,R,2026,213,41,28,9,0,4,62,33,29.1,15.5,.232,.350,.352,0.702,0.118,.196,.253,.313,.266,.311,.057,88.4,13.4,27.4,1.7,33.3,78.025294912,27.8,44.6,34.2,27.4,47,23.9,22.2
"Peoples, Ben",687239,R,2026,68,14,10,1,0,3,10,8,14.7,11.8,.241,.414,.338,0.752,0.173,.221,.362,.333,.305,.321,.141,84.9,14.1,34.7,6.1,26.5,73.9668716,24,51.8,38.8,22.4,44.9,28.6,22.4
"Snell, Blake",605483,L,2026,157,26,21,5,0,0,52,16,33.1,10.2,.188,.225,.276,0.501,0.037,.176,.217,.237,.228,.264,.042,82.4,16.9,28.4,1.1,15.9,71.056165,35.9,49.5,36.4,31.8,45.5,22.7,17
"Junk, Janson",676083,R,2026,505,124,85,23,2,14,84,32,16.6,6.3,.267,.416,.318,0.734,0.149,.258,.410,.322,.317,.312,.152,89.8,15.2,29.9,7,38.5,79.226535714,15.2,48.7,39.3,25.5,43.8,22.7,20.8
"Smith, Cade",671922,R,2026,290,48,33,10,0,5,104,23,35.9,7.9,.186,.283,.260,0.543,0.097,.190,.318,.245,.263,.265,.128,91.3,13.6,35.2,8.8,43.3,81.928048608,34.4,49.6,36.5,27,41.5,29.6,21.4
"Hanifee, Brenan",669724,R,2026,93,24,15,4,0,5,10,7,10.8,7.5,.286,.512,.348,0.860,0.226,.301,.500,.369,.370,.355,.199,90.5,3.6,28,8.1,45.3,80.043368056,14.4,45.5,41.3,21.3,61.3,21.3,14.7
"Pallante, Andre",669467,R,2026,654,146,104,28,3,11,106,49,16.2,7.5,.246,.359,.309,0.668,0.113,.257,.377,.298,.309,.320,.121,87.2,5,29.9,4.7,34.2,75.42725905,21.1,44.7,38.5,24,56.8,16.7,22.4
"Klassen, George",691946,R,2026,125,23,17,4,0,2,24,21,19.2,16.8,.225,.324,.360,0.684,0.099,.260,.388,.317,.358,.394,.128,90.2,6.4,34.2,9,45.6,78.676259737,31.3,45.6,41.8,12.7,51.9,24.1,20.3
"Bowlan, Jonathan",680742,R,2026,229,43,30,4,1,8,73,15,31.9,6.6,.207,.351,.271,0.622,0.144,.193,.323,.276,.262,.261,.131,87.1,11.7,35.8,7.3,36.5,76.093496618,31.3,50,32.1,28.5,46.7,28.5,20.4
"Castellano, Eiberson",682769,R,2026,12,4,3,1,0,0,2,0,16.7,0,.364,.455,.417,0.872,0.091,.354,.445,.388,.376,.408,.090,92.6,0.3,44.4,0,44.4,83.911392,31.6,54.3,66.7,0,55.6,0,44.4
"Burgos, Raymond",670103,L,2026,69,17,11,3,0,3,12,1,17.4,1.4,.254,.433,.265,0.698,0.179,.245,.434,.300,.294,.256,.190,88.5,11.5,25,7.3,33.9,78.416815185,18.4,54.1,50,10.7,51.8,30.4,14.3
"Ralston, Jack",667652,R,2026,62,9,5,1,0,3,15,8,24.2,12.9,.173,.365,.295,0.660,0.192,.188,.358,.291,.296,.297,.170,87.1,6.5,18.4,10.5,36.8,74.400204444,20.4,36.6,57.9,23.7,52.6,31.6,7.9
"Alexander, Tyler",641302,L,2026,300,68,52,12,1,3,59,23,19.7,7.7,.253,.338,.319,0.657,0.085,.226,.314,.294,.274,.294,.089,86.6,8.9,29,3.7,32.2,75.545133774,20.9,46.5,43,24.8,52.8,22,19.6
"Kerr, Ray",678061,L,2026,55,7,4,1,0,2,11,1,20,1.8,.140,.280,.185,0.465,0.140,.219,.353,.205,.266,.258,.134,88.7,19.1,26.8,7.3,34.1,78.275472105,25.8,51.7,43.9,31.7,43.9,19.5,14.6
"Mejia, Juan",675848,R,2026,313,74,56,11,1,6,64,40,20.4,12.8,.280,.398,.377,0.775,0.118,.258,.376,.344,.329,.356,.118,88.7,13.3,33,3.4,37.9,77.236301782,24.1,47,34,31.1,43.2,25.2,25.2
"Thompson, Keegan",624522,R,2026,57,19,10,7,1,1,11,2,19.3,3.5,.365,.596,.375,0.971,0.231,.343,.623,.407,.407,.355,.280,92.5,22.6,40.9,13.6,50,83.929022727,21.6,49.7,43.2,22.7,31.8,34.1,25
"Fluharty, Mason",689254,L,2026,259,50,38,6,0,6,65,28,25.1,10.8,.222,.329,.309,0.638,0.107,.189,.306,.286,.262,.274,.117,86,18.2,38.2,6.1,31.5,74.69997679,29.1,49.3,36.4,22.4,36.4,30.9,24.8
"Brazobán, Huascar",623211,R,2026,259,43,23,14,1,5,54,29,20.8,11.2,.191,.329,.284,0.613,0.138,.222,.333,.274,.291,.309,.111,86.3,9.7,28,4.6,30.9,74.657788372,25.3,49.4,47.4,15.4,49.7,22.9,19.4
"Waguespack, Jacob",621097,R,2026,177,23,17,0,0,6,33,18,18.6,10.2,.150,.268,.247,0.515,0.118,.198,.296,.238,.268,.290,.098,85.5,13.2,25.8,4,28.2,73.345112667,25.4,46.8,48.4,27.4,50,25,16.9
"Castillo, Luis",622491,R,2026,592,151,93,30,3,25,112,44,18.9,7.4,.284,.493,.344,0.837,0.209,.270,.457,.361,.341,.330,.186,89.9,17.3,35.3,9.6,41.8,79.68629109,23.7,51.8,39.5,28.5,36.4,29.9,26.2
"Fairbanks, Pete",664126,R,2026,183,35,21,4,2,8,57,21,31.1,11.5,.222,.424,.322,0.746,0.202,.211,.421,.327,.322,.311,.210,91.3,23.6,37.3,11.9,43.1,81.4480466,31.9,45,37.3,24.5,24.5,43.1,22.5
"Dollander, Chase",801403,R,2026,189,39,23,10,0,6,47,18,24.9,9.5,.238,.409,.319,0.728,0.171,.217,.387,.320,.307,.305,.170,90.6,12.9,24,9.9,52.1,79.78262,28,48,29.8,27.3,49.6,24.8,17.4
"Wacha, Michael",608379,R,2026,786,162,92,38,4,28,154,53,19.6,6.7,.224,.404,.283,0.687,0.180,.241,.406,.300,.307,.298,.165,88.1,18.2,34.3,7,36.4,77.102076904,21.8,48.9,38.5,23.3,37.1,29.9,23.6
"Martinez, Justin",679885,R,2026,47,5,4,0,1,0,16,6,34,12.8,.128,.179,.255,0.434,0.051,.125,.158,.214,.207,.253,.033,86.1,3.5,12.5,0,29.2,75.029560833,28.2,40.2,25,25,58.3,25,8.3
"Rodríguez, Manuel",655889,R,2026,24,5,2,2,0,1,8,4,33.3,16.7,.278,.556,.435,0.991,0.278,.221,.384,.417,.341,.363,.163,91.5,16.2,36.4,9.1,36.4,79.964214,26.7,46.9,45.5,36.4,36.4,9.1,45.5
"Zeferjahn, Ryan",666171,R,2026,300,49,32,9,1,7,94,39,31.3,13,.198,.327,.326,0.653,0.129,.184,.283,.294,.275,.303,.099,89.2,13.2,30.6,5.8,36.3,79.489107692,31.9,42,40.1,21.7,44.6,22.3,22.9
"Schweitzer, Tyler",805326,L,2026,154,37,23,11,0,3,18,12,11.7,7.8,.262,.404,.320,0.724,0.142,.290,.484,.320,.359,.346,.195,90.7,14.1,40.3,8.9,46.8,79.865566721,21.3,52.3,35.5,25,37.9,31.5,27.4
"Suarez, Ranger",624133,L,2026,593,127,91,26,1,9,135,45,22.8,7.6,.237,.340,.302,0.642,0.103,.247,.355,.288,.298,.313,.108,86.8,13.1,37.4,5.4,33.5,75.24976635,22,45.1,37.9,22.4,42.9,22.9,27.3
"Morillo, Juan",666661,R,2026,258,42,29,9,1,3,73,23,28.3,8.9,.186,.274,.272,0.546,0.088,.177,.258,.250,.243,.265,.081,85.9,10.1,27.4,3.2,31.8,74.275763718,29.6,49.5,35.7,28,51,21,19.7
"Rodríguez, Elmer",695684,R,2026,125,26,20,4,0,2,21,16,16.8,12.8,.255,.353,.379,0.732,0.098,.257,.387,.337,.357,.385,.130,87.8,10.1,32.9,8.5,36.6,76.290464878,29.3,39.8,30.5,29.3,47.6,22,26.8
"Falter, Bailey",663559,L,2026,69,26,18,4,0,4,8,6,11.6,8.7,.413,.667,.464,1.131,0.254,.332,.502,.485,.387,.391,.170,90.9,13.3,45.5,7.3,43.6,79.53435,18.8,46.5,49.1,14.5,36.4,16.4,40
"Lazar, Max",676661,R,2026,38,8,5,0,0,3,6,3,15.8,7.9,.229,.486,.289,0.775,0.257,.224,.419,.334,.308,.287,.195,91.6,3.5,20.7,10.7,37.9,83.555795,19.4,48.6,34.5,24.1,55.2,27.6,17.2
"Cerantola, Eric",672021,R,2026,28,4,2,0,0,2,7,11,25,39.3,.235,.588,.536,1.124,0.353,.181,.315,.484,.402,.503,.134,89.6,9,20,20,60,79.782102,40.5,30.3,80,0,50,30,20
"Laweryson, Cody",689520,R,2026,78,15,9,3,0,3,18,8,23.1,10.3,.227,.409,.321,0.730,0.182,.245,.389,.320,.330,.346,.144,92.4,14.1,38,8.2,50,84.06663,20.3,46.6,32,36,40,22,30
"Warren, Will",701542,R,2026,662,156,96,36,3,21,151,54,22.8,8.2,.262,.439,.325,0.764,0.177,.259,.412,.332,.324,.323,.153,91,11.9,33.3,7.3,44.8,80.808989107,22.1,44,39.2,24.4,45.7,23.1,25.1
"Hedges, Austin",595978,R,2026,20,7,7,0,0,0,1,0,5,0,.350,.350,.350,0.700,0.000,.250,.304,.312,.240,.250,.054,90.2,15,21.1,0,26.3,83.577997,6.9,52.7,26.3,31.6,47.4,26.3,21.1
"Yesavage, Trey",702056,R,2026,393,62,30,21,0,11,94,46,23.9,11.7,.184,.344,.282,0.626,0.160,.199,.330,.280,.284,.297,.131,88.3,21,36.7,6.4,33.9,78.087171138,30.1,47.3,37.8,25.5,35.1,29.1,25.1
"Tong, Jonah",804636,R,2026,114,21,16,2,1,2,25,13,21.9,11.4,.216,.320,.310,0.630,0.104,.207,.325,.286,.284,.303,.119,89.5,13.2,28,5.3,36,80.655028889,26.9,50.2,38.7,22.7,48,36,13.3
"Holmes, Clay",605280,R,2026,399,74,56,11,1,6,75,39,18.8,9.8,.209,.297,.290,0.587,0.088,.246,.351,.268,.304,.326,.105,89.5,3.6,27,4.3,41.1,78.988954357,22.1,45.7,40.8,18.4,60.3,18.8,18.4
"McClanahan, Shane",663556,L,2026,487,93,64,18,1,10,106,39,21.8,8,.211,.324,.281,0.605,0.113,.245,.413,.273,.318,.312,.168,89.3,10.4,31.8,8.9,41.5,78.059291718,26.8,48.5,45.7,19.3,46.9,27.3,21.4
"Eder, Jake",671109,L,2026,15,3,2,1,0,0,1,1,6.7,6.7,.231,.308,.267,0.575,0.077,.363,.746,.249,.459,.387,.383,95.3,23.3,53.8,30.8,69.2,88.66917,9.1,58.9,23.1,53.8,30.8,38.5,30.8
"Murphy, Owen",702566,R,2026,56,17,10,3,0,4,9,3,16.1,5.4,.327,.615,.375,0.990,0.288,.328,.567,.423,.404,.376,.238,92.4,23.4,44.2,11.6,48.8,83.906927727,19.2,56.6,46.5,16.3,20.9,39.5,34.9
"Rogers, Taylor",573124,L,2026,270,63,44,13,1,5,53,31,19.6,11.5,.275,.406,.371,0.777,0.131,.240,.366,.339,.314,.328,.126,86.2,16.2,38.7,6.1,28.2,75.605415862,18.8,42.4,42,21.5,37,30.9,25.4
"Anderson, Shaun",641312,R,2026,93,25,20,1,0,4,17,10,18.3,10.8,.309,.469,.391,0.860,0.160,.303,.515,.380,.391,.386,.212,88.2,14.2,33.8,9.2,38.5,77.226670625,26.6,45,43.1,24.6,46.2,21.5,24.6
"Curtis, Khristian",694753,R,2026,87,15,10,4,0,1,13,12,14.9,13.8,.205,.301,.322,0.623,0.096,.196,.346,.289,.298,.314,.150,85.5,23.1,34.4,8.2,29.5,73.980757419,23.5,46.4,36.1,23,34.4,27.9,16.4
"Lavender, Nate",681320,L,2026,73,12,6,4,1,1,25,4,34.2,5.5,.174,.304,.219,0.523,0.130,.193,.298,.231,.237,.237,.105,87.5,25.9,36.4,9.1,34.1,77.216191364,25.8,49.4,31.8,36.4,27.3,34.1,20.5
"Kranick, Max",668820,R,2026,94,27,15,7,1,4,11,13,11.7,13.8,.342,.608,.441,1.049,0.266,.280,.446,.449,.369,.388,.166,88.4,20.3,37.7,5.8,34.8,78.365140294,23.3,47.9,39.1,21.7,31.9,26.1,29
"Feltner, Ryan",663372,R,2026,531,130,72,34,4,20,89,51,16.8,9.6,.277,.495,.345,0.840,0.218,.256,.454,.361,.339,.328,.199,87.3,13.8,30.6,9.8,36.2,75.732934404,23.3,49.1,41.9,20.6,43.2,29.8,20.6
"Martin, Trevor",694680,R,2026,66,18,11,3,0,4,8,6,12.1,9.1,.310,.569,.394,0.963,0.259,.254,.478,.416,.359,.345,.224,88.3,7,34,10,42,77.3083688,22,47.6,30,16,48,34,16
"Pop, Zach",647315,R,2026,31,5,2,3,0,0,6,3,19.4,9.7,.200,.320,.290,0.610,0.120,.248,.358,.271,.317,.338,.110,93.3,11.1,23.8,4.8,47.6,87.23803,15.4,40,33.3,28.6,52.4,28.6,19
"Schultz, Noah",702273,L,2026,311,64,41,12,2,9,64,31,20.6,10,.241,.402,.339,0.741,0.161,.264,.434,.331,.351,.359,.170,88.8,16.6,38.2,8.7,39.6,77.578785941,21.1,44.7,36.7,27.5,37.2,27.1,26.6
"Faucher, Calvin",676534,R,2026,288,51,39,11,0,1,71,36,24.7,12.5,.208,.265,.317,0.582,0.057,.227,.310,.273,.293,.328,.083,88,5.8,29.4,4.5,38.4,75.984602955,26.2,42.7,37.3,28.2,55.9,18.1,23.2
"Cavalli, Cade",676917,R,2026,706,148,108,22,0,18,200,48,28.3,6.8,.232,.352,.301,0.653,0.120,.232,.361,.292,.296,.302,.129,89.3,8.2,32.6,7,40.5,78.545867661,27.4,47.6,38,26.9,50.7,24.2,21.3
"Martin, Chris",455119,R,2026,66,25,14,7,0,4,9,2,13.6,3,.403,.710,.424,1.134,0.307,.344,.568,.479,.408,.374,.224,91.3,18.8,51.9,11.1,44.4,80.465496667,15.9,53.2,27.8,27.8,31.5,25.9,37
"Iglesias, Raisel",628452,R,2026,235,47,32,8,1,6,64,17,27.2,7.2,.217,.346,.277,0.623,0.129,.228,.367,.275,.287,.284,.139,88,17.3,34.6,9.9,37.3,76.924578553,30.1,52.4,40.5,21.6,38.6,26.8,25.5
"Miles, Spencer",693686,R,2026,381,78,63,9,1,5,91,24,23.9,6.3,.220,.294,.271,0.565,0.074,.230,.320,.254,.267,.279,.090,86.9,7,28.3,3.4,35.5,76.038191288,18.8,47.7,35.5,27.9,50.9,19.6,23.4
"Barnett, Mason",686930,R,2026,205,49,30,6,1,12,42,28,20.5,13.7,.282,.534,.385,0.919,0.252,.255,.439,.396,.352,.360,.184,89.7,17.1,33.8,9,38.3,79.563518955,21.8,43.1,30.8,30.1,36.1,33.1,24.1
"Soto, Gregory",642397,L,2026,278,47,27,14,1,5,78,29,28.1,10.4,.197,.326,.302,0.628,0.129,.193,.289,.284,.270,.293,.096,86.6,13.8,30.1,4.3,33.7,74.883198875,27.7,43,39.3,27,45.4,23.9,19
"Ullola, Miguel",699044,R,2026,48,6,3,1,0,2,12,4,25,8.3,.143,.310,.250,0.560,0.167,.160,.307,.256,.261,.265,.147,87.1,29.9,16.7,10,36.7,76.423850667,24.7,46.4,46.7,20,23.3,43.3,16.7
"Beeter, Clayton",690925,R,2026,209,36,24,4,0,8,47,31,22.5,14.8,.212,.376,.338,0.714,0.164,.226,.379,.315,.334,.345,.152,90.3,9.2,28.1,6.3,43,80.489659839,28.2,44.5,36.7,25.8,48.4,28.1,20.3
"Early, Connelly",813349,L,2026,390,81,54,12,0,15,93,34,23.8,8.7,.235,.401,.319,0.720,0.166,.234,.408,.319,.320,.318,.174,90.6,12.7,33.1,10.6,40.9,80.91466121,23.7,46.9,42.5,18.9,44.1,30.3,19.7
"Harvey, Hunter",640451,R,2026,18,5,3,0,0,2,4,1,22.2,5.6,.294,.647,.333,0.980,0.353,.216,.563,.415,.345,.260,.348,93.2,8.9,38.5,23.1,38.5,86.411897143,20,46.1,30.8,46.2,46.2,46.2,7.7
"Sandoval, Patrick",663776,L,2026,295,78,56,15,0,7,67,31,22.7,10.5,.302,.442,.378,0.820,0.140,.270,.429,.361,.342,.350,.159,87.8,15.2,33.8,6.7,35.4,76.571847895,25.7,47.1,34.9,26.2,37.9,26.7,25.6
"Cruz, Steven",674444,R,2026,246,54,34,6,0,14,65,20,26.4,8.1,.244,.462,.316,0.778,0.218,.240,.402,.336,.310,.303,.162,89.2,14.2,36.1,11.4,37.3,77.949388961,28.6,53,40.5,24.7,46.2,22.8,22.8
"Hentges, Sam",656529,L,2026,165,34,28,6,0,0,38,25,23,15.2,.254,.299,.382,0.681,0.045,.221,.307,.316,.305,.346,.085,87.5,13.2,28.6,4.1,29.6,78.032081667,27.6,42.6,28.6,33.7,48,23.5,21.4
"Pearson, Nate",663878,R,2026,191,37,26,9,0,2,41,21,21.5,11,.227,.319,.335,0.654,0.092,.225,.362,.302,.316,.334,.138,88,13.5,34.1,7.4,36.6,76.448011311,22.8,45.5,43.9,22.8,45.5,26,21.1
"Sears, JP",676664,L,2026,143,33,24,3,0,6,25,11,17.5,7.7,.258,.422,.324,0.746,0.164,.263,.441,.328,.345,.334,.178,90.6,16,27.9,8.7,45.2,81.108293137,20.7,47.4,39.4,22.1,43.3,33.7,20.2
"Freeland, Kyle",607536,L,2026,593,170,96,42,5,27,106,29,17.9,4.9,.306,.546,.346,0.892,0.240,.289,.493,.382,.355,.330,.204,90.8,14.3,34.7,11.1,44,79.950922287,22.2,50.9,42,19,40.7,28.5,26.3
"Ferrer, José A.",678606,L,2026,288,73,55,11,0,7,54,18,18.8,6.3,.280,.402,.343,0.745,0.122,.246,.382,.329,.305,.308,.136,86.9,4.4,27.3,6.2,36.8,74.893070971,19.6,50.3,26.8,30.6,56.9,22,17.7
"Soriano, José",667755,R,2026,729,147,111,19,0,17,167,73,22.9,10,.229,.337,.315,0.652,0.108,.247,.386,.296,.321,.332,.138,88.3,5.3,30.4,7.3,37.1,77.067431814,28.8,46.7,41.3,19,53.5,20.6,22.5
"Woo, Bryan",693433,R,2026,684,145,97,26,4,18,167,36,24.4,5.3,.228,.366,.275,0.641,0.138,.238,.384,.281,.293,.285,.145,89.4,16.4,35.9,7,42.8,78.600665297,24.9,53.3,38.2,26.8,38.6,27.6,23.8
"Fernández, Julian",642759,R,2026,18,3,2,0,0,1,3,2,16.7,11.1,.200,.400,.278,0.678,0.200,.204,.414,.290,.301,.286,.210,91.2,28.2,23.1,7.7,53.8,81.960183333,27.6,40.8,38.5,23.1,30.8,61.5,0
"Gibson, Cade",806188,L,2026,219,49,37,8,0,4,43,21,19.6,9.6,.263,.371,.350,0.721,0.108,.234,.312,.322,.290,.324,.078,85.9,7.3,30.2,3.4,36.2,73.861845135,22,44.4,33.6,24.2,52.3,20.1,22.8
"Tur, Yunior",814305,R,2026,66,21,13,3,1,4,12,10,18.2,15.2,.382,.691,.485,1.176,0.309,.310,.594,.498,.435,.427,.284,88,21.5,46.5,14.3,37.2,76.04529381,32.7,44.4,34.9,25.6,32.6,32.6,23.3
"Luzardo, Jesús",666200,L,2026,727,141,96,29,1,15,221,52,30.4,7.2,.215,.330,.282,0.612,0.115,.204,.304,.275,.262,.274,.099,87.3,9.7,32.5,5.9,33.2,76.419196452,31.9,46.3,40.4,22.3,49.9,22.3,22.1
"Bassitt, Chris",605135,R,2026,460,120,87,23,0,10,74,38,16.1,8.3,.293,.423,.363,0.786,0.130,.279,.413,.348,.338,.352,.133,88.3,10.8,31.9,5,37.8,77.101129821,20.9,46.4,37.8,25.1,45.4,24.5,23.6
"Thomas, Connor",671162,L,2026,107,31,23,4,0,4,17,9,15.9,8.4,.333,.505,.393,0.898,0.172,.262,.407,.388,.328,.335,.145,88.4,3.1,26.6,5.1,39.2,76.90778275,21.8,46.5,34.2,26.6,55.7,19,20.3
"Stock, Robert",476594,R,2026,147,38,29,7,0,2,29,15,19.7,10.2,.297,.398,.388,0.786,0.101,.266,.409,.355,.343,.361,.143,89.1,15.5,35.4,8.1,36.4,78.920647917,24,49.1,40.4,29.3,38.4,28.3,26.3
"Cleavinger, Garrett",664076,L,2026,181,37,24,6,1,6,54,22,29.8,12.2,.243,.414,.337,0.751,0.171,.239,.377,.325,.317,.330,.139,86.9,11.7,36.9,7.8,40.8,74.0462202,28.3,47.7,41.7,26.2,39.8,22.3,29.1
"Taylor, Grant",691799,R,2026,330,60,42,11,0,7,103,30,31.2,9.1,.202,.310,.276,0.586,0.108,.201,.325,.265,.271,.278,.124,89.8,10,31.1,7.7,41.8,79.680214021,29.2,46.4,36.7,28.1,47.4,27,21.4
"Eisert, Brandon",685126,L,2026,185,42,25,11,0,6,49,14,26.5,7.6,.255,.430,.317,0.747,0.175,.229,.354,.327,.287,.293,.125,89.1,14.3,33.9,5.8,37.2,78.936597241,30.3,46,42.1,32.2,42.1,27.3,25.6
"Davis, Tyler",699823,R,2026,123,20,15,3,0,2,26,16,21.1,13,.190,.276,.293,0.569,0.086,.220,.332,.256,.287,.307,.112,90,19.9,29.6,4.9,42,80.81589122,23.1,51.5,35.8,27.2,38.3,25.9,23.5
"Burke, Sean",680732,R,2026,695,140,86,32,4,18,178,61,25.6,8.8,.226,.378,.303,0.681,0.152,.231,.375,.303,.303,.308,.144,89.6,18.1,35.4,8.1,39,79.529217647,25.4,48.7,38.8,22.4,36.1,30.5,24.7
"Winquest, Cade",685464,R,2026,48,8,6,1,0,1,15,5,31.3,10.4,.195,.293,.292,0.585,0.098,.151,.204,.268,.220,.256,.053,86,8.6,18.5,3.7,29.6,76.006137692,29.8,41.2,33.3,29.6,55.6,25.9,14.8
"Henry, Cole",669371,R,2026,71,17,10,3,0,4,15,8,21.1,11.3,.288,.542,.400,0.942,0.254,.256,.478,.409,.374,.373,.222,88.9,27,36.4,13.6,40.9,78.079554545,23.3,47.2,43.2,20.5,27.3,38.6,22.7
"Anderson, Kade",807739,L,2026,131,31,22,3,2,4,28,8,21.4,6.1,.256,.413,.298,0.711,0.157,.257,.405,.308,.308,.302,.148,88.1,13.9,36.8,8.4,42.1,76.247681702,23.5,54.8,45.3,22.1,41.1,27.4,24.2
"Crochet, Garrett",676979,L,2026,138,33,19,9,0,5,37,11,26.8,8,.270,.467,.350,0.817,0.197,.262,.442,.359,.344,.344,.180,89.6,14.3,41.9,10.7,45.3,78.163401905,24,49,39.5,23.3,37.2,24.4,36
"Peterson, David",656849,L,2026,644,154,112,23,4,15,131,63,20.3,9.8,.270,.404,.344,0.748,0.134,.267,.403,.331,.334,.346,.135,88.8,7.1,34.5,6.3,40.1,77.570267717,22.4,46.3,38.1,21.3,51.1,19.5,25.8
"Glasnow, Tyler",607192,R,2026,264,42,25,9,1,7,87,23,33,8.7,.178,.314,.251,0.565,0.136,.194,.335,.251,.266,.264,.141,90.3,16.1,32.7,8.5,39.2,81.286114079,31.2,42.4,40.5,25.5,41.2,28.8,24.2
"Giolito, Lucas",608337,R,2026,138,32,25,3,0,4,18,23,13,16.7,.281,.412,.406,0.818,0.131,.262,.406,.370,.358,.391,.143,90,19.4,38.5,4.2,43.8,79.514155,24,40.8,40.6,29.2,31.3,24,33.3
"Nola, Aaron",605400,R,2026,737,173,105,29,3,36,177,59,24,8,.259,.472,.318,0.790,0.213,.241,.413,.341,.312,.302,.171,88.4,13.1,34.5,9.2,39.9,76.738367652,27.3,46.3,41.9,21.6,41.7,27.7,24
"Backhus, Kyle",679775,L,2026,94,25,19,2,1,3,20,6,21.3,6.4,.294,.447,.351,0.798,0.153,.247,.385,.349,.308,.311,.138,86,9,40.9,4.6,30.3,74.422889063,19.6,43.2,37.9,31.8,45.5,22.7,27.3
"Smith, Burch",572143,R,2026,73,18,10,6,0,2,20,7,27.4,9.6,.277,.462,.347,0.809,0.185,.217,.347,.354,.287,.294,.130,90.3,5.3,34.8,4.4,47.8,79.596606364,22.7,46,32.6,26.1,52.2,26.1,19.6
"Cannon, Jonathan",686563,R,2026,18,4,2,2,0,0,4,5,22.2,27.8,.308,.462,.500,0.962,0.154,.252,.450,.433,.409,.460,.198,87.5,11.2,33.3,11.1,22.2,79.021142,30,50,22.2,22.2,33.3,33.3,33.3
"Pannone, Thomas",623381,L,2026,14,3,2,0,0,1,2,2,14.3,14.3,.250,.500,.357,0.857,0.250,.317,.508,.373,.401,.415,.191,88.2,5.1,70,10,30,78.04101,10.7,50,50,10,40,20,40
"Abbott, Andrew",671096,L,2026,729,165,107,30,2,26,131,76,18,10.4,.257,.431,.332,0.763,0.174,.261,.437,.334,.338,.338,.176,89.7,17.3,32.9,8.3,38.7,79.41985728,22.4,46,33.5,25.4,39.8,28.5,22.9
"Criswell, Jeff",676105,R,2026,18,4,2,0,0,2,3,3,16.7,16.7,.267,.667,.389,1.056,0.400,.300,.613,.443,.436,.417,.313,84.8,15.6,41.7,16.7,25,72.343555,27,46.8,50,8.3,33.3,25,25
"Grove, Michael",675627,R,2026,28,7,3,1,0,3,6,0,21.4,0,.259,.630,.250,0.880,0.371,.289,.708,.360,.423,.299,.418,90.8,16.4,45.5,18.2,36.4,80.771469091,28.9,50.6,63.6,9.1,27.3,31.8,31.8
"Detmers, Reid",672282,L,2026,718,142,95,26,2,19,204,46,28.4,6.4,.216,.349,.270,0.619,0.133,.217,.360,.273,.279,.273,.142,89.8,16.8,31,7.6,37.9,79.716120573,28.9,49.4,37.2,25.8,39.2,29.7,23.2
"Holton, Tyler",663947,L,2026,300,71,52,10,1,8,55,19,18.3,6.3,.260,.392,.322,0.714,0.132,.248,.365,.317,.301,.311,.117,87.6,10.3,31.4,5.5,37.7,76.008424259,23.4,46.9,41.4,22.3,51.8,17.3,22.7
"Hanner, Bradley",690440,R,2026,26,9,3,1,1,4,7,1,26.9,3.8,.360,.960,.385,1.345,0.600,.301,.577,.555,.384,.328,.277,95.3,23.5,44.4,16.7,66.7,87.717917778,18,51,61.1,22.2,33.3,22.2,33.3
"King, Bryan",687911,L,2026,267,66,47,9,1,9,46,22,17.2,8.2,.281,.443,.355,0.798,0.162,.253,.376,.348,.313,.327,.123,86.8,7.2,31.6,5.2,36.3,75.017309894,17.6,49.7,39.9,28,50.3,17.1,25.9
"Baz, Shane",669358,R,2026,769,179,120,42,2,15,154,63,20,8.2,.262,.395,.323,0.718,0.133,.255,.399,.315,.317,.320,.144,90,14,35.5,6.8,41.2,79.956193727,21.5,48.2,35.2,27.8,39,26.9,27.8
"Ashby, Aaron",676879,L,2026,370,76,59,9,0,8,112,41,30.3,11.1,.234,.335,.322,0.657,0.101,.205,.302,.297,.273,.296,.097,88.4,4.5,28.8,5.1,40.5,76.161832804,31.5,40.4,35.3,23.7,54.9,19.5,20.9
"De León, Luis",801725,L,2026,36,6,5,0,0,1,6,2,16.7,5.6,.182,.273,.222,0.495,0.091,.192,.281,.219,.226,.232,.089,86.1,0.7,17.9,7.1,35.7,73.527675714,15.3,46.8,35.7,28.6,60.7,28.6,10.7
"Blackburn, Paul",621112,R,2026,330,58,43,8,0,7,68,32,20.6,9.7,.195,.293,.276,0.569,0.098,.236,.353,.259,.296,.310,.118,87.1,7,27.5,5.7,34.9,75.436219649,23,46,37.1,18.8,55,21.8,18.8
"Lauer, Eric",641778,L,2026,466,107,64,16,1,26,72,35,15.5,7.5,.256,.486,.318,0.804,0.230,.256,.475,.347,.342,.319,.219,88.7,22,34.8,11,36,78.165668324,18.6,51.9,39.7,25.8,31.7,38.2,20.4
"Webb, Jacob",657097,R,2026,281,59,44,5,0,10,72,25,25.6,8.9,.234,.373,.302,0.675,0.139,.253,.408,.300,.322,.323,.155,88.7,13.3,40.4,7.8,41.5,77.439244889,33.3,49.8,45.4,17.5,40.4,25.1,28.4
"Schultz, Paxton",687606,R,2026,153,43,30,7,1,5,32,12,20.9,7.8,.314,.489,.371,0.860,0.175,.275,.453,.372,.342,.333,.177,91,20.2,35.5,8.4,39.3,82.112614528,18.7,44.8,33.6,27.1,34.6,36.4,22.4
"Phillips, Tyler",663969,R,2026,520,109,75,14,3,17,99,52,19,10,.236,.390,.317,0.707,0.154,.255,.415,.314,.330,.334,.159,89.5,9.9,32.3,7.9,42.5,79.111119945,26.1,45.8,41.4,23.6,47.4,28.2,21.9
"Weiss, Ryan",680802,R,2026,131,35,24,2,1,8,30,20,22.9,15.3,.315,.568,.420,0.988,0.253,.269,.488,.426,.379,.381,.218,90.3,16.8,39.5,11.1,49.4,79.367410488,23.7,44.5,42,27.2,33.3,27.2,30.9
"Ginkel, Kevin",656464,R,2026,266,57,35,12,1,9,67,16,25.2,6,.234,.402,.279,0.681,0.168,.233,.400,.294,.297,.280,.168,89.7,15.1,32.4,9.3,40.1,79.430806517,29.1,50.2,40.1,24.2,40.1,28.6,24.2
"Sommers, Drew",805427,L,2026,166,35,29,2,0,4,60,13,36.1,7.8,.236,.331,.311,0.642,0.095,.178,.248,.286,.229,.249,.070,85.3,2.3,24.4,3.3,30,73.296619302,31.2,49.9,32.2,27.8,63.3,14.4,18.9
"Mize, Casey",663554,R,2026,528,116,64,36,1,15,109,36,20.6,6.8,.241,.414,.293,0.707,0.173,.234,.386,.307,.298,.290,.151,89.1,18.5,35.7,8.1,38.6,78.853882381,23.6,47.6,39.4,26.5,33.6,31.2,25.5
"Ober, Bailey",641927,R,2026,535,123,76,28,0,19,91,36,17,6.7,.248,.420,.302,0.722,0.172,.250,.448,.316,.325,.304,.198,88.7,21.2,30.1,9.6,37,77.807623911,19.9,49.3,46.7,21.7,35.3,32.1,20.5
"Raya, Marco",694397,R,2026,25,5,4,0,0,1,4,3,16,12,.227,.364,.320,0.684,0.137,.274,.407,.308,.341,.361,.133,87,10.3,38.9,5.6,27.8,76.521663333,26.2,42,44.4,11.1,44.4,33.3,22.2
"Griffin, Foster",656492,L,2026,721,164,109,30,2,23,158,45,21.9,6.2,.248,.404,.305,0.709,0.156,.262,.414,.311,.320,.318,.152,87.8,11.9,36.6,8.3,37,75.80857136,23.2,48.4,41.1,21.7,45.5,24.8,24.2
"Aldegheri, Sam",691951,L,2026,151,31,21,4,1,5,22,17,14.6,11.3,.238,.400,.325,0.725,0.162,.271,.450,.319,.355,.357,.179,86.8,20.7,35.1,9,35.1,74.746252182,20.4,45.7,42.3,21.6,37.8,31.5,20.7
"Wesneski, Hayden",669713,R,2026,219,43,28,8,3,4,41,19,18.7,8.7,.219,.352,.294,0.646,0.133,.245,.368,.288,.304,.315,.123,87.7,13.1,32.5,5.7,40.1,75.492928333,22.6,48.8,42,19.1,42.7,21.7,26.1
"Anderson, Drew",623454,R,2026,457,94,60,17,1,16,114,44,24.9,9.6,.233,.400,.316,0.716,0.167,.226,.374,.316,.305,.311,.147,89.7,10.9,30,8.6,37.9,79.762807153,27,49.2,39.6,24.9,48.8,24.2,19.1
"Johnson, Ty",694494,R,2026,28,5,3,1,0,1,11,3,39.3,10.7,.217,.391,.296,0.687,0.174,.176,.291,.299,.261,.272,.116,88.6,21.9,50,14.3,35.7,77.321777143,33.3,48.8,35.7,28.6,21.4,35.7,35.7
"Cellucci, Brendan",676454,L,2026,23,1,0,0,1,0,8,3,34.8,13,.050,.150,.174,0.324,0.100,.173,.380,.136,.275,.248,.207,93,18.4,25,8.3,41.7,86.021705,35.1,42.5,50,25,33.3,58.3,8.3
"Tiedemann, Ricky",694357,L,2026,29,5,5,0,0,0,8,6,27.6,20.7,.227,.227,.414,0.641,0.000,.239,.302,.323,.347,.423,.063,88.4,18.5,50,0,28.6,80.699232857,33.3,34.1,42.9,14.3,35.7,14.3,42.9
"Alexander, Jason",669920,R,2026,84,21,11,3,3,4,14,8,16.7,9.5,.280,.560,.357,0.917,0.280,.257,.415,.391,.332,.338,.158,87.1,12.9,31.1,10,37.7,75.822892333,20.3,44.5,52.5,18,44.3,27.9,21.3
"Santillan, Tony",663574,R,2026,191,40,25,4,0,11,36,28,18.8,14.7,.256,.494,.372,0.866,0.238,.262,.520,.373,.385,.373,.258,91.4,18.9,36.8,13.8,45.6,82.241141167,22.9,43.8,39.2,22.4,34.4,38.4,21.6
"Klein, Will",694361,R,2026,189,44,37,4,0,3,49,21,25.9,11.1,.267,.345,.360,0.705,0.078,.235,.302,.319,.289,.326,.067,88.5,5.4,30.2,2.6,37.9,77.11063193,23.9,43.3,25,28.4,56,10.3,24.1
"Tidwell, Blade",694918,R,2026,235,46,32,6,0,8,46,21,19.6,8.9,.223,.369,.311,0.680,0.146,.238,.384,.304,.317,.326,.146,88.4,21.7,29,10.5,37.7,77.154431605,23.1,44.3,42,25.9,38.3,27.8,19.1
"Gilbert, Tyler",656457,L,2026,32,12,5,5,0,2,4,4,12.5,12.5,.429,.821,.500,1.321,0.392,.343,.635,.552,.450,.425,.292,95.1,11.7,41.7,12.5,62.5,87.93539,20,44.8,54.2,16.7,37.5,33.3,29.2
"Fulton, Dax",690978,L,2026,110,19,14,2,2,1,26,15,23.6,13.6,.204,.301,.318,0.619,0.097,.213,.313,.286,.298,.330,.099,89.6,3.9,30.9,6,41.2,78.978129706,27.1,43.9,38.2,23.5,58.8,11.8,25
"Martin, Davis",663436,R,2026,610,143,99,30,0,14,121,45,19.8,7.4,.260,.390,.325,0.715,0.130,.270,.412,.318,.330,.336,.143,90.3,12.5,34.1,6.5,44.7,79.654317075,23.4,48.3,40.3,21.4,43.1,23.3,27.4
"Díaz, Jhonathan",646242,L,2026,6,2,1,0,0,1,1,0,16.7,0,.333,.833,.333,1.166,0.500,.299,.796,.490,.457,.299,.497,87.9,11.8,20,20,20,79.036543333,0,36,40,40,40,20,20
"Gonsolin, Tony",664062,R,2026,15,4,2,1,0,1,5,3,33.3,20,.333,.667,.467,1.134,0.334,.206,.463,.479,.365,.365,.256,78.9,-14.8,28.6,14.3,28.6,62.536505,27.3,34.9,28.6,42.9,57.1,14.3,14.3
"Hoppe, Alex",695380,R,2026,186,40,26,11,0,3,45,19,24.2,10.2,.245,.368,.330,0.698,0.123,.252,.338,.309,.300,.328,.087,87.9,3.3,32.5,3.3,38.3,76.0651975,25.7,46.6,44.2,19.2,47.5,18.3,30
"Perdomo, Cesar",702885,L,2026,104,27,20,2,1,4,14,7,13.5,6.7,.284,.453,.327,0.780,0.169,.267,.427,.337,.324,.316,.160,89.4,13.1,37.3,7.2,42.2,79.46218439,19.9,49.6,39.8,22.9,42.2,30.1,21.7
"Garrett, Braxton",666129,L,2026,28,7,3,4,0,0,5,8,17.9,28.6,.368,.579,.536,1.115,0.211,.240,.389,.475,.386,.457,.149,85.6,22.2,33.3,14.3,26.7,72.225621429,23.5,39.5,53.3,26.7,46.7,33.3,13.3
"Pérez, Martín",527048,L,2026,596,119,83,17,5,14,102,62,17.1,10.4,.228,.359,.310,0.669,0.131,.262,.386,.298,.326,.342,.124,87.9,9.4,34,4.7,35,76.464463636,21.1,43,47.6,18.2,47.6,21.4,24.9
"Aguiar, Julian",687924,R,2026,14,4,4,0,0,0,2,1,14.3,7.1,.308,.308,.357,0.665,0.000,.200,.303,.304,.251,.257,.103,82.6,19,45.5,0,36.4,70.667311667,12,46.3,18.2,27.3,45.5,27.3,18.2
"Mayza, Tim",641835,L,2026,261,55,37,10,2,6,63,17,24.1,6.5,.229,.362,.282,0.644,0.133,.231,.368,.281,.283,.278,.137,89.3,8.8,33.3,6.1,45,77.88185809,22.9,45.4,28.9,26.1,48.3,21.7,26.1
"Kriske, Brooks",621139,R,2026,10,2,2,0,0,0,2,0,20,0,.200,.200,.200,0.400,0.000,.249,.319,.178,.244,.249,.071,88.1,37.3,25,12.5,37.5,77.2713125,22.2,47.4,62.5,0,25,0,25
"Brieske, Beau",689225,R,2026,91,20,13,2,0,5,21,6,23.1,6.6,.235,.435,.286,0.721,0.200,.234,.400,.314,.300,.284,.167,90.3,15.7,25,7.8,46.9,80.166889063,21.2,51.5,50,15.6,43.8,26.6,20.3
"Collyer, Gavin",686560,R,2026,105,15,10,4,0,1,22,19,21,18.1,.188,.275,.381,0.656,0.087,.192,.278,.317,.318,.378,.087,86.7,17.1,34.5,3.4,29.3,75.467354828,27.1,37.2,43.1,27.6,36.2,24.1,22.4
"Trivino III, Lou",642152,R,2026,36,10,7,1,1,1,7,7,19.4,19.4,.370,.593,.500,1.093,0.223,.217,.323,.465,.330,.385,.106,85.3,12.8,42.9,4.8,38.1,73.490401818,31.7,43.8,42.9,14.3,38.1,23.8,33.3
"Lee, Chase",695445,R,2026,42,8,5,0,0,3,5,8,11.9,19,.242,.515,.390,0.905,0.273,.227,.331,.379,.312,.346,.104,87.1,10.1,24.1,10.3,34.5,75.198984286,21.4,38.4,37.9,20.7,48.3,31,13.8
"Wiemer, Joey",686894,R,2026,16,7,5,1,0,1,0,2,0,12.5,.583,.917,.625,1.542,0.334,.423,.632,.618,.473,.505,.209,90.6,25.9,53.8,7.7,30.8,84.169162857,0,40,53.8,30.8,15.4,46.2,30.8
"Uberstine, Tyler",700413,R,2026,11,3,1,1,0,1,2,1,18.2,9.1,.300,.700,.364,1.064,0.400,.274,.551,.445,.378,.340,.277,87.4,22.8,50,12.5,37.5,76.1356025,30.8,57.8,37.5,37.5,12.5,50,37.5
"Duran, Carlos",679922,R,2026,9,2,2,0,0,0,1,3,11.1,33.3,.333,.333,.556,0.889,0.000,.166,.199,.431,.334,.444,.033,75.9,-3.4,40,0,0,67.74778,30,28.6,20,40,80,0,20
"Hagenman, Justin",663795,R,2026,16,3,2,0,0,1,2,1,12.5,6.3,.200,.400,.250,0.650,0.200,.289,.648,.283,.413,.334,.358,93.5,25.4,46.2,23.1,38.5,87.53844,17.9,45.2,38.5,15.4,23.1,46.2,23.1
"Maxwell, Zach",687209,R,2026,67,18,13,2,0,3,12,10,17.9,14.9,.321,.518,.418,0.936,0.197,.274,.452,.406,.366,.383,.178,91.3,22.3,37.8,11.4,39.5,82.500818182,16.4,43.7,26.7,31.1,26.7,31.1,28.9
"Kochanowicz, Jack",686799,R,2026,296,65,50,6,2,7,47,36,15.9,12.2,.259,.382,.358,0.740,0.123,.272,.439,.331,.358,.371,.167,89.4,4.7,30.3,7.4,42.8,77.89732901,23.6,45.2,41.8,23.6,57.2,19.7,18.8
"Woodruff, Brandon",605540,R,2026,174,28,17,6,0,5,47,10,27,5.7,.174,.304,.224,0.528,0.130,.200,.358,.231,.263,.247,.157,90,23.5,29.3,7.8,34.5,81.369078621,23.6,51,30.2,33.6,27.6,42.2,20.7
"Adams, Travis",701519,R,2026,239,51,30,10,3,8,58,24,24.3,10,.241,.429,.315,0.744,0.188,.238,.397,.325,.314,.315,.159,86.7,13.7,37.6,6.4,31.8,74.619248947,27.6,48.2,37.6,25.5,40.8,28.7,23.6
"Abner, Philip",691769,L,2026,86,21,12,3,0,6,10,11,11.6,12.8,.284,.568,.372,0.940,0.284,.298,.570,.401,.408,.386,.272,89.8,10.8,38.5,15.4,38.5,78.971711875,18.2,47.3,43.1,21.5,41.5,32.3,24.6
"Barlow, Scott",605130,R,2026,153,26,12,7,0,7,29,20,19,13.1,.210,.435,.346,0.781,0.225,.236,.448,.341,.359,.362,.212,87.9,18.9,30.9,9.3,36.1,77.463891633,33.1,42.7,46.4,17.5,37.1,35.1,20.6
"Gray, Peyton",682608,R,2026,249,56,36,9,2,9,60,17,24.1,6.8,.251,.430,.309,0.739,0.179,.236,.375,.317,.292,.289,.139,87,17.8,33.9,7.2,34.5,75.594274146,25.4,50.1,38.1,22.6,36.9,25,27.4
"Sewald, Paul",623149,R,2026,215,39,19,5,2,13,53,13,24.7,6,.201,.448,.262,0.710,0.247,.219,.465,.302,.315,.275,.246,89.8,28.2,39.3,13.8,39.3,79.458132361,26.5,51.7,40.7,24.8,22.1,43.4,19.3
"Sanders, Cam",676742,R,2026,128,22,17,4,0,1,37,20,28.9,15.6,.214,.282,.362,0.644,0.068,.212,.302,.305,.310,.356,.090,88,13.7,26.9,4.5,31.3,77.996477879,37.3,44.7,41.8,22.4,44.8,25.4,23.9
"Kent, Zak",687849,R,2026,77,19,8,7,1,3,12,8,15.6,10.4,.279,.544,.351,0.895,0.265,.259,.447,.380,.349,.339,.188,90,15.5,35.1,12.3,43.9,80.695861379,21.1,48.3,43.9,21.1,36.8,38.6,21.1
"Leahy, Kyle",681517,R,2026,587,144,95,33,1,15,129,41,22,7,.268,.417,.325,0.742,0.149,.272,.445,.327,.337,.329,.173,91.1,9.8,36.3,9.7,47,80.621636244,22.4,46.3,40.4,22.1,45.7,23.8,26
"Leasure, Jordan",673929,R,2026,78,15,7,2,0,6,18,8,23.1,10.3,.217,.507,.295,0.802,0.290,.269,.624,.337,.406,.337,.356,92.4,26.9,44.2,25,44.2,83.107416154,26.5,51.8,40.4,19.2,23.1,50,17.3
"Higgins, P.J.",664731,R,2026,3,0,0,0,0,0,1,0,33.3,0,.000,.000,.000,0.000,0.000,.030,.045,.000,.034,.030,.016,78,55.1,0,0,0,76.57081,40,50,50,0,0,50,0
"Speier, Gabe",642100,L,2026,187,35,22,7,1,5,44,15,23.5,8,.215,.362,.297,0.659,0.147,.214,.381,.290,.296,.290,.167,87.9,13.1,28.5,9.8,35.8,76.275555,24.3,51.8,32.5,26.8,44.7,27.6,20.3
"Yan, Jefry",642376,L,2026,81,15,12,1,0,2,24,12,29.6,14.8,.231,.338,.350,0.688,0.107,.221,.298,.314,.301,.345,.076,87.9,7,31.8,4.5,40.9,76.194943182,36.6,46.2,45.5,25,52.3,22.7,20.5
"Barnes, Charlie",656212,L,2026,63,17,11,3,0,3,6,7,9.5,11.1,.309,.527,.397,0.924,0.218,.321,.531,.402,.403,.407,.210,92.5,8.6,36.7,8.2,46.9,82.8940512,15.1,42.8,42.9,10.2,46.9,16.3,30.6
"Nance, Tommy",667297,R,2026,255,59,45,6,0,8,68,23,26.7,9,.261,.394,.327,0.721,0.133,.254,.411,.315,.320,.317,.157,88.7,9,32.5,7.4,38,77.815479877,26.4,47.6,31.9,20.9,48.5,22.1,24.5
"Richards, Trevor",670950,R,2026,329,68,38,18,1,11,70,25,21.3,7.6,.229,.407,.287,0.694,0.178,.239,.415,.297,.310,.292,.175,90.8,21.8,36.5,8.6,40.8,81.836268362,21.6,48.7,35.6,27.5,29.6,38.2,21.9
"Walker, Ryan",676254,R,2026,155,40,31,2,2,5,23,19,14.8,12.3,.310,.473,.397,0.870,0.163,.254,.393,.375,.323,.338,.139,86.5,8.4,31.3,6.3,34.8,74.555571481,14.9,42.9,25,31.3,46.4,24.1,24.1
"Rogers, Trevor",669432,L,2026,682,157,99,34,5,19,153,39,22.4,5.7,.248,.407,.292,0.699,0.159,.237,.381,.304,.291,.284,.144,88.1,17.9,31.6,6.6,36.1,77.005614333,24.3,53,36.3,24.4,39.6,24.8,24.2
"Orze, Eric",679358,R,2026,189,42,27,13,1,1,36,21,19,11.1,.264,.377,.348,0.725,0.113,.253,.367,.318,.313,.335,.114,86.3,12.8,36.2,7,29.2,74.549417813,21.8,43.4,43.8,18.5,43.8,19.2,27.7
"McCullers Jr., Lance",621121,R,2026,195,41,21,12,1,7,48,27,24.6,13.8,.247,.458,.359,0.817,0.211,.236,.378,.359,.328,.350,.142,90.5,13.4,37.3,7.6,47.5,80.217222034,27.9,41.6,48.3,21.2,44.1,24.6,22
"Teng, Kai-Wei",678906,R,2026,329,69,43,14,2,10,73,33,22.2,10,.245,.415,.351,0.766,0.170,.249,.404,.342,.339,.354,.155,89.5,16,36.7,8.1,39,79.241448846,26.3,43.9,39,23.8,39.5,24.3,27.6
"Rea, Colin",607067,R,2026,581,135,91,22,1,21,100,47,17.2,8.1,.259,.425,.327,0.752,0.166,.274,.477,.331,.354,.341,.203,90,12.3,36.3,10.3,41.9,79.882397773,19.7,46.7,34.9,28.3,43.8,28.8,22.5
"Hoffmann, Andrew",694851,R,2026,59,16,10,3,0,3,12,8,20.3,13.6,.333,.583,.431,1.014,0.250,.243,.399,.434,.336,.356,.156,89.9,18.1,29.7,8.1,43.2,78.079481111,19.1,38.7,40.5,32.4,35.1,29.7,27
"Sale, Chris",519242,L,2026,648,129,96,22,1,10,200,31,30.9,4.8,.215,.306,.270,0.576,0.091,.216,.327,.260,.267,.273,.111,87.8,11.7,34.3,6.2,35.1,76.8971828,30.4,50.7,37.6,23.9,44.5,24.6,24.9
"Bellozo, Valente",678368,R,2026,48,10,5,0,0,5,8,7,16.7,14.6,.256,.641,.383,1.024,0.385,.316,.737,.420,.475,.408,.421,91.3,20,43.8,15.6,50,80.20477375,29.5,45.9,43.8,25,28.1,40.6,21.9
"Ribalta, Orlando",687377,R,2026,178,34,24,5,0,5,42,18,23.6,10.1,.217,.344,.294,0.638,0.127,.209,.382,.285,.296,.289,.173,84.6,18.2,27.1,7.6,32.2,72.185457966,26.7,51.5,41.5,19.5,39.8,31.4,16.1
"Bello, Brayan",678394,R,2026,488,119,89,17,1,12,90,35,18.4,7.2,.272,.397,.331,0.728,0.125,.284,.442,.320,.340,.339,.158,88.9,6.2,32.6,7.6,39.9,77.118497943,24.7,49.8,50,16.9,54.2,21.3,22.2
"Montero, Keider",672456,R,2026,625,124,78,27,2,17,107,37,17.1,5.9,.216,.359,.269,0.628,0.143,.231,.381,.275,.290,.282,.150,88.5,16.8,30.5,7.2,36.4,78.321199402,18.4,47.7,36.2,25.3,40.2,27.2,20.6
"Morejon, Adrian",670970,L,2026,342,64,51,9,0,4,103,26,30.1,7.6,.207,.275,.278,0.553,0.068,.196,.266,.244,.236,.254,.070,86.3,1,28.4,2.4,31.7,74.146683462,34,52.4,31.7,26.9,58.7,14.9,22.6
"Estrada, Lazaro",681751,R,2026,57,8,6,0,0,2,9,10,15.8,17.5,.178,.311,.333,0.644,0.133,.217,.366,.294,.334,.359,.149,89.2,14.6,32.4,8.1,40.5,80.22987,23.8,44.3,43.2,16.2,43.2,29.7,21.6
"Sullivan, Sean",807743,L,2026,114,34,13,14,2,5,16,11,14,9.6,.343,.677,.421,1.098,0.334,.241,.431,.461,.335,.334,.190,88.5,28.6,44,9.5,34.5,78.262507381,16.2,47.8,35.7,38.1,20.2,40.5,29.8
"Straw, Myles",664702,R,2026,20,8,7,0,0,1,0,1,0,5,.421,.579,.450,1.029,0.158,.319,.485,.449,.365,.353,.166,83.2,8.6,26.3,5.3,26.3,72.232687,8,46.3,52.6,31.6,52.6,15.8,21.1
"Abel, Mick",690953,R,2026,93,22,16,6,0,0,23,10,24.7,10.8,.275,.350,.376,0.726,0.075,.273,.413,.329,.349,.368,.139,87.7,14.6,42.1,5.3,40.4,75.9787175,28.8,49.6,38.6,26.3,40.4,24.6,28.1
"Vásquez, Randy",681190,R,2026,566,138,88,30,4,16,85,37,15,6.5,.267,.433,.319,0.752,0.166,.288,.491,.327,.358,.339,.202,91.4,16.3,35.8,9.8,43.7,82.100040367,19.1,50.5,44.2,20,40.1,27.8,25.5
"Trevino, Jose",624431,R,2026,49,22,15,4,0,3,3,1,6.1,2,.468,.745,.490,1.235,0.277,.379,.635,.530,.444,.404,.256,89.8,18.5,43.2,13.6,43.2,78.573513636,7.7,51.2,50,15.9,34.1,27.3,34.1
"Johnson, Pierce",572955,R,2026,206,45,28,8,1,8,41,19,19.9,9.2,.245,.429,.312,0.741,0.184,.260,.445,.323,.335,.327,.185,90.2,16.7,37,9.7,36.3,81.455630278,24.3,46.2,32.9,29.5,37,33.6,24.7
"Burgos, Juan",686228,R,2026,17,3,2,1,0,0,0,0,0,0,.214,.286,.267,0.553,0.072,.196,.374,.251,.274,.249,.179,84.6,27.7,12.5,6.3,25,71.981467143,10.3,54.7,43.8,18.8,50,18.8,6.3
"McDonald, Trevor",686790,R,2026,310,69,49,12,1,7,57,23,18.4,7.4,.255,.384,.338,0.722,0.129,.246,.359,.323,.311,.332,.113,89,3.7,27.6,4.2,37.8,78.341862897,21.3,44.5,39.6,21.7,54.4,17.5,24
"Way, Beck",694360,R,2026,105,27,22,1,0,4,21,10,20,9.5,.293,.435,.362,0.797,0.142,.257,.395,.350,.341,.341,.138,90.3,4,24.7,6.8,42.5,80.032778919,25.9,44.7,34.2,28.8,52.1,21.9,21.9
"Davila, Nick",689546,R,2026,119,24,17,5,0,2,13,13,10.9,10.9,.240,.350,.345,0.695,0.110,.274,.386,.315,.341,.373,.112,88.2,9.5,28.1,4.5,28.1,79.078879333,15.8,45.5,47.2,23.6,51.7,20.2,21.3
"Paddack, Chris",663978,R,2026,267,76,54,12,1,9,40,19,15,7.1,.314,.483,.366,0.849,0.169,.280,.450,.370,.342,.337,.170,88.8,15,34.5,8.4,36.9,77.7658922,21.4,50.1,40.3,25.2,39.3,29.1,25.7
"Varland, Gus",681402,R,2026,151,43,23,12,1,7,30,15,19.9,9.9,.326,.591,.387,0.978,0.265,.303,.579,.412,.400,.365,.276,93.8,20.3,46.2,16.2,50,84.997393333,21.6,49.9,45.3,26.4,28.3,32.1,30.2
"Williamson, Brandon",682227,L,2026,215,43,27,7,1,8,33,27,15.3,12.6,.238,.420,.344,0.764,0.182,.266,.468,.336,.365,.368,.201,88.9,15.1,35.8,9.3,41.7,77.453069067,24,44.2,40.4,21.2,40.4,27.2,23.2
"Rincon, Hancel",684516,R,2026,11,5,3,0,1,1,1,1,9.1,9.1,.556,1.111,.636,1.747,0.555,.472,.878,.704,.599,.568,.406,87.5,13.3,62.5,25,37.5,76.639775,13.6,51.2,75,0,25,37.5,37.5
"Boyd, Matthew",571510,L,2026,493,109,79,14,1,15,93,37,18.9,7.5,.243,.379,.311,0.690,0.136,.266,.426,.307,.332,.331,.161,88.4,14.5,33.4,8.1,38.2,76.900842102,22.6,48.8,40.7,22.5,42.4,24.4,23.3
"Seabold, Connor",657756,R,2026,113,30,22,6,0,2,20,9,17.7,8,.306,.429,.372,0.801,0.123,.253,.364,.352,.308,.328,.110,88.1,12.2,35.8,6.3,37,76.54324025,20,47.3,29.6,27.2,43.2,28.4,24.7
"Rangel, Alan",660604,R,2026,123,31,18,8,1,4,29,13,23.6,10.6,.290,.495,.374,0.869,0.205,.249,.370,.378,.318,.339,.121,88.1,21.8,29.1,5.1,30.4,77.783388462,24.4,50.1,57,16.5,32.9,29.1,24.1
"Gonzales, Marco",594835,L,2026,29,7,5,2,0,0,3,4,10.3,13.8,.280,.360,.379,0.739,0.080,.208,.294,.324,.267,.293,.086,84.8,18.4,31.8,4.5,22.7,75.285237273,17.3,44.1,45.5,18.2,36.4,27.3,27.3
"Cook, Alex",702047,R,2026,24,4,2,1,0,1,5,2,20.8,8.3,.182,.364,.250,0.614,0.182,.153,.276,.270,.222,.224,.123,89.6,26.7,47.1,5.9,35.3,81.092535556,22.5,40.8,29.4,35.3,17.6,29.4,35.3
"Sheehan, Emmet",686218,R,2026,472,99,52,26,0,21,132,33,28,7,.232,.441,.297,0.738,0.209,.218,.379,.320,.292,.285,.161,88.7,20.3,34.4,9.7,38.5,77.952393893,31.6,50.7,45.8,18.7,35.8,29.8,23.1
"Wells, Tyler",669330,R,2026,277,47,28,10,1,8,72,18,26,6.5,.187,.331,.244,0.575,0.144,.202,.346,.251,.266,.256,.145,88.1,25.9,35.1,7,33,78.441537253,30.6,52.3,36.8,25.4,27.6,33,23.2
"Wantz, Andrew",681806,R,2026,20,5,3,1,0,1,1,3,5,15,.333,.600,.500,1.100,0.267,.326,.582,.477,.463,.495,.256,87,19.6,50,7.1,35.7,75.693604286,14,53.1,42.9,21.4,21.4,28.6,35.7
"Mederos, Victor",682989,R,2026,140,27,19,5,2,1,32,13,22.9,9.3,.221,.320,.309,0.629,0.099,.235,.325,.286,.294,.322,.090,87.9,23.2,31.5,3.3,39.1,76.991164565,29.7,48.9,27.2,27.2,34.8,27.2,22.8
"Burkhalter, Blake",686628,R,2026,5,1,1,0,0,0,1,1,20,20,.333,.333,.400,0.733,0.000,.429,.551,.318,.395,.459,.122,93.4,29.9,66.7,0,66.7,89.14268,40,43.5,0,33.3,0,33.3,66.7
"Little, Luke",681432,L,2026,5,2,1,0,0,1,1,0,20,0,.400,1.000,.400,1.400,0.600,.338,.932,.588,.527,.338,.594,90,-2.5,25,25,50,72.514845,30,52.6,50,25,75,25,0
"Herrera, Welinton",700327,L,2026,10,2,2,0,0,0,2,1,20,10,.222,.222,.300,0.522,0.000,.288,.387,.248,.334,.360,.098,94.6,16.9,28.6,0,57.1,90.41355,19,46.7,28.6,14.3,28.6,42.9,28.6
"Kittredge, Andrew",552640,R,2026,215,55,39,10,0,6,40,12,18.6,5.6,.274,.413,.313,0.726,0.139,.266,.410,.314,.308,.300,.144,88.3,11,37.4,6.1,37.4,77.114212,23.1,53.6,49.1,13.5,43.6,25.8,26.4
"Webb, Logan",657277,R,2026,668,147,110,16,8,13,134,41,20.1,6.1,.240,.356,.299,0.655,0.116,.259,.386,.292,.311,.317,.127,88.3,7.4,31,5.8,38.9,76.910324286,21.5,47.6,40.3,24.9,51.8,20.6,23.1
"Guerrero, Tyron",594027,R,2026,166,37,31,4,0,2,41,8,24.7,4.8,.239,.303,.285,0.588,0.064,.220,.308,.263,.254,.263,.088,85.8,2.9,29.6,3.5,33,73.587211455,24.1,57.3,30.4,31.3,54.8,18.3,22.6
"Schlittler, Cam",693645,R,2026,747,126,81,26,3,16,234,47,31.3,6.3,.184,.301,.242,0.543,0.117,.206,.327,.243,.262,.262,.121,88.4,13.3,32.5,7.4,38.4,77.682247556,29.1,52,32.5,28.4,43.9,25.8,21.8
"Yamamoto, Yoshinobu",808967,R,2026,708,119,77,21,1,20,182,42,25.7,5.9,.182,.308,.237,0.545,0.126,.211,.335,.242,.266,.264,.124,87.7,9.2,29.1,6.5,35.5,76.04979859,27.9,49.6,43,23.5,48.6,22.9,21.4
"Bratt, Mitch",683352,L,2026,194,40,23,11,1,5,30,27,15.5,13.9,.244,.415,.354,0.769,0.171,.227,.356,.341,.312,.336,.129,87,25.3,30.9,6.6,33.8,76.395157121,14.9,47.2,39,25,28.7,31.6,22.1
"Medina, Luis",665622,R,2026,313,62,43,11,1,7,92,38,29.4,12.1,.234,.362,.334,0.696,0.128,.215,.356,.310,.300,.313,.141,89.9,12.4,36.3,8,38.5,79.930874828,32.4,43.6,38,24,39.7,31.8,22.9
"Messick, Parker",800048,L,2026,731,143,90,31,5,17,191,48,26.1,6.6,.212,.349,.268,0.617,0.137,.222,.337,.271,.272,.276,.115,87.4,14.5,31.4,4.9,33.8,76.151959623,25.7,48.5,36.3,27.7,45.1,21.7,22.1
"Senzatela, Antonio",622608,R,2026,304,73,55,9,3,6,58,25,19.1,8.2,.266,.387,.330,0.717,0.121,.258,.375,.315,.309,.320,.117,88.9,9.5,32,6.4,40.6,77.346310556,23.6,49.3,28.8,27.4,48.9,23.7,21.9
"Chapman, Aroldis",547973,L,2026,213,35,22,9,1,3,71,23,33.3,10.8,.187,.294,.280,0.574,0.107,.179,.277,.263,.253,.272,.099,88.7,11.8,26.3,6.8,38.1,77.162659107,30.4,52,36.4,22.9,48.3,28,16.9
"Herget, Kevin",643361,R,2026,3,0,0,0,0,0,0,0,0,0,.000,.000,.000,0.000,0.000,.125,.178,.000,.128,.125,.054,93.6,18.9,33.3,0,33.3,90.65818,0,45.5,100,0,33.3,33.3,33.3
"Bubic, Kris",663460,L,2026,222,39,26,8,1,4,55,26,24.8,11.7,.201,.314,.302,0.616,0.113,.233,.377,.282,.316,.330,.144,89.5,11.2,36.7,7.2,38.8,79.235552609,26.4,47.9,42.4,18.7,48.2,27.3,20.9
"Thornton, Trent",663423,R,2026,196,41,25,8,0,8,31,17,15.8,8.7,.234,.417,.313,0.730,0.183,.254,.457,.318,.339,.324,.203,90.4,13.2,31.7,10.3,44.4,80.178630694,20.6,48.9,37.9,25.5,46.9,27.6,17.9
"Smith, Hagen",696146,L,2026,107,11,7,3,0,1,40,15,37.4,14,.120,.185,.243,0.428,0.065,.162,.229,.211,.243,.281,.067,87.5,10.7,36.5,1.9,34.6,76.408571923,36.6,42.4,50,11.5,42.3,19.2,30.8
"Knack, Landon",689017,R,2026,50,12,6,1,1,4,8,2,16,4,.261,.587,.300,0.887,0.326,.221,.445,.370,.311,.271,.224,90.6,23.1,35.9,12.8,43.6,82.654438,20.9,48.7,46.2,30.8,28.2,38.5,23.1
"Jax, Griffin",643377,R,2026,449,95,65,15,0,15,115,35,25.6,7.8,.236,.386,.297,0.683,0.150,.253,.411,.299,.320,.314,.158,88.9,11,34,8.8,39.7,77.785726897,30.1,48.2,40.7,22.6,46.5,24.2,24.2
"Vesia, Alex",681911,L,2026,231,30,19,6,1,4,71,32,30.7,13.9,.152,.253,.268,0.521,0.101,.166,.285,.239,.259,.275,.119,87.6,21.6,28.9,6.3,34.4,77.502947656,32.8,48,34.4,29.7,29.7,39.1,19.5
"Murray, Jayden",681151,R,2026,79,25,15,7,0,3,14,9,17.7,11.4,.362,.594,.430,1.024,0.232,.272,.494,.438,.363,.352,.222,91.4,20.9,41.1,14.3,42.9,82.821043214,27.7,48.7,44.6,32.1,26.8,42.9,28.6
"Flaherty, Jack",656427,R,2026,389,80,46,20,3,11,102,42,26.2,10.8,.240,.416,.333,0.749,0.176,.236,.394,.330,.323,.331,.158,90.5,22,39.9,8.4,46.2,80.250628803,27.1,45.1,42,26.1,31.5,31.5,26.5
"McLean, Nolan",690997,R,2026,747,140,98,25,0,17,194,70,26,9.4,.214,.331,.303,0.634,0.117,.219,.339,.288,.294,.310,.119,87.9,10.4,32.5,6.5,35.5,76.941804391,23.6,44.3,38.7,27.6,45.9,23.9,23.7
"Ashcraft, Braxton",677952,R,2026,667,145,98,23,2,22,173,35,25.9,5.2,.235,.386,.281,0.667,0.151,.232,.369,.292,.287,.281,.137,89.7,11,32.1,6.2,41.6,79.124396652,25.6,52,36.1,23,46.5,25.4,21.5
"Ross, Joe",605452,R,2026,57,16,10,3,0,3,7,6,12.3,10.5,.314,.549,.386,0.935,0.235,.307,.524,.404,.391,.380,.216,86.2,15.5,31.8,11.4,36.4,73.661929091,30,53.7,50,18.2,43.2,20.5,20.5
"Smith, Dylan",681916,R,2026,170,35,27,5,0,3,43,21,25.3,12.4,.248,.348,.345,0.693,0.100,.222,.362,.306,.305,.316,.139,89.8,19.1,36.5,5.8,47.1,79.148683,25.2,48.7,44.2,18.3,37.5,24,24
"McGreevy, Michael",700241,R,2026,677,159,100,35,3,21,113,46,16.7,6.8,.255,.421,.304,0.725,0.166,.281,.474,.316,.350,.331,.193,89.8,10.8,34.4,9.3,41,79.06622582,20.2,44.7,36.2,23,44.1,27.9,24.2
"Burke, Brock",656271,L,2026,310,53,35,11,2,5,74,40,23.9,12.9,.202,.316,.315,0.631,0.114,.215,.338,.282,.296,.316,.123,87.8,17.4,33.3,8.1,31.8,77.30070087,28.8,45.6,32.3,24,39.6,30.7,22.4
"Seymour, Ian",693855,L,2026,534,113,62,21,5,25,155,36,29,6.7,.233,.451,.290,0.741,0.218,.221,.402,.317,.295,.276,.181,88.3,20.5,34.6,10.4,37.3,77.199485152,29.4,51.5,45,19.2,34.6,30.8,23.4
"Rodríguez, Yariel",684320,R,2026,45,12,9,1,0,2,6,7,13.3,15.6,.324,.514,.444,0.958,0.190,.295,.495,.422,.402,.421,.199,87.2,16.1,38.7,12.9,32.3,75.308805,15.7,40.7,38.7,32.3,38.7,22.6,29
"Cabrera, Jose",703615,R,2026,119,27,19,4,0,4,18,10,15.1,8.4,.257,.410,.339,0.749,0.153,.251,.437,.333,.339,.334,.186,88.5,14.8,23.9,8,33,77.875128,19.4,44,38.6,22.7,47.7,25,17
"Kinley, Tyler",641755,R,2026,229,39,23,6,0,10,48,26,21,11.4,.198,.381,.300,0.681,0.183,.200,.350,.296,.285,.289,.150,84.8,20.9,31.6,6.6,27.6,72.954003333,27.4,44.8,50,23,34.9,32.2,20.4
"Perales, Luis",691384,R,2026,60,15,8,2,0,5,13,13,21.7,21.7,.319,.681,.467,1.148,0.362,.246,.488,.483,.394,.409,.242,90.7,18.2,44.1,14.7,50,80.658115882,33.6,50,38.2,23.5,38.2,35.3,20.6
"Zimmermann, Bruce",669145,L,2026,21,6,3,3,0,0,2,1,9.5,4.8,.300,.450,.333,0.783,0.150,.235,.324,.341,.261,.271,.089,87.2,22.6,33.3,0,27.8,76.5576,10.3,40.3,27.8,27.8,33.3,33.3,22.2
"Petersen, Michael",656848,R,2026,264,45,26,13,1,5,81,28,30.7,10.6,.194,.323,.292,0.615,0.129,.190,.353,.277,.284,.283,.163,90.7,21.1,31.1,12,42.4,80.867947867,30.5,50.6,35.1,22.5,35.8,30.5,19.2
"Pintaro, Jonathan",702752,R,2026,127,24,16,3,0,5,30,15,23.6,11.8,.224,.393,.336,0.729,0.169,.219,.371,.328,.317,.333,.152,89.5,17.1,26.6,6.4,40.5,79.024258158,25.8,46,27.8,26.6,43,26.6,21.5
"Kelly, Antoine",681520,L,2026,4,0,0,0,0,0,1,1,25,25,.000,.000,.250,0.250,0.000,.396,.448,.175,.454,.547,.052,99.4,4.3,0,0,100,97.00853,14.3,38.9,50,0,100,0,0
"Eflin, Zach",621107,R,2026,17,4,2,1,0,1,7,2,41.2,11.8,.267,.533,.353,0.886,0.266,.202,.404,.382,.307,.296,.202,99.1,8.7,12.5,25,75,92.6260325,35.3,45.9,75,0,62.5,25,12.5
"Alcantara, Sandy",645261,R,2026,890,204,140,37,3,24,152,59,17.1,6.6,.250,.390,.306,0.696,0.140,.251,.377,.308,.302,.308,.126,88.7,13.7,32.7,5.5,36.1,78.031119149,21,50.7,34.6,27,42.4,24.8,23.6
"Imai, Tatsuya",837227,R,2026,335,58,40,9,0,9,96,51,28.7,15.2,.209,.339,.338,0.677,0.130,.222,.381,.311,.330,.349,.159,88.8,12.6,38,9.2,44.6,77.559382967,32.8,43.7,38.6,27.7,42.4,26.6,23.9
"Stanek, Ryne",592773,R,2026,262,52,35,7,1,9,65,30,24.8,11.5,.227,.384,.322,0.706,0.157,.228,.377,.314,.310,.320,.149,89.1,13.8,29.9,7.9,36.6,78.217419878,30.1,49.1,45.1,29.9,40.9,26.2,23.2
"Doval, Camilo",666808,R,2026,266,57,41,9,0,7,62,32,23.3,12,.257,.392,.347,0.739,0.135,.228,.341,.325,.304,.326,.113,90.9,7,28.4,6.5,47.9,81.199986829,27.6,46.5,40.2,24.3,52.7,18.3,22.5
"Sinclair, Jack",695378,R,2026,38,4,1,3,0,0,6,4,15.8,10.5,.129,.226,.289,0.515,0.097,.209,.297,.254,.309,.355,.087,89.7,7.4,24,4,44,77.963778462,16.1,46.6,32,28,52,28,20
"Scherzer, Max",453286,R,2026,337,72,46,11,0,15,61,34,18.1,10.1,.241,.428,.321,0.749,0.187,.239,.406,.330,.320,.320,.167,87.4,22.1,33.8,8.8,33.8,76.40768042,20.4,49.4,46.7,25.4,31.7,32.9,20.4
"Heasley, Jonathan",669169,R,2026,19,8,4,2,0,2,2,0,10.5,0,.421,.842,.421,1.263,0.421,.352,.791,.536,.479,.352,.439,95.1,16.8,41.2,11.8,58.8,88.27628,7.9,59.4,47.1,17.6,29.4,47.1,23.5
"Williams, Devin",642207,R,2026,181,43,31,9,0,3,52,21,28.7,11.6,.272,.386,.358,0.744,0.114,.221,.311,.332,.282,.309,.090,87.7,16.5,36.1,4.6,29.6,78.058143585,34.9,51,46.3,26.9,39.8,19.4,29.6
"Rucker, Michael",621074,R,2026,173,38,27,5,0,6,45,15,26,8.7,.245,.394,.320,0.714,0.149,.245,.386,.317,.313,.320,.140,88.4,9.3,34.2,9,36.9,77.192726364,24.6,46.8,36,29.7,45.9,19.8,27.9
"De los Santos, Yerry",660787,R,2026,84,16,13,1,0,2,15,8,17.9,9.5,.216,.311,.293,0.604,0.095,.255,.375,.269,.308,.319,.120,90.2,11,27.9,4.9,41,80.945148333,16.2,48.9,36.1,18,50.8,23,18
"Romero, JoJo",668941,L,2026,228,50,34,8,1,7,50,18,21.9,7.9,.245,.397,.319,0.716,0.152,.261,.428,.314,.331,.327,.167,90.4,7.7,34,7.7,39.1,79.449060263,21.3,41.6,41.7,18.6,51.9,21.8,22.4
"Antone, Tejay",622088,R,2026,229,43,25,11,1,6,55,18,24,7.9,.217,.374,.302,0.676,0.157,.226,.370,.297,.301,.306,.144,87.7,16.4,30.4,8.5,33.8,77.06460029,27.7,46.6,39.2,25.7,43.2,27.7,20.3
"Boyle, Joe",671212,R,2026,81,13,6,6,0,1,21,9,25.9,11.1,.186,.314,.275,0.589,0.128,.234,.361,.262,.307,.321,.127,86.5,19,39.2,4,39.2,73.4467232,24.2,45.2,33.3,23.5,41.2,21.6,19.6
"Stallings, Garrett",668831,R,2026,51,4,3,1,0,0,17,5,33.3,9.8,.087,.109,.176,0.285,0.022,.119,.135,.146,.169,.205,.016,86.7,26.8,17.2,0,17.2,78.897302857,33,46.9,37.9,37.9,34.5,44.8,10.3
"Kelly, Zack",677161,R,2026,71,14,12,1,0,1,14,7,19.7,9.9,.233,.300,.314,0.614,0.067,.290,.432,.280,.368,.376,.143,88.1,7.8,36.7,8.2,38.8,76.440982917,21.1,43.5,30.6,24.5,46.9,18.4,30.6
"Blewett, Scott",656240,R,2026,144,33,25,6,0,2,32,11,22.2,7.6,.256,.349,.308,0.657,0.093,.249,.343,.288,.295,.308,.095,87.8,6.7,29.7,5,34.7,77.2576878,26.7,53.3,36.6,19.8,54.5,18.8,22.8
"Rashi, Taylor",688497,R,2026,26,6,4,1,0,1,5,3,19.2,11.5,.261,.435,.346,0.781,0.174,.278,.462,.345,.359,.361,.184,89.2,11.7,38.9,5.6,50,78.103501111,33.3,51.1,38.9,16.7,44.4,27.8,27.8
"Severino, Luis",622663,R,2026,271,61,40,10,2,9,65,31,24,11.4,.258,.432,.349,0.781,0.174,.231,.388,.346,.318,.326,.157,88.8,11.6,34.1,8.7,38.7,78.384796047,23,47.6,36.4,22.5,45.1,26.6,23.7
"Miller, Bryce",682243,R,2026,459,94,57,15,2,20,112,36,24.4,7.8,.224,.413,.288,0.701,0.189,.224,.382,.306,.295,.288,.158,87.3,16.5,31.7,7.8,32,76.861280658,25.3,54,43.7,23.3,38.2,33.7,20.7
"Bigge, Hunter",685801,R,2026,85,14,7,6,0,1,14,14,16.5,16.5,.200,.329,.329,0.658,0.129,.230,.340,.297,.311,.346,.111,89.6,18.8,35.1,5.3,36.8,80.581132069,25.9,43.6,45.6,21.1,42.1,29.8,15.8
"Rodríguez, José",692064,R,2026,16,3,2,1,0,0,5,0,31.3,0,.188,.250,.188,0.438,0.062,.266,.341,.190,.264,.266,.076,83.8,20.9,45.5,0,27.3,70.141184,40,44.1,45.5,18.2,27.3,27.3,27.3
"Hollowell, Gavin",668970,R,2026,62,11,6,3,0,2,13,8,21,12.9,.208,.377,.323,0.700,0.169,.240,.447,.315,.351,.351,.206,87.3,26.6,40,15,35,75.8865825,27.8,42.7,25,27.5,20,42.5,25
"Assad, Javier",665871,R,2026,370,81,57,8,0,16,60,26,16.2,7,.240,.405,.299,0.704,0.165,.266,.429,.309,.329,.323,.162,89.7,11.3,33.1,6.8,44.1,79.442962464,15.2,44.3,34.2,25.3,48,27,18.9
"Kingham, Nolan",663884,R,2026,6,1,1,0,0,0,1,2,16.7,33.3,.333,.333,.500,0.833,0.000,.152,.175,.381,.333,.433,.024,83.7,19.6,33.3,0,0,79.57791,25,36.4,33.3,33.3,33.3,33.3,33.3
"Juenger, Hayden",696522,R,2026,81,24,17,6,1,0,6,8,7.4,9.9,.358,.478,.418,0.896,0.120,.313,.473,.388,.371,.382,.160,88.7,21.3,43.1,7.7,35.4,78.314023125,14.8,46.2,35.4,26.2,29.2,26.2,33.8
"Topa, Justin",623437,R,2026,108,31,23,4,0,4,15,12,13.9,11.1,.337,.511,.417,0.928,0.174,.288,.464,.403,.367,.377,.177,90,8.1,25.3,7.8,43,78.605425641,16.6,43.7,30.4,19,54.4,22.8,19
"Bednar, David",670280,R,2026,274,51,38,7,2,4,75,18,27.4,6.6,.204,.296,.259,0.555,0.092,.216,.312,.245,.262,.268,.095,87.2,8.8,26.8,5,35.2,75.86033125,30.8,53.6,47.5,15.6,51.4,20.7,17.9
"Mahle, Tyler",641816,R,2026,592,132,91,21,2,18,133,44,22.5,7.4,.246,.393,.304,0.697,0.147,.244,.386,.306,.304,.304,.141,89.6,12.7,32,6.3,37.4,79.996198276,23.1,46,38.6,21.8,44.2,26.7,22.6
"Drake, Kohl",684442,L,2026,95,24,11,7,1,5,17,7,17.9,7.4,.293,.585,.368,0.953,0.292,.298,.597,.403,.412,.376,.300,91.4,19.2,44.8,16.4,49.3,82.025661212,22,44,31.3,23.9,29.9,37.3,26.9
"Lodolo, Nick",666157,L,2026,462,108,66,18,4,20,80,44,17.3,9.5,.276,.495,.363,0.858,0.219,.293,.486,.371,.379,.383,.193,90,12.6,37.2,9.5,40.9,79.38968,21.3,45.5,33.4,23.5,41.5,26,27.9
"Fernandez, Ryan",681676,R,2026,100,19,10,7,0,2,28,11,28,11,.216,.364,.300,0.664,0.148,.218,.347,.295,.291,.303,.129,87.1,7.5,41,6.6,39.3,74.983979355,33.5,48.6,39.3,23,41,27.9,26.2
"Weissert, Greg",669711,R,2026,248,55,37,10,0,8,59,18,23.8,7.3,.244,.396,.304,0.700,0.152,.231,.369,.306,.294,.293,.138,86.9,11.6,31,5.4,31,76.325334337,24,49.9,38.7,20.8,42.3,31,20.2
"Hurt, Kyle",669165,R,2026,198,38,25,8,0,5,58,23,29.3,11.6,.220,.353,.315,0.668,0.133,.214,.366,.299,.299,.306,.152,89.7,12.4,31.9,7.8,40.5,79.299953448,34.6,51.8,39.7,23.3,43.1,24.1,25
"Beck, Tristan",663941,R,2026,72,17,12,2,1,2,7,5,9.7,6.9,.266,.422,.324,0.746,0.156,.243,.414,.326,.316,.307,.172,88.9,9.4,22,8.5,37.3,79.071294483,16.8,49.1,40.7,20.3,54.2,28.8,13.6
"Fuentes, Didier",800311,R,2026,291,55,42,8,0,5,92,21,31.6,7.2,.209,.297,.270,0.567,0.088,.215,.329,.252,.266,.271,.114,87.7,14.1,34.7,5.7,33.5,77.130926512,30.3,52.6,33.5,31.8,39.8,26.1,26.1
"Dobbins, Hunter",690928,R,2026,231,49,32,9,1,7,52,24,22.5,10.4,.240,.397,.326,0.723,0.157,.233,.366,.322,.306,.320,.132,88.4,12.1,35.9,7.2,39.2,77.503833553,23.1,44.5,45.1,20.9,43.8,26.8,24.8
"O'Brien, Riley",676617,R,2026,276,53,38,10,0,5,64,29,23.2,10.5,.227,.335,.337,0.672,0.108,.257,.406,.303,.340,.355,.149,88.9,7.1,34.1,7.6,42.2,76.971709286,26.8,44.3,31.8,26.6,47.4,20.8,29.5
"Santa, Alimber",695001,R,2026,59,8,6,1,0,1,9,6,15.3,10.2,.160,.240,.237,0.477,0.080,.207,.272,.218,.267,.290,.066,83.8,9.9,29.5,2.3,34.1,70.190901364,18.5,45.4,43.2,20.5,52.3,27.3,18.2
"Gallen, Zac",668678,R,2026,469,128,85,19,5,19,64,35,13.6,7.5,.300,.502,.357,0.859,0.202,.313,.531,.371,.385,.367,.218,90.8,12.1,35,10.9,44.2,80.20618989,19,46.1,46.4,19.7,44.3,27.3,24.9
"Rasmussen, Drew",656876,R,2026,669,125,92,18,1,14,174,32,26,4.8,.199,.298,.245,0.543,0.099,.227,.343,.243,.271,.272,.115,88.2,12.7,32.5,5.9,33.8,77.428542965,25.1,50.1,40.4,23,45,23.5,24.6
"Pallette, Peyton",688883,R,2026,97,17,11,4,0,2,22,16,22.7,16.5,.218,.346,.371,0.717,0.128,.250,.384,.333,.356,.397,.134,89.5,16.1,35.7,7.1,42.9,78.551397857,28.4,39.8,37.5,32.1,35.7,17.9,32.1
"Díaz, Yilber",700270,R,2026,34,12,6,3,1,2,6,5,17.6,14.7,.414,.793,.500,1.293,0.379,.362,.666,.539,.475,.456,.304,91.7,23.3,47.8,13,43.5,81.999389167,22.2,43.2,52.2,13,21.7,39.1,30.4
"Banda, Anthony",607455,L,2026,156,31,15,13,0,3,33,15,21.2,9.6,.235,.402,.348,0.750,0.167,.234,.375,.335,.325,.344,.141,90.2,16.1,32,7.1,39,80.496835625,26.7,44.9,31,27,41,32,22
"Clarke, Taylor",664199,R,2026,275,52,36,9,1,6,44,14,16,5.1,.206,.321,.253,0.574,0.115,.257,.433,.250,.320,.302,.176,87.3,12.1,33.2,8.9,33.2,75.910206698,22.3,49.7,44.9,21.5,46.7,24.8,19.6
"Garcia, Julian",670062,R,2026,179,29,16,6,0,7,41,19,22.9,10.6,.185,.357,.274,0.631,0.172,.196,.304,.280,.267,.284,.109,86.5,17.9,28,4.3,32.2,75.518083559,27.7,46.2,47.5,21.2,40.7,32.2,20.3
"Quantrill, Cal",615698,R,2026,443,89,61,15,0,13,81,25,18.3,5.6,.218,.350,.271,0.621,0.132,.242,.402,.274,.303,.293,.160,88.9,17.2,33,7.3,36.4,78.664019329,19.6,48.1,37,23,40.3,27.9,23.6
"deGrom, Jacob",594798,R,2026,645,131,88,22,1,20,196,43,30.4,6.7,.220,.361,.274,0.635,0.141,.225,.370,.279,.284,.276,.144,90.4,16.3,37.2,7.9,44.9,80.4111792,33.6,51.6,40.4,23.1,36.7,27,27.5
"Voth, Austin",608723,R,2026,56,19,13,3,0,3,3,6,5.4,10.7,.396,.646,.446,1.092,0.250,.338,.557,.459,.403,.397,.219,90.8,22.2,38.3,8.5,40.4,81.976357917,15.6,44.7,31.9,27.7,25.5,36.2,31.9
"Rodón, Carlos",607074,L,2026,340,51,32,12,0,7,91,38,26.8,11.2,.173,.286,.269,0.555,0.113,.224,.356,.254,.304,.318,.132,89.9,15.9,38.3,6.8,38.3,80.209887087,30,48,39.2,22.5,37.3,28.7,28.2
"Montgomery, Mason",682254,L,2026,267,42,28,9,0,5,99,26,37.1,9.7,.176,.276,.258,0.534,0.100,.189,.284,.242,.250,.265,.096,87.9,8.9,27,6.4,41.1,75.347803143,32.2,49.5,33.3,29.1,53.2,19.9,19.9
"Simpson, Jared",688692,L,2026,20,1,1,0,0,0,4,7,20,35,.077,.077,.400,0.477,0.000,.291,.366,.289,.431,.539,.075,91.1,11.1,66.7,0,22.2,83.673332,16.1,33.3,33.3,22.2,22.2,22.2,55.6
"Ríos, Yacksel",605441,R,2026,5,0,0,0,0,0,2,0,40,0,.000,.000,.000,0.000,0.000,.345,.430,.000,.335,.345,.085,90.8,18.9,33.3,0,33.3,82.933405,33.3,46.2,33.3,33.3,33.3,33.3,33.3
"Adam, Jason",592094,R,2026,134,30,20,5,0,5,22,8,16.4,6,.242,.403,.299,0.702,0.161,.224,.371,.309,.288,.282,.147,87.8,12.2,26.5,6.9,36.3,77.312867451,28.6,53.4,45.1,19.6,46.1,31.4,14.7
"Brash, Matt",666374,R,2026,64,8,6,2,0,0,15,6,23.4,9.4,.151,.189,.270,0.459,0.038,.234,.347,.218,.316,.339,.113,88.9,8.8,40,5,40,77.5157275,32.1,40.5,35,15,42.5,12.5,37.5
"Ohtani, Shohei",660271,R,2026,340,55,38,13,0,4,95,26,27.9,7.6,.180,.262,.257,0.519,0.082,.201,.287,.239,.257,.276,.086,87.4,11.2,26.8,3.8,33.8,76.583839906,30.4,47.5,39.9,25.4,52.1,20.2,18.8
"Peterson, Austin",804926,R,2026,8,1,1,0,0,0,3,0,37.5,0,.125,.125,.125,0.250,0.000,.142,.172,.111,.137,.142,.030,87.8,-3.8,20,0,60,81.535563333,35.7,45.2,80,0,80,0,20
"Winn, Keaton",676775,R,2026,176,34,23,7,1,3,33,17,18.8,9.7,.222,.340,.309,0.649,0.118,.240,.360,.290,.308,.324,.120,86.8,7,27.6,4.9,33.3,75.475094098,23,47.4,42.3,22.8,49.6,21.1,23.6
"Rocker, Kumar",677958,R,2026,627,144,93,26,5,20,134,59,21.4,9.4,.257,.429,.330,0.759,0.172,.254,.417,.333,.328,.329,.163,89.2,12.8,32.3,7.7,40.2,78.030529907,25.9,47.9,42.8,19.3,42.8,24,26
"Matz, Steven",571927,L,2026,333,72,41,15,2,14,58,25,17.4,7.5,.238,.440,.298,0.738,0.202,.273,.452,.320,.340,.332,.179,87.7,13.2,41.1,10.5,34.3,75.999716016,20.7,47.9,35.1,25.8,39.1,25,29
"Brown, Ben",676962,R,2026,265,45,35,7,1,2,65,19,24.5,7.2,.186,.248,.249,0.497,0.062,.223,.335,.228,.279,.286,.113,90.3,10.1,31.3,7.3,43,80.433868295,27.3,47.1,36.3,22.3,44.7,25.1,23.5
"Sisk, Evan",681895,L,2026,186,33,22,9,0,2,48,23,25.8,12.4,.220,.320,.353,0.673,0.100,.199,.287,.313,.294,.337,.088,85.2,12.2,29.2,3.8,30.2,73.048331538,26.5,41.1,32.1,20.8,44.3,15.1,25.5
"Herrin, Tim",682120,L,2026,236,43,27,9,2,5,54,28,22.9,11.9,.219,.362,.323,0.685,0.143,.207,.352,.301,.301,.311,.146,87.7,11.9,31.5,8.7,38.3,75.787142568,31,46.8,42.3,20.8,45,26.2,20.1
"Banks, Tanner",621383,L,2026,171,52,34,8,2,8,37,14,21.6,8.2,.338,.571,.394,0.965,0.233,.257,.406,.413,.317,.318,.149,86.8,14.1,41.2,6.8,32.8,74.833309298,23.1,49.5,32.8,31.9,39.5,29.4,26.1
"Rainey, Tanner",663432,R,2026,31,3,2,1,0,0,6,8,19.4,25.8,.136,.182,.387,0.569,0.046,.156,.213,.302,.317,.401,.057,84.9,24.2,43.8,0,18.8,74.689145,39.5,33.9,37.5,37.5,18.8,37.5,31.3
"Weston, Cameron",687721,R,2026,3,0,0,0,0,0,1,1,33.3,33.3,.000,.000,.333,0.333,0.000,.241,.262,.233,.381,.494,.021,99.6,1.5,0,0,100,99.58379,12.5,47.1,100,0,100,0,0
"Sanmartin, Reiver",665665,L,2026,93,22,14,4,1,3,16,7,17.2,7.5,.259,.435,.315,0.750,0.176,.261,.396,.324,.309,.310,.135,87.1,1,25.7,10,37.1,74.59019,22.4,44.1,32.9,28.6,62.9,12.9,21.4
"Gordon, Tanner",685299,R,2026,448,136,79,34,4,19,84,20,18.8,4.5,.325,.561,.355,0.916,0.236,.269,.473,.390,.335,.303,.204,90.8,19,34.8,10.5,42.4,80.989229643,22.4,53.3,42.1,26,33.6,35.4,26
"Robles, Victor",645302,R,2026,9,5,5,0,0,0,0,1,0,11.1,.625,.625,.667,1.292,0.000,.490,.618,.572,.504,.547,.128,93.1,14.2,50,0,37.5,87.5538325,0,42.3,62.5,25,37.5,12.5,50
"Pomeranz, Drew",519141,L,2026,135,32,21,4,0,7,17,16,12.6,11.9,.278,.496,.373,0.869,0.218,.267,.463,.369,.351,.344,.196,88.5,26.7,30,9.1,37,77.561619796,17.6,49.8,26,33,28,32,22
"Santos, Gregory",666619,R,2026,22,5,2,2,1,0,1,3,4.5,13.6,.263,.474,.364,0.838,0.211,.327,.428,.363,.376,.418,.101,91.6,1.7,38.9,0,55.6,80.238957778,8.1,43,38.9,22.2,50,16.7,27.8
"Festa, Matt",670036,R,2026,284,65,42,17,0,6,69,20,24.3,7,.255,.392,.320,0.712,0.137,.231,.369,.315,.297,.300,.139,87.8,19.6,38.6,7.4,38.6,76.180069574,28,48.2,37.6,27.5,37.6,24.9,24.3
"Simpson, Josh",681006,L,2026,38,11,6,1,0,4,10,4,26.3,10.5,.333,.727,.421,1.148,0.394,.227,.532,.482,.369,.329,.305,92.2,26.5,39.1,17.4,43.5,82.3413875,20.3,41.8,47.8,17.4,30.4,43.5,13
"Solesky, Chase",686678,R,2026,17,6,3,2,0,1,4,1,23.5,5.9,.375,.688,.412,1.100,0.313,.291,.488,.467,.353,.332,.197,89.4,10.2,41.7,8.3,33.3,79.709023333,9.1,37.9,41.7,33.3,50,16.7,25
"Blubaugh, AJ",805123,R,2026,397,75,44,16,2,13,93,42,23.4,10.6,.218,.390,.304,0.694,0.172,.226,.394,.306,.316,.316,.167,89.3,18.9,37.1,10.1,37.1,79.156894048,28.2,48.7,37.5,26.6,34.7,33.6,23.6
"Bieber, Shane",669456,R,2026,242,55,35,10,0,10,44,24,18.2,9.9,.253,.438,.326,0.764,0.185,.282,.500,.335,.368,.353,.217,89.9,12.8,34.5,10.9,46,78.436498046,23.5,43,42,22.4,43.7,25.3,22.4
"Anderson, Jack",681252,R,2026,48,10,7,2,0,1,12,3,25,6.3,.222,.333,.271,0.604,0.111,.229,.417,.269,.301,.277,.188,86.9,17.9,36.4,9.1,36.4,75.53509625,30.5,52.8,48.5,27.3,36.4,33.3,24.2
"Hall, DL",669084,L,2026,235,29,20,4,0,5,63,34,26.8,14.5,.147,.244,.278,0.522,0.097,.193,.294,.249,.285,.318,.101,88.5,10.4,30.9,5.9,33.1,78.668790154,27.9,42.1,36,27.2,45.6,27.9,19.1
"Klein, John",804619,R,2026,19,3,1,1,0,1,2,4,10.5,21.1,.214,.500,.368,0.868,0.286,.183,.291,.368,.352,.382,.108,82.5,21.3,30.8,7.7,38.5,68.629142857,10.3,47.6,38.5,61.5,30.8,38.5,15.4
"Harrison, Kyle",690986,L,2026,498,120,76,23,1,20,137,36,27.5,7.2,.264,.452,.326,0.778,0.188,.247,.390,.340,.309,.310,.143,89.3,14.7,39.6,8.2,38.7,79.01162019,27.6,48.4,39,28.9,37.1,28,28.6
"Fedde, Erick",607200,R,2026,606,139,93,22,1,23,99,52,16.3,8.6,.256,.427,.323,0.750,0.171,.258,.442,.327,.334,.324,.184,88.7,15.7,36.5,8.3,40.5,77.653434688,18.2,42.4,40.1,24.5,37.9,29.8,24.9
"Callihan, Tyler",682997,R,2026,15,3,3,0,0,0,1,3,6.7,20,.250,.250,.400,0.650,0.000,.282,.415,.318,.380,.425,.133,91.8,20.6,27.3,0,54.5,85.19323,0,35.8,18.2,36.4,36.4,36.4,18.2
"Zuñiga, Guillo",670871,R,2026,4,0,0,0,0,0,1,1,25,25,.000,.000,.250,0.250,0.000,.019,.019,.175,.187,.264,.001,59.9,51.8,0,0,0,38.30151,25,44.4,0,50,0,50,0
"Manaea, Sean",640455,L,2026,627,145,84,31,7,23,141,43,22.5,6.9,.261,.466,.327,0.793,0.205,.254,.443,.343,.335,.324,.189,89.2,14.8,35.1,11.1,41.9,77.615102714,22.5,50.4,40.7,25.5,40.3,30.4,23.7
"Ferguson, Tyler",621053,R,2026,78,15,6,3,0,6,21,4,26.9,5.1,.211,.507,.282,0.789,0.296,.223,.456,.339,.324,.293,.233,91.3,18,36,16,46,82.2750768,28.5,49.1,40,18,34,42,20
"García, Luis",472610,R,2026,74,23,14,7,0,2,6,6,8.1,8.1,.348,.545,.411,0.956,0.197,.329,.522,.415,.397,.396,.193,88.4,17.6,34.4,5.2,44.3,76.053356552,20.9,52.5,31.1,29.5,39.3,26.2,27.9
"Mears, Nick",683232,R,2026,83,18,10,5,1,2,15,11,18.1,13.3,.257,.443,.354,0.797,0.186,.298,.506,.344,.382,.381,.207,90.3,14.5,38.6,12.5,50.9,78.578893571,18.7,44,42.1,22.8,47.4,24.6,22.8
"Myers, Tobias",668964,R,2026,226,56,30,16,1,9,39,16,17.3,7.1,.273,.493,.321,0.814,0.220,.262,.412,.347,.317,.313,.150,91.1,22,31.6,5.3,44.4,81.632723253,20,52.3,38,25.1,32.2,28.1,26.3
"Rivera, Eduardo",700842,L,2026,44,8,5,2,0,1,10,6,22.7,13.6,.211,.342,.318,0.660,0.131,.204,.341,.300,.296,.313,.136,91.8,12.7,32.1,3.6,42.9,81.97687,25,45.7,46.4,17.9,50,21.4,17.9
"Coulombe, Danny",543056,L,2026,96,18,16,1,0,1,10,15,10.4,15.6,.225,.275,.354,0.629,0.050,.251,.311,.300,.321,.376,.060,82.1,8.9,27.1,1.4,21.4,69.504240571,17.1,44,41.4,22.9,42.9,24.3,22.9
"Zerpa, Angel",672582,L,2026,55,16,11,3,0,2,8,6,14.5,10.9,.333,.521,.407,0.928,0.188,.327,.530,.405,.405,.402,.203,92.4,0.3,24.4,7.3,51.2,80.149912,17.8,41.7,39,22,61,14.6,19.5
"Hendrickson, Josh",681973,L,2026,8,2,2,0,0,0,3,0,37.5,0,.250,.250,.250,0.500,0.000,.195,.275,.223,.201,.195,.080,98.8,22.8,40,0,80,96.64296,42.9,45.2,40,0,20,40,40
"Domínguez, Seranthony",622554,R,2026,257,46,31,5,1,9,64,31,24.9,12.1,.207,.360,.311,0.671,0.153,.208,.348,.300,.297,.310,.140,87,16.2,30.2,7,32.7,75.445662692,28,46.9,39,25.2,41.5,26.4,20.1
"Elder, Bryce",693821,R,2026,633,140,97,17,2,24,121,49,19.1,7.7,.244,.407,.306,0.713,0.163,.253,.401,.313,.313,.314,.148,90,13.2,33.1,6.8,39.9,79.952595759,21.6,46.3,40.7,25.9,44.2,26.4,23.5
"Singer, Brady",663903,R,2026,707,181,121,26,3,31,125,60,17.7,8.5,.290,.490,.364,0.854,0.200,.281,.466,.372,.361,.358,.186,91,13.6,37.1,10.1,43,81.101748659,24.2,44,39.1,22.5,42.6,26.2,27.4
"Gómez, Yoendrys",672782,R,2026,294,58,36,14,1,7,64,39,21.8,13.3,.232,.380,.341,0.721,0.148,.261,.446,.321,.358,.364,.185,88.7,21.6,42,8.5,44.2,77.878017527,26.4,46.8,38.3,28.2,27.1,32.4,27.1
"Gose, Anthony",543238,L,2026,42,8,6,2,0,0,4,2,9.5,4.8,.211,.263,.244,0.507,0.052,.248,.432,.226,.303,.279,.184,86.3,25.2,44.4,8.3,22.2,77.217542222,22.4,53.8,50,22.2,27.8,30.6,25
"Law, Derek",571882,R,2026,34,8,6,2,0,0,5,2,14.7,5.9,.267,.333,.324,0.657,0.066,.317,.462,.294,.364,.372,.146,89.2,4,46.2,3.8,42.3,79.939792308,20.6,43.9,57.7,15.4,46.2,19.2,34.6
"Bazardo, Eduard",660825,R,2026,287,70,46,12,0,12,67,24,23.3,8.4,.276,.465,.337,0.802,0.189,.261,.444,.345,.336,.325,.183,89.7,17.7,38.1,9.3,40.2,79.259871579,21.9,45,34.5,22.2,35.6,30.9,24.7
"Gibson, Trey",694346,R,2026,185,41,29,5,0,7,37,27,20,14.6,.265,.432,.375,0.807,0.167,.279,.457,.357,.372,.390,.178,90.8,7.4,30.8,8.5,45,79.953026271,21.5,41.8,40,25.8,54.2,18.3,25
"Allard, Kolby",663465,L,2026,45,16,9,5,0,2,9,3,20,6.7,.390,.659,.444,1.103,0.269,.317,.533,.467,.385,.363,.217,89.9,10.1,50,15.6,43.8,77.955251875,17.4,52,53.1,15.6,40.6,21.9,31.3
"Allen, Logan",671106,L,2026,81,23,16,4,0,3,16,6,19.8,7.4,.319,.500,.383,0.883,0.181,.242,.400,.384,.315,.316,.158,90.9,12.5,22.8,8.9,47.4,79.994021786,19.7,48.3,47.4,19.3,49.1,36.8,12.3
"Soroka, Michael",647336,R,2026,454,94,61,21,3,9,110,27,24.2,5.9,.226,.356,.283,0.639,0.130,.252,.401,.282,.311,.307,.149,87.6,17,36.8,8.1,33.9,76.469966169,23.1,49.7,43.2,22.9,37.1,27.7,26.5
"Parker, Mitchell",680730,L,2026,178,46,31,5,1,9,34,13,19.1,7.3,.289,.503,.351,0.854,0.214,.272,.462,.371,.347,.335,.189,90.9,14.5,34.1,8.5,41.9,80.559445167,28.1,50.3,45,24.8,40.3,27.9,25.6
"Casparius, Ben",676508,R,2026,23,6,5,0,0,1,4,4,17.4,17.4,.316,.474,.435,0.909,0.158,.281,.467,.404,.385,.406,.186,88.8,20,40,13.3,26.7,80.81503375,35,40.4,46.7,33.3,26.7,53.3,20
"Alvarado, Elvis",665660,R,2026,220,42,22,11,0,9,62,25,28.2,11.4,.219,.417,.314,0.731,0.198,.218,.420,.319,.325,.310,.203,90.3,15.8,29.8,13,47.3,79.531729385,31,51.1,32.1,17.6,37.4,42.7,16
"Little, Brendon",663893,L,2026,129,29,18,6,0,5,43,25,33.3,19.4,.282,.485,.422,0.907,0.203,.185,.308,.386,.286,.312,.123,89.9,0.1,26.2,6.6,41,79.633718667,41.2,41.8,41,18,59,19.7,18
"Paredes, Mike",702474,R,2026,154,36,23,5,2,6,19,13,12.3,8.4,.269,.470,.342,0.812,0.201,.279,.445,.352,.348,.352,.167,91.5,16.3,33.9,6.8,50.8,82.051931525,19.3,49.7,48.3,19.5,39,29.7,26.3
"Gray, Sonny",543243,R,2026,683,148,96,35,1,16,149,46,21.8,6.7,.236,.372,.292,0.664,0.136,.249,.385,.293,.303,.305,.135,89.2,10.6,34.4,6.9,38.3,78.869646681,23.1,47.5,46.6,20.1,46.4,23.6,25.9
"Peralta, Wandy",593974,L,2026,315,79,53,16,3,7,49,23,15.6,7.3,.276,.427,.335,0.762,0.151,.274,.384,.334,.316,.329,.110,87.8,9.2,37.1,3.8,35,76.943045043,22.1,51.3,38.3,25,47.5,17.5,28.7
"Gamboa, Alec",687941,L,2026,121,23,15,6,1,1,22,10,18.2,8.3,.215,.318,.283,0.601,0.103,.198,.280,.269,.260,.276,.083,90.5,4.7,30.7,2.3,40.9,80.528182791,17.2,51.9,34.1,17,55.7,17,21.6
"Soriano, George",666277,R,2026,290,57,34,13,0,10,66,35,22.8,12.1,.231,.405,.330,0.735,0.174,.231,.400,.323,.327,.331,.168,90.5,13.4,28,9.1,39.5,80.626898791,29,48,45.2,19.4,45.2,25.3,21
"Koenig, Jared",657649,L,2026,41,12,7,4,0,1,7,7,17.1,17.1,.364,.576,.488,1.064,0.212,.246,.416,.443,.337,.345,.170,92.8,10.1,26.9,7.7,46.2,82.165573846,20.6,42.2,46.2,19.2,50,23.1,23.1
"Weisenburger, Jack",674073,R,2026,46,9,7,2,0,0,13,3,28.3,6.5,.214,.262,.267,0.529,0.048,.186,.284,.241,.235,.240,.098,89.2,16,36.7,6.7,33.3,79.784990667,25.5,50.8,36.7,26.7,46.7,33.3,16.7
"Alvarado, José",621237,L,2026,264,62,45,9,3,5,70,27,26.5,10.2,.272,.404,.369,0.773,0.132,.236,.346,.343,.306,.330,.110,87.1,19.1,37.1,4.4,30.8,76.234768442,27.6,46.2,30.2,26.4,35.8,23.9,28.9
"Kelly, Antwone",699008,R,2026,71,17,8,6,1,2,12,7,16.9,9.9,.274,.500,.352,0.852,0.226,.280,.382,.366,.334,.363,.102,90.1,7.8,37.3,3.9,41.2,80.5495924,17,51.3,39.2,23.5,49,19.6,29.4
"Foster, Cameron",671382,R,2026,49,17,14,2,0,1,9,8,18.4,16.3,.415,.537,.510,1.047,0.122,.254,.358,.462,.336,.379,.104,87,16.1,28.1,6.5,28.1,77.011053125,27.9,45.5,37.5,25,50,6.3,21.9
"Horton, Cade",690990,R,2026,26,4,3,0,0,1,4,2,15.4,7.7,.167,.292,.231,0.523,0.125,.249,.321,.235,.283,.309,.072,85.8,4.3,25,5.3,35,72.833411,23.3,46.7,25,35,55,15,30
"Meyer, Max",676974,R,2026,462,85,55,17,2,11,121,41,26.2,8.9,.207,.339,.289,0.628,0.132,.227,.375,.282,.304,.308,.147,89.7,14.2,32.1,8.6,42,79.25628469,28.6,46.7,38.2,24.2,43.3,26.6,21.8
"Loáisiga, Jonathan",642528,R,2026,253,55,41,11,0,3,47,12,18.6,4.7,.234,.319,.271,0.590,0.085,.235,.334,.258,.268,.269,.099,84.9,5.3,28.5,3.6,31.6,72.432453579,23.2,52.8,37.3,21.2,54.9,18.1,22.3
"Chandler, Bubba",696149,R,2026,657,132,86,28,3,15,138,76,21,11.6,.232,.371,.328,0.699,0.139,.234,.379,.313,.316,.329,.145,89,15.9,31,6.2,38.9,78.613678977,22.1,46.9,37.2,26.7,39.8,28.3,22.5
"Walston, Blake",686796,L,2026,13,1,0,1,0,0,2,3,15.4,23.1,.125,.250,.308,0.558,0.125,.222,.517,.178,.323,.289,.294,85.7,12.8,50,12.5,12.5,74.95611,33.3,35.7,25,25,50,37.5,12.5
"Jacob, Alek",689690,R,2026,23,5,3,1,0,1,6,2,26.1,8.7,.250,.450,.348,0.798,0.200,.179,.305,.353,.272,.286,.125,85.5,22,14.3,7.1,35.7,73.513858571,37.8,51.7,35.7,35.7,42.9,35.7,7.1
"Peralta, Sammy",671111,L,2026,91,28,19,5,0,4,22,7,24.2,7.7,.354,.570,.433,1.003,0.216,.302,.468,.436,.377,.387,.167,90.1,17.2,43.1,6.9,44.8,80.324542857,22.7,43.5,37.9,19,31,27.6,34.5
"Muñoz, Roddery",682610,R,2026,25,7,2,2,0,3,6,6,24,24,.368,.947,.520,1.467,0.579,.291,.556,.586,.441,.461,.264,95.5,19.6,38.5,15.4,76.9,88.93927,43.5,41.1,15.4,23.1,23.1,38.5,30.8
"Uribe, Abner",682842,R,2026,230,41,34,4,0,3,61,19,26.5,8.3,.198,.261,.268,0.529,0.063,.218,.292,.239,.260,.280,.074,87.8,8.3,26.8,2,34.9,76.804334795,26.5,42.9,39.6,23.5,54.4,18.8,19.5
"Mantiply, Joe",573009,L,2026,111,27,19,5,0,3,22,5,19.8,4.5,.265,.402,.303,0.705,0.137,.286,.494,.308,.352,.324,.208,89,3.9,37.3,10.8,38.6,75.97032225,16.8,49.4,38.6,15.7,50.6,14.5,28.9
"Bidois, Brandan",684049,R,2026,80,19,13,1,0,5,20,12,25,15,.297,.547,.405,0.952,0.250,.253,.469,.408,.363,.370,.215,90.9,22.2,38.3,17,46.8,80.742756957,37.7,48.9,44.7,21.3,25.5,44.7,21.3
"Bird, Jake",656234,R,2026,172,42,27,9,0,6,41,13,23.8,7.6,.276,.454,.349,0.803,0.178,.234,.410,.351,.318,.312,.176,89,15.1,34.5,8.8,36.3,78.859093333,27.1,41.3,41.6,23.9,38.9,27.4,22.1
"Watson, Ryan",670245,R,2026,304,68,44,14,2,8,63,23,20.7,7.6,.248,.401,.311,0.712,0.153,.263,.434,.311,.332,.324,.171,88.7,14.9,36.7,9.8,36.7,77.876313585,25.4,49.2,41.4,27,40.5,23.3,27.4
"Bivens, Spencer",702352,R,2026,30,11,9,1,0,1,8,4,26.7,13.3,.440,.600,.500,1.100,0.160,.294,.483,.471,.374,.381,.188,91,15.9,55.6,5.6,27.8,82.170907778,20.4,42.5,33.3,33.3,33.3,27.8,38.9
"Ryan, River",689981,R,2026,12,2,1,1,0,0,3,1,25,8.3,.182,.273,.250,0.523,0.091,.260,.341,.238,.294,.321,.081,91.1,13.9,62.5,0,37.5,80.39341,33.3,41.9,50,0,25,12.5,62.5
"Duran, Jhoan",661395,R,2026,230,49,42,4,1,2,81,10,35.2,4.3,.227,.282,.274,0.556,0.055,.190,.264,.250,.226,.237,.074,89.9,2.9,24.4,3.8,39.3,79.922444394,35.4,52.5,37,24.4,59.3,11.9,21.5
"Suárez, Albert",544150,R,2026,247,54,31,12,3,8,41,20,16.6,8.1,.241,.429,.300,0.729,0.188,.255,.413,.315,.320,.315,.157,89.2,17.9,40.3,7.5,39.8,78.95929033,23.4,49.7,36.6,30.1,33.9,26.9,29.6
"Tolle, Payton",801139,L,2026,603,123,74,33,1,15,171,40,28.4,6.6,.222,.366,.281,0.647,0.144,.199,.312,.285,.255,.259,.113,87.6,17.5,30.6,6,34.5,76.252136968,27.9,55.1,37.3,25.9,38.1,27.2,22.5
"Natera Jr., Samy",696519,L,2026,131,22,15,6,0,1,48,13,36.6,9.9,.193,.272,.282,0.554,0.079,.178,.261,.256,.246,.271,.083,88.9,27.7,33.8,4.4,35.3,78.913498788,35.7,47.8,35.3,26.5,22.1,36.8,30.9
"Wicks, Jordan",696136,L,2026,50,18,13,3,1,1,8,2,16,4,.383,.553,.420,0.973,0.170,.283,.408,.423,.322,.326,.124,88.5,12.1,30.8,7.7,43.6,77.384445,23.9,51.1,23.1,30.8,46.2,20.5,28.2
"Hurter, Brant",676428,L,2026,137,23,17,5,0,1,24,15,17.5,10.9,.195,.263,.287,0.550,0.068,.243,.324,.252,.300,.331,.082,86,3.8,28.9,3.1,32,73.934669574,20.3,43.4,42.3,17.5,57.7,13.4,24.7
"Cabrera, Edward",665795,R,2026,350,83,55,12,0,16,71,36,20.3,10.3,.270,.466,.348,0.814,0.196,.273,.454,.355,.352,.352,.181,90.9,11,35.4,11.7,42.5,80.425870763,26.5,47.7,47.5,20.4,44.6,23.8,26.7
"Castaño, Blas",680604,R,2026,111,27,18,3,2,4,21,9,18.9,8.1,.273,.465,.342,0.807,0.192,.288,.493,.351,.367,.357,.205,91.3,8.4,38,9,48.1,81.988921026,18.6,46.7,40.5,19,44.3,30.4,22.8
"Vodnik, Victor",680767,R,2026,257,57,41,11,2,3,42,32,16.3,12.5,.264,.375,.359,0.734,0.111,.243,.364,.328,.317,.343,.121,90.4,3.8,29.4,4.5,39.4,81.526781023,24.7,46.6,33.9,23.3,55.6,16.7,25
"Nikhazy, Doug",680951,L,2026,9,1,1,0,0,0,1,2,11.1,22.2,.143,.143,.333,0.476,0.000,.190,.208,.254,.291,.370,.019,89,-8.3,0,0,33.3,75.657836667,33.3,30.8,100,0,83.3,16.7,0
"France, J.P.",641585,R,2026,31,6,4,1,0,1,4,5,12.9,16.1,.240,.400,.387,0.787,0.160,.293,.534,.358,.420,.430,.241,89.9,17.4,23.8,14.3,42.9,78.453961818,15.1,45.3,42.9,14.3,47.6,33.3,14.3
"Lee, Dylan",669276,L,2026,259,47,29,11,4,3,76,17,29.3,6.6,.197,.315,.249,0.564,0.118,.200,.315,.248,.252,.251,.116,87.5,20.8,36.1,5.4,32.5,76.942834074,35.6,52.7,47,18.7,31.9,34.3,25.9
"Brown, Hunter",686613,R,2026,427,79,58,10,0,11,120,51,28.1,11.9,.213,.329,.314,0.643,0.116,.197,.311,.294,.279,.300,.114,86.2,5.1,27.4,6,37.3,74.02051752,27.2,42.5,38.1,23.4,56.7,22.2,16.3
"Booser, Cam",592155,L,2026,146,24,15,4,0,5,43,6,29.5,4.1,.174,.312,.205,0.517,0.138,.201,.349,.225,.251,.232,.148,90.4,23.9,30.9,6.2,38.1,81.13820087,28.2,55.3,41.2,26.8,30.9,35.1,20.6
"Bradford, Cody",674003,L,2026,187,52,35,12,0,5,21,10,11.2,5.3,.299,.454,.339,0.793,0.155,.281,.475,.345,.344,.322,.195,89.8,19.3,32.3,9.7,38.7,78.979062973,17.8,50.1,39.4,20.6,36.8,35.5,20
"Prielipp, Connor",687570,L,2026,535,118,81,21,2,14,128,44,23.9,8.2,.249,.390,.318,0.708,0.141,.237,.381,.313,.306,.309,.144,89.8,12.3,34.1,6.5,41.1,79.85165908,23.6,47.8,33.8,25.4,43.4,27.3,24.2
"Young, Danny",664849,L,2026,65,15,9,3,0,3,15,13,23.1,20,.313,.563,.484,1.047,0.250,.240,.468,.449,.391,.412,.227,96,7.5,32.4,17.6,61.8,89.220940625,24.7,33.6,23.5,20.6,47.1,26.5,23.5
"Hader, Josh",623352,L,2026,167,19,14,4,0,1,55,15,32.9,9,.125,.171,.204,0.375,0.046,.149,.242,.180,.215,.226,.093,85.9,21,22.7,6.2,32,74.979178776,34.2,54,32,28.9,39.2,29.9,14.4
"Beeks, Jalen",656222,L,2026,113,28,17,5,0,6,21,8,18.6,7.1,.272,.495,.324,0.819,0.223,.282,.522,.351,.363,.327,.240,90.6,13.7,35.7,10.7,42.9,79.2264155,23.4,47.2,46.4,21.4,44,27.4,22.6
"Headrick, Brent",687396,L,2026,320,67,44,12,6,5,96,25,30,7.8,.230,.364,.291,0.655,0.134,.218,.322,.289,.267,.277,.104,88.1,16.3,38.2,4.5,37.2,77.000231875,31.9,52.9,37.7,26.1,37.7,24.6,30.2
"Cantillo, Joey",676282,L,2026,668,143,94,30,2,17,167,79,25,11.8,.247,.394,.342,0.736,0.147,.228,.365,.329,.310,.326,.137,88.4,10.9,32.5,7.7,40.1,77.095433578,29.2,44.5,41.3,24,45.2,26.7,21.6
"Bolton, Cody",675989,R,2026,95,21,12,6,0,3,22,14,23.2,14.7,.269,.462,.383,0.845,0.193,.276,.472,.371,.380,.392,.196,90.7,15.4,36.2,10.3,48.3,80.021337143,19.6,41.7,34.5,22.4,37.9,29.3,27.6
"Romano, Jordan",605447,R,2026,143,27,19,4,1,3,36,18,25.2,12.6,.221,.344,.322,0.666,0.123,.223,.330,.298,.297,.322,.107,87.2,17.7,35.2,4.5,33,76.507756591,28.4,45.7,43.2,23.9,31.8,26.1,29.5
"Gerber, Joey",680702,R,2026,34,6,2,3,0,1,8,4,23.5,11.8,.200,.400,.294,0.694,0.200,.230,.373,.306,.309,.321,.143,93.7,23.3,45.5,9.1,54.5,85.731002727,23.5,39.5,40.9,27.3,22.7,31.8,36.4
"Fulmer, Michael",605242,R,2026,54,9,4,2,1,2,15,7,27.8,13,.196,.413,.315,0.728,0.217,.203,.325,.315,.289,.308,.123,87,13.3,29,12.9,25.8,77.802865,36.4,46.6,45.2,19.4,41.9,35.5,19.4
"Mautz, Brycen",802408,L,2026,66,17,11,4,0,2,17,10,25.8,15.2,.321,.509,.446,0.955,0.188,.249,.435,.421,.367,.387,.187,87.7,13,54.1,10.8,29.7,75.512703333,33.9,41.9,35.1,27,35.1,24.3,37.8
"Rajcic, Max",691008,R,2026,39,6,2,2,1,1,8,6,20.5,15.4,.182,.394,.308,0.702,0.212,.168,.318,.311,.281,.296,.150,87,19.5,24,8,36,76.259393077,23.9,41.1,52,16,36,32,16
"Funderburk, Kody",681892,L,2026,218,42,34,5,0,3,47,27,21.6,12.4,.228,.304,.330,0.634,0.076,.224,.327,.291,.299,.327,.103,84.9,5.3,27.5,4.9,28.2,72.67649403,22.2,44.1,38,27.5,58.5,19.7,16.9
"Enns, Dietrich",608650,L,2026,70,13,8,5,0,0,13,11,18.6,15.7,.236,.327,.348,0.675,0.091,.211,.335,.306,.301,.331,.124,91.6,20,39.1,6.5,39.1,83.083950455,23.1,46,32.6,28.3,34.8,34.8,21.7
"Manfredi, Mark",815081,L,2026,68,15,11,1,2,1,15,9,22.1,13.2,.254,.390,.353,0.743,0.136,.234,.416,.332,.332,.335,.182,90.8,16.5,22.7,9.1,45.5,79.911122727,24.6,42.2,36.4,22.7,38.6,31.8,22.7
"Whitlock, Garrett",676477,R,2026,198,38,29,6,0,3,59,9,29.8,4.5,.204,.285,.239,0.524,0.081,.219,.319,.233,.251,.253,.100,88.3,17.2,30,3.8,33.8,78.365594688,31.5,57.3,35.4,30.8,40,28.5,20.8
"Keller, Brian",662144,R,2026,11,2,1,0,0,1,3,0,27.3,0,.182,.455,.182,0.637,0.273,.252,.616,.267,.361,.252,.365,94.5,22.1,62.5,25,37.5,86.79278,16,64.1,25,37.5,25,37.5,37.5
"Muñoz, Rolddy",691548,R,2026,12,5,4,0,0,1,3,1,25,8.3,.455,.727,.500,1.227,0.272,.315,.639,.526,.428,.372,.325,94.2,-5.9,25,25,62.5,83.8472225,33.3,42.9,37.5,25,75,25,0
"Halvorsen, Seth",678020,R,2026,141,33,20,6,1,6,23,17,16.3,12.1,.270,.484,.369,0.853,0.214,.295,.475,.368,.375,.381,.180,90.2,11.5,34.3,7.1,39.4,79.63697551,21,48.3,40.4,28.3,44.4,21.2,28.3
"De Jesus, Enmanuel",646241,L,2026,178,38,28,4,3,3,39,15,21.9,8.4,.239,.358,.313,0.671,0.119,.253,.407,.300,.323,.325,.154,90.6,15.2,36.9,7.4,43.4,81.234065167,24.2,47.5,33.6,30.3,41.8,27,23.8
"Hopkins, Brody",811315,R,2026,16,1,0,0,0,1,6,3,37.5,18.8,.077,.308,.250,0.558,0.231,.108,.163,.259,.225,.275,.055,84.2,11.8,42.9,0,28.6,74.748365,34.6,37.7,42.9,14.3,28.6,42.9,28.6
"Estrada, Jeremiah",669093,R,2026,126,20,15,3,0,2,38,16,30.2,12.7,.183,.266,.288,0.554,0.083,.210,.315,.259,.286,.311,.105,85.4,15.4,37.5,6.9,33.3,73.665732,31.7,46.9,34.7,22.2,37.5,26.4,27.8
"Sugano, Tomoyuki",608372,R,2026,631,161,85,39,6,31,91,36,14.4,5.7,.276,.523,.318,0.841,0.247,.305,.541,.358,.381,.346,.236,91.1,15.1,37.3,11.8,43.7,80.992472731,19.1,47.3,39.7,21.4,38.3,30.7,26.7
"Spence, Mitch",687765,R,2026,56,19,12,3,1,3,6,9,10.7,16.1,.413,.717,.500,1.217,0.304,.279,.409,.509,.361,.393,.130,91.6,15.9,26.8,2.4,41.5,82.727817143,20,45,53.7,9.8,46.3,17.1,26.8
"Rolison, Ryan",669020,L,2026,253,52,36,10,0,6,54,27,21.3,10.7,.232,.357,.313,0.670,0.125,.238,.372,.299,.307,.315,.134,88,12.1,35.5,6.4,38.2,77.564032353,19.6,45.9,38.4,26.2,44.2,28.5,22.1
"May, Dustin",669160,R,2026,608,139,98,27,1,13,139,49,22.9,8.1,.256,.382,.328,0.710,0.126,.253,.396,.317,.324,.328,.143,89.9,12.2,36.5,7.6,44.4,79.271760746,23,47.6,35.5,27.2,42.4,24.8,25.7
"Waldrep, Hurston",694462,R,2026,56,13,10,0,0,3,9,10,16.1,17.9,.295,.500,.446,0.946,0.205,.231,.389,.420,.359,.396,.158,89.3,-3.4,20,8.6,34.3,78.786981667,23.3,40,54.3,5.7,71.4,14.3,5.7
"Corniell, Jose",692030,R,2026,28,11,3,5,1,2,4,4,14.3,14.3,.478,1.043,.556,1.599,0.565,.273,.487,.645,.366,.357,.214,91.5,25.6,35,10,45,82.908282,26.9,50,45,20,20,40,30
"Keller, Brad",641745,R,2026,135,29,23,2,0,4,32,13,23.7,9.6,.246,.364,.326,0.690,0.118,.226,.313,.309,.284,.311,.087,85.5,12.7,27.3,4.6,31.8,73.919911364,22.5,45,28.4,30.7,44.3,28.4,22.7
"Painter, Andrew",691725,R,2026,528,127,88,17,1,21,107,44,20.3,8.3,.270,.444,.336,0.780,0.174,.252,.421,.341,.325,.321,.169,87.6,14.3,29.6,8.3,35.5,76.131117432,25.2,49.4,40.1,23.9,43,26.1,21.2
"Moll, Sam",594580,L,2026,257,54,39,8,2,5,56,30,21.8,11.7,.252,.379,.357,0.736,0.127,.238,.359,.329,.324,.349,.121,88.9,8.6,31.1,5.9,37.8,77.873913562,22.6,42.1,32.3,23.8,53.7,18.3,23.2
"Kempner, William",687531,R,2026,50,8,5,2,0,1,14,4,28,8,.182,.295,.280,0.575,0.113,.231,.355,.266,.306,.323,.124,85.8,17.9,46.7,3.3,23.3,74.829450667,34.1,45.7,36.7,33.3,30,26.7,33.3
"Palencia, Daniel",694037,R,2026,119,25,16,5,0,4,30,10,25.2,8.4,.234,.393,.303,0.696,0.159,.233,.383,.303,.301,.299,.150,88.9,14.8,44.9,5.2,32.1,80.145985641,27.2,50.2,41,23.1,33.3,28.2,33.3
"Morris, Andrew",702193,R,2026,316,72,54,12,2,4,68,27,21.5,8.5,.254,.353,.322,0.675,0.099,.235,.335,.297,.283,.296,.100,86.5,11.4,31.7,4.1,33.9,74.607509444,22.9,48.6,33,30.7,45.9,26.1,22.5
"Morgan, David",688158,R,2026,153,36,27,7,0,2,37,20,24.2,13.1,.290,.395,.400,0.795,0.105,.235,.317,.352,.302,.340,.081,86.7,9.2,39.6,3.3,33,75.879166591,30.9,50.5,30.8,23.1,50.5,20.9,24.2
"Bautista, Félix",642585,R,2026,10,4,2,1,0,1,3,1,30,10,.444,.889,.500,1.389,0.445,.310,.491,.579,.376,.379,.182,96.2,14.2,66.7,16.7,66.7,91.99954,52.4,56.8,66.7,0,16.7,16.7,66.7
"Mikolas, Miles",571945,R,2026,498,137,82,28,0,27,58,23,11.6,4.6,.293,.527,.325,0.852,0.234,.288,.506,.364,.354,.322,.219,90.1,12,34.2,9.2,43.6,78.822472341,14.5,48.4,39,24.3,45.3,26.5,22.4
"Kerkering, Orion",689147,R,2026,268,50,32,10,3,5,63,34,23.5,12.7,.222,.360,.341,0.701,0.138,.215,.327,.317,.303,.333,.112,85.7,17.7,36.6,6.1,31.1,73.845226914,26.1,42,37.8,28,34.8,29.9,25.6
"Brebbia, John",605154,R,2026,21,7,4,1,0,2,2,0,9.5,0,.333,.667,.333,1.000,0.334,.317,.673,.425,.414,.317,.356,89.5,22.3,47.4,10.5,42.1,79.314039,17,56.4,47.4,26.3,31.6,52.6,15.8
"Rodriguez, Eduardo",593958,L,2026,761,164,110,32,4,18,140,62,18.4,8.1,.236,.372,.300,0.672,0.136,.250,.413,.298,.318,.313,.163,87.3,15.7,33.3,7.5,33,76.078378358,21.9,48.4,36,27.2,40.7,28.7,23.7
"King, John",667463,L,2026,197,33,17,8,1,7,33,17,16.8,8.6,.192,.372,.276,0.648,0.180,.229,.404,.281,.310,.303,.175,89.3,11.3,32.2,8.5,37.8,79.649369437,21.7,47.2,41.3,22.4,47.6,26.6,21
"Roxby, Braxton",694820,R,2026,18,6,6,0,0,0,3,0,16.7,0,.353,.353,.389,0.742,0.000,.238,.281,.337,.255,.281,.043,87.3,9.5,21.4,0,50,75.878988571,28.2,51.3,50,7.1,57.1,21.4,14.3
"Crow, Coleman",689441,R,2026,85,21,11,7,1,2,10,6,11.8,7.1,.276,.474,.329,0.803,0.198,.269,.448,.340,.340,.326,.179,89.2,17.2,36.8,7.4,36.8,79.119521471,16.3,51.9,36.8,23.5,36.8,26.5,25
"Ginn, J.T.",669372,R,2026,580,114,76,21,0,17,121,57,20.9,9.8,.225,.368,.311,0.679,0.143,.241,.372,.303,.312,.326,.131,87.4,10.1,31,6.1,35.4,75.767236891,26.7,45.7,42.2,19.3,46.3,24.2,23.2
"Matthews, Zebby",805673,R,2026,545,125,77,23,1,24,116,39,21.3,7.2,.251,.446,.308,0.754,0.195,.249,.425,.328,.321,.309,.176,90.8,13.5,34.7,10.6,42.5,81.031973906,22.7,47.5,42.2,24.4,43.3,26.7,24.1
"Ray, Robbie",592662,L,2026,702,140,92,25,1,22,140,84,19.9,12,.231,.384,.323,0.707,0.153,.247,.419,.315,.335,.339,.173,89.2,18.5,33.2,8,37.4,78.739528798,24.6,46.2,33,32.6,36.3,33.6,23.3
"Dodd, Dylan",689266,L,2026,181,28,14,8,0,6,50,14,27.6,7.7,.171,.329,.244,0.573,0.158,.196,.355,.254,.272,.263,.159,89.2,26.1,38.3,8.7,37.4,79.811345263,30.1,54.4,48.7,20.9,27.8,33,24.3
"Waldron, Matt",663362,R,2026,194,57,38,10,2,7,33,11,17,5.7,.322,.520,.363,0.883,0.198,.235,.374,.379,.292,.286,.139,88.2,16.2,27,5.4,36.5,78.247271111,17.8,49.6,38.5,23,44.6,29.7,18.2
"Pivetta, Nick",601713,R,2026,120,23,16,5,0,2,35,7,29.2,5.8,.204,.301,.250,0.551,0.097,.210,.350,.246,.265,.256,.140,89.1,21.7,33.3,9,35.9,79.710523077,20.5,47.7,39.7,30.8,34.6,33.3,20.5
"Curvelo, Luis",681168,R,2026,54,17,8,5,0,4,6,6,11.1,11.1,.354,.708,.426,1.134,0.354,.307,.544,.470,.387,.360,.238,91.1,22.6,38.1,9.5,50,80.712816667,21.8,54,42.9,23.8,23.8,35.7,31
"Wrobleski, Justin",680736,L,2026,566,124,81,22,0,21,114,31,20.1,5.5,.236,.397,.284,0.681,0.161,.267,.444,.298,.327,.312,.177,89.9,14.7,36.8,9.6,43.3,79.266827816,20.7,50,38.2,26.4,41.3,32.2,22.6
"Blach, Ty",621389,L,2026,9,1,1,0,0,0,2,0,22.2,0,.111,.111,.111,0.222,0.000,.292,.338,.099,.269,.292,.045,93.9,1.7,28.6,0,57.1,89.8917925,28.6,46.7,14.3,28.6,71.4,0,28.6
"Garcia, Robert",676395,L,2026,62,12,9,2,0,1,11,9,17.7,14.5,.226,.321,.339,0.660,0.095,.220,.316,.304,.299,.334,.095,85.1,10.4,26.2,2.4,28.6,74.181876667,25,43.2,38.1,21.4,52.4,26.2,16.7
"Henriquez, Edgardo",683618,R,2026,242,37,27,8,1,1,71,25,29.3,10.3,.177,.239,.283,0.522,0.062,.170,.237,.248,.244,.278,.067,84.1,15.4,24.3,2.9,27.1,71.445220441,30.3,49.1,42.1,25.7,43.6,23.6,19.3
"Hamilton, Ian",641656,R,2026,23,6,4,2,0,0,4,3,17.4,13,.300,.400,.391,0.791,0.100,.307,.356,.356,.342,.397,.050,93,-1,31.3,0,50,82.314115,28.6,45.7,37.5,31.3,56.3,12.5,31.3
"Burnes, Corbin",669203,R,2026,47,12,4,2,1,5,8,4,17,8.5,.286,.738,.340,1.078,0.452,.271,.596,.441,.390,.331,.325,91,25.2,51.4,17.1,40,81.963338889,28.4,48,42.9,28.6,17.1,45.7,28.6
"Sandlin, Nick",680704,R,2026,40,9,5,2,0,2,6,5,15,12.5,.290,.548,.425,0.973,0.258,.238,.463,.419,.377,.387,.226,87,13,30.8,7.7,38.5,75.572523846,31.1,38.9,53.8,3.8,42.3,38.5,15.4
"Strowd, Kade",669704,R,2026,14,2,2,0,0,0,1,5,7.1,35.7,.222,.222,.500,0.722,0.000,.406,.479,.377,.496,.618,.073,88,14.5,62.5,0,25,79.1106375,0,28.8,37.5,25,12.5,12.5,62.5
"Pagán, Emilio",641941,R,2026,170,32,18,6,1,7,44,11,25.9,6.5,.211,.401,.276,0.677,0.190,.203,.399,.293,.290,.268,.196,90,26.4,36,10.8,45,80.248495714,25.7,51.3,45,18.9,25.2,40.5,18.9
"Heuer, Codi",676051,R,2026,46,12,9,2,1,0,6,5,13,10.9,.308,.410,.391,0.801,0.102,.269,.382,.356,.335,.361,.113,92.6,12.9,20.6,2.9,52.9,84.653851765,25.3,43.9,35.3,32.4,41.2,32.4,23.5
"Martinez, Nick",607259,R,2026,706,164,110,30,2,22,108,25,15.3,3.5,.244,.392,.273,0.665,0.148,.261,.409,.289,.305,.291,.148,86.9,18,34.6,6.7,32.5,75.678181519,17.4,50.8,42.5,23.2,36.7,29.5,24
"Martin, Riley",702303,L,2026,32,5,4,0,0,1,10,3,31.3,9.4,.179,.286,.258,0.544,0.107,.169,.312,.249,.250,.249,.143,90.9,26.2,26.3,5.3,42.1,81.158255556,20.3,50,26.3,26.3,36.8,31.6,15.8
"Cruz, Yovanny",672442,R,2026,67,16,12,2,0,2,14,9,20.9,13.4,.286,.429,.403,0.832,0.143,.266,.406,.374,.356,.386,.140,87.9,14.9,40.5,2.4,42.9,76.503883333,25.7,45.4,40.5,21.4,38.1,21.4,31
"Hill, Jaden",677955,R,2026,177,35,23,7,2,3,38,23,21.5,13,.235,.369,.347,0.716,0.134,.227,.344,.319,.307,.332,.118,89.2,14,36.6,4.5,35.7,79.320666786,28,48.4,36.6,23.2,40.2,27.7,25.9
"Leiter, Jack",683004,R,2026,355,80,52,12,2,14,83,35,23.4,9.9,.255,.439,.335,0.774,0.184,.257,.430,.340,.336,.338,.173,88,16.2,37.8,10.3,39.9,76.339515,25.4,47.9,39.5,24,37.3,31.3,24.5
"Thielbar, Caleb",573204,L,2026,206,46,29,6,0,11,59,17,28.6,8.3,.247,.457,.314,0.771,0.210,.245,.467,.331,.332,.302,.222,88.8,21,35.7,10.9,38.8,76.831870317,28.8,51.6,49.6,18.6,30.2,34.1,24
"Teodo, Emiliano",693713,R,2026,10,3,2,1,0,0,1,2,10,20,.375,.500,.500,1.000,0.125,.287,.413,.444,.380,.430,.126,91.5,16.4,28.6,0,42.9,82.2597325,20,46.5,28.6,14.3,42.9,14.3,28.6
"Buttó, José",676130,R,2026,16,6,3,1,0,2,5,4,31.3,25,.500,1.083,.625,1.708,0.583,.319,.689,.677,.494,.489,.369,84.2,10.8,42.9,14.3,42.9,70.763685,40.9,34.9,42.9,14.3,14.3,42.9,42.9
"Hoffman, Jeff",656546,R,2026,292,57,37,14,2,4,102,30,34.9,10.3,.228,.348,.323,0.671,0.120,.199,.307,.296,.283,.296,.108,88.5,10.8,35.9,8.6,36.6,78.251745067,38,49.7,36.6,26.1,44.4,22.2,24.8
"Sánchez, Cristopher",650911,L,2026,830,199,146,35,0,18,221,44,26.6,5.3,.257,.372,.302,0.674,0.115,.237,.365,.298,.285,.283,.128,89.4,3.1,32.1,7.3,41.8,78.100314161,31.3,50.3,40.7,21.3,58.1,16.8,21.9
"Shook, TJ",669298,R,2026,36,12,4,5,0,3,7,2,19.4,5.6,.353,.765,.389,1.154,0.412,.261,.464,.484,.328,.303,.203,91.4,17.1,44.4,7.4,40.7,83.179486429,21.9,47.8,40.7,29.6,29.6,37,33.3
"Vargas, Carlos",672841,R,2026,75,16,8,6,0,2,17,3,22.7,4,.235,.412,.307,0.719,0.177,.250,.416,.317,.324,.321,.166,87.6,9.9,39.2,10,31.4,76.263476,17.1,52.8,41.2,19.6,43.1,25.5,27.5
"Lowder, Rhett",695076,R,2026,581,144,91,32,3,18,101,54,17.4,9.3,.279,.456,.353,0.809,0.177,.274,.467,.354,.355,.348,.192,90.3,14.5,37.8,10,39,80.257005637,19,44,41.6,23.9,41.6,27.3,25.6
"McDermott, Chayce",694646,R,2026,36,8,4,1,1,2,6,4,16.7,11.1,.258,.548,.343,0.891,0.290,.224,.466,.380,.336,.313,.242,90.9,27.5,34.6,15.4,34.6,82.673278462,23.6,46.5,26.9,42.3,26.9,46.2,15.4
"Suter, Brent",608718,L,2026,367,85,56,15,5,9,75,26,20.4,7.1,.252,.407,.308,0.715,0.155,.252,.394,.311,.307,.305,.142,86.5,8.2,33.7,6.1,30.7,75.064269297,23.2,46.6,37.1,26.9,50.4,21.2,23.9
"Mattson, Isaac",676755,R,2026,176,44,26,15,0,3,36,18,20.5,10.2,.282,.436,.358,0.794,0.154,.292,.498,.350,.374,.367,.206,92.1,17,46.3,12.4,52.1,82.981156102,21,49.7,30.6,34.7,27.3,31.4,33.9
"Gray, Josiah",680686,R,2026,11,3,2,1,0,0,1,0,9.1,0,.273,.364,.273,0.637,0.091,.234,.302,.277,.232,.234,.068,92.1,21.2,30,0,30,87.006888,11.8,42.5,40,40,40,30,20
"Svanson, Matt",694335,R,2026,207,55,39,11,0,5,41,21,19.8,10.1,.306,.450,.379,0.829,0.144,.301,.467,.364,.369,.377,.166,90.7,16.8,38.5,7,44.8,80.273224507,18.8,48.7,30.8,34.3,37.8,27.3,26.6
"Williams, Trevor",592866,R,2026,113,23,15,4,0,4,31,10,27.4,8.8,.235,.398,.310,0.708,0.163,.237,.359,.310,.310,.322,.122,86.6,11.3,37.1,7.1,37.1,74.011578,27.4,48.1,47.1,21.4,45.7,27.1,22.9
"Weaver, Luke",596133,R,2026,234,41,27,8,1,5,63,16,26.9,6.8,.193,.311,.258,0.569,0.118,.211,.347,.253,.273,.270,.136,88.5,19.2,31.6,7.9,34.9,78.523011067,30,53.3,34.9,28.3,38.2,30.3,22.4
"Van Eyk, CJ",669310,R,2026,55,15,9,4,0,2,3,2,5.5,3.6,.300,.500,.345,0.845,0.200,.303,.557,.364,.395,.358,.254,87.9,16.1,33.3,12.5,43.8,74.9996525,15.9,50.2,50,25,43.8,33.3,18.8
"Oviedo, Johan",670912,R,2026,18,6,2,2,0,2,3,1,16.7,5.6,.400,.933,.444,1.377,0.533,.338,.767,.546,.484,.402,.430,92.4,16.4,38.5,23.1,61.5,81.915164286,13.5,51.4,53.8,15.4,46.2,38.5,7.7
"Cano, Yennier",666974,R,2026,203,40,32,6,0,2,45,12,22.2,5.9,.214,.278,.271,0.549,0.064,.228,.342,.250,.283,.289,.114,89.3,1.8,26.6,5.8,39.9,78.667521857,25.7,44.6,48.3,16.1,62.2,16.8,18.2
"Kelly, Merrill",518876,R,2026,704,166,105,29,4,28,113,70,16.1,9.9,.268,.464,.343,0.807,0.196,.292,.510,.350,.377,.364,.218,89.6,13.4,37.8,11,41.5,78.418128196,21.6,49.4,45,18.2,41.5,26.7,26.6
"Barco, Hunter",682995,L,2026,87,21,12,5,0,4,14,13,16.1,14.9,.296,.535,.414,0.949,0.239,.280,.466,.411,.381,.402,.187,89.3,12.6,32.8,7,43.1,77.439766207,16.3,38.5,34.5,32.8,46.6,22.4,20.7
"Milner, Hoby",571948,L,2026,165,39,25,9,0,5,21,10,12.7,6.1,.264,.426,.319,0.745,0.162,.295,.459,.323,.353,.347,.164,88.9,12.2,35.9,6.2,39.7,78.013679375,17.4,45.4,33.6,23.7,44.3,22.1,27.5
"Martinez, Seth",661527,R,2026,6,2,1,1,0,0,1,0,16.7,0,.400,.600,.500,1.100,0.200,.283,.380,.480,.360,.402,.097,82.8,13,50,0,50,67.40518,36.4,50,25,0,25,0,50
"Martin, Corbin",656686,R,2026,25,5,3,0,0,2,4,5,16,20,.250,.550,.400,0.950,0.300,.248,.509,.410,.396,.399,.261,93.3,22.9,25,12.5,56.3,85.05037875,34,47.7,31.3,31.3,37.5,25,18.8
"Schreiber, John",670167,R,2026,243,49,31,10,1,7,39,26,16,10.7,.230,.385,.314,0.699,0.155,.248,.391,.304,.312,.319,.143,88.7,10.4,33.9,5.1,38.4,77.780671609,20.5,44.5,40.1,25.4,46.9,23.2,24.9
"Ahlstrom, Robby",695239,L,2026,164,38,25,4,2,7,34,15,20.7,9.1,.264,.465,.346,0.811,0.201,.253,.397,.349,.319,.324,.144,86.4,16.1,37.8,7.2,30.6,75.515344182,25.6,47.7,32.4,29.7,37.8,27.9,27
"Stratton, Hunter",676702,R,2026,15,6,5,1,0,0,3,0,20,0,.400,.467,.400,0.867,0.067,.403,.476,.381,.383,.403,.073,87,1.7,33.3,0,25,75.922256667,16.7,53.6,50,16.7,50,0,41.7
"Sabrowski, Erik",681870,L,2026,195,25,15,5,2,3,73,30,37.4,15.4,.157,.270,.294,0.564,0.113,.143,.250,.261,.252,.279,.108,89.7,27.5,41.1,6.7,34.4,80.444925455,31.9,46.3,32.2,42.2,20,37.8,26.7
"Newcomb, Sean",656794,L,2026,363,72,53,10,5,4,80,33,22,9.1,.226,.326,.313,0.639,0.100,.257,.381,.287,.320,.335,.125,88.5,11.4,34.3,6.6,38,77.558661356,23,45.5,31.8,24.8,45.9,22.3,25.2
"Muñoz, Andrés",662253,R,2026,240,46,32,4,1,9,89,24,37.1,10,.216,.371,.296,0.667,0.155,.201,.333,.296,.280,.287,.133,89.3,6.2,29.4,8.7,43.7,77.134591935,39.6,48,35.7,24.6,50.8,21.4,21.4
"Hiraldo, Yaramil",682274,R,2026,48,9,5,2,0,2,13,10,27.1,20.8,.250,.472,.417,0.889,0.222,.178,.310,.391,.317,.363,.132,88.9,33.7,29.2,8.3,33.3,79.51324,38.3,48.7,58.3,20.8,20.8,41.7,16.7
"Wolfram, Grant",664991,L,2026,223,52,33,14,2,3,60,16,26.9,7.2,.261,.397,.327,0.724,0.136,.230,.354,.319,.289,.296,.124,88.6,13.9,31.5,6.3,35.7,77.834074412,25.2,48.7,33.6,28,45.5,27.3,21
"Palmquist, Carson",687223,L,2026,78,21,16,4,0,1,15,8,19.2,10.3,.323,.431,.416,0.847,0.108,.271,.374,.378,.337,.373,.102,85.3,18.6,40.4,3.8,23.1,75.2212944,22.5,48.2,21.2,32.7,36.5,28.8,26.9
"Shuster, Jared",694363,L,2026,44,11,7,3,0,1,4,6,9.1,13.6,.289,.447,.386,0.833,0.158,.239,.367,.362,.311,.328,.128,91,12,17.6,2.9,50,80.926432941,13.6,39.8,32.4,23.5,50,29.4,14.7
"Gervase, Paul",801434,R,2026,34,7,7,0,0,0,8,5,23.5,14.7,.241,.241,.353,0.594,0.000,.238,.313,.286,.307,.350,.075,89,14.7,19,4.8,42.9,79.634576,28,40.3,38.1,14.3,47.6,28.6,14.3
"Duarte, Daniel",650960,R,2026,112,17,12,2,0,3,30,7,26.8,6.3,.163,.269,.223,0.492,0.106,.206,.332,.223,.263,.263,.126,83.2,20.3,36.5,6.8,24.3,69.601845946,22.5,52.7,35.1,35.1,31.1,31.1,25.7
"Basso, Brady",669620,L,2026,192,58,35,18,1,4,30,9,15.6,4.7,.322,.500,.351,0.851,0.178,.280,.384,.364,.308,.312,.104,88.6,14.6,38.6,5.2,37.9,77.287895132,20.3,51.7,39.9,22.9,42.5,26.1,26.8
"Beck, Brendan",694341,R,2026,34,7,1,2,0,4,5,5,14.7,14.7,.241,.724,.353,1.077,0.483,.292,.641,.444,.435,.396,.349,95.2,25.5,58.3,25,62.5,86.372106667,33.3,42.3,54.2,20.8,16.7,50,33.3
"Murphy, Chris",669684,L,2026,150,32,18,9,1,4,35,16,23.3,10.7,.250,.430,.347,0.777,0.180,.216,.357,.342,.303,.318,.141,87.5,23.7,27.4,8.4,35.8,76.725825319,30.1,50.3,35.8,26.3,26.3,38.9,24.2
"Armstrong, Shawn",542888,R,2026,147,29,19,6,0,4,33,19,22.4,12.9,.234,.379,.342,0.721,0.145,.208,.360,.322,.307,.320,.152,88.7,16.5,30.1,6.5,34.4,78.782832889,24.1,48.7,32.3,35.5,45.2,28,18.3
"Phillips, Connor",683175,R,2026,133,21,13,4,1,3,28,28,21.1,21.1,.208,.356,.391,0.747,0.148,.240,.407,.347,.377,.418,.168,89.8,20.8,37.8,9.5,40.5,79.799812703,26.8,40.3,31.1,28.4,25.7,37.8,27
"Peguero, Joel",666711,R,2026,48,10,7,3,0,0,5,4,10.4,8.3,.238,.310,.333,0.643,0.072,.192,.247,.297,.255,.293,.055,84.5,6.8,24.3,0,24.3,74.951455789,18.1,55.6,24.3,35.1,56.8,21.6,18.9
"Sulser, Cole",642121,R,2026,228,52,30,15,0,7,53,16,23.2,7,.250,.423,.301,0.724,0.173,.254,.466,.308,.326,.294,.212,87.7,15.9,37.7,12.1,40.3,75.308838333,27.1,50.8,38.4,24.5,38.4,30.8,22.6
"Tolman, Erik",680899,L,2026,61,12,9,2,0,1,15,8,24.6,13.1,.235,.333,.328,0.661,0.098,.215,.346,.298,.296,.314,.131,83.3,5.7,28.9,5.3,23.7,69.575303684,28.1,50.4,31.6,42.1,52.6,23.7,15.8
"Lambert, Peter",663567,R,2026,641,128,92,21,0,15,147,57,22.9,8.9,.227,.343,.309,0.652,0.116,.219,.357,.295,.296,.303,.139,88.2,18.9,33.6,6.8,35.8,77.516675502,25.2,48.9,38.4,26.4,37.6,32.5,21.6
"Jameson, Drey",686753,R,2026,86,19,13,4,1,1,13,10,15.1,11.6,.257,.378,.349,0.727,0.121,.275,.397,.325,.342,.367,.123,87.1,13.4,40.3,4.8,30.6,76.406695161,27.1,47.1,43.5,19.4,35.5,24.2,35.5
"Yean, Eddy",678868,R,2026,45,8,4,3,0,1,7,2,15.6,4.4,.190,.333,.244,0.577,0.143,.240,.318,.256,.273,.290,.079,89.3,10.6,28.6,2.9,34.3,81.190885556,14.1,46.4,51.4,25.7,57.1,20,14.3
"Avila, Luinder",679883,R,2026,309,71,46,17,1,7,61,42,19.7,13.6,.272,.425,.375,0.800,0.153,.251,.396,.355,.339,.360,.145,88,11.3,32.8,5.9,35.3,76.9869519,23.9,42.4,40.7,23,47.5,25.5,22.1
"Javier, Cristian",664299,R,2026,276,64,44,8,2,10,59,28,21.4,10.1,.261,.433,.341,0.774,0.172,.255,.421,.340,.334,.336,.167,89.3,23.3,40.1,9.1,33.7,79.589907204,29,51.3,42.8,24.6,24.6,41.2,25.7
"Ekness, Josh",694795,R,2026,125,23,18,3,0,2,23,19,18.4,15.2,.228,.317,.358,0.675,0.089,.222,.355,.308,.315,.343,.133,87.2,16.4,32.1,6.2,33.3,76.443401,22.1,41.8,33.3,25.9,40.7,33.3,19.8
"Suarez, José",660761,L,2026,277,72,47,19,0,6,61,27,22,9.7,.298,.450,.371,0.821,0.152,.267,.360,.359,.317,.344,.093,87.9,16,38.2,2.7,32.3,77.496151319,26.7,48.7,45.2,17.2,40.9,23.7,28.5
"Lugo, Seth",607625,R,2026,751,200,126,46,5,23,134,54,17.8,7.2,.295,.480,.352,0.832,0.185,.276,.453,.360,.343,.336,.177,89.7,14.3,36.6,8,42.8,78.875193199,18.7,45.8,39.2,23.3,41.2,29.4,24.9
"Andrews, Tanner",681084,R,2026,11,1,1,0,0,0,1,2,9.1,18.2,.111,.111,.273,0.384,0.000,.135,.289,.208,.273,.292,.154,80.1,6.4,25,12.5,25,67.064095,22.2,41.9,50,37.5,50,37.5,0
"Sousa, Bennett",656986,L,2026,134,31,23,4,0,4,30,18,22.4,13.4,.272,.412,.368,0.780,0.140,.218,.355,.348,.307,.324,.137,88.2,20.4,37.2,9.3,33.7,78.418125814,31.6,48,40.7,25.6,31.4,41.9,22.1
"Bernardino, Brennan",657514,L,2026,261,57,37,14,1,5,48,15,18.4,5.7,.245,.378,.301,0.679,0.133,.242,.374,.298,.295,.297,.132,86.9,11.3,30.2,5.2,29.7,76.431687634,22.2,46,35.9,25.5,46.4,26,21.9
"Gil, Luis",661563,R,2026,114,21,12,3,0,6,17,14,14.9,12.3,.219,.438,.342,0.780,0.219,.243,.429,.346,.352,.363,.186,92.1,18.3,26.6,7.6,48.1,82.36284641,19.6,41.5,40.5,19,41.8,35.4,15.2
"Kay, Anthony",641743,L,2026,689,156,103,28,4,21,125,54,18.1,7.8,.260,.426,.344,0.770,0.166,.263,.419,.340,.342,.349,.156,88.4,12.5,34.2,8.3,39,76.645339153,22.9,47,46,17.7,43.3,22.5,25.8
"Criswell, Cooper",681867,R,2026,161,39,31,3,2,3,31,13,19.3,8.1,.273,.385,.333,0.718,0.112,.251,.358,.311,.293,.303,.106,87.3,5.4,25.9,4.3,37.9,74.830833333,20.7,48.4,42.2,22.4,60.3,19,17.2
"Castro, Kervin",665645,R,2026,23,3,2,1,0,0,8,2,34.8,8.7,.143,.190,.217,0.407,0.047,.195,.245,.193,.235,.265,.049,92.5,5.2,46.2,0,30.8,85.029327143,25,51.1,46.2,15.4,61.5,15.4,15.4
"Matsui, Yuki",673513,L,2026,255,36,21,8,0,7,66,36,25.9,14.1,.170,.307,.290,0.597,0.137,.169,.301,.268,.271,.285,.133,86.6,24.6,26.5,7.3,29.8,76.146988082,33.5,47.2,39.7,26.5,36.4,28.5,16.6
"Borucki, Ryan",621366,L,2026,104,27,16,8,0,3,15,9,14.4,8.7,.293,.478,.365,0.843,0.185,.252,.372,.364,.310,.323,.120,88.3,14.2,23.1,5.1,39.7,77.339069231,28.2,49.5,44.9,21.8,44.9,29.5,19.2
"Morán, Jovani",663558,L,2026,268,40,24,6,1,9,72,32,26.9,11.9,.174,.326,.278,0.604,0.152,.194,.326,.270,.279,.291,.133,86.9,16.2,30.2,7.5,29,75.238512857,32.2,45.8,35.2,26.5,40.7,29.6,19.8
"Go, Woo-Suk",808970,R,2026,22,8,3,3,0,2,5,2,22.7,9.1,.400,.850,.455,1.305,0.450,.280,.559,.543,.386,.345,.279,94.9,9.8,26.7,20,53.3,86.34186125,25,51.2,73.3,6.7,46.7,26.7,26.7
"Okert, Steven",595345,L,2026,261,45,29,7,2,7,68,14,26.1,5.4,.190,.325,.244,0.569,0.135,.210,.361,.251,.274,.263,.151,87.6,26.7,33.7,6.9,35.4,76.784037294,30.9,50,39.4,22.9,28,35.4,20.6
"Rogers, Tyler",643511,R,2026,290,60,51,6,1,2,39,22,13.4,7.6,.229,.282,.293,0.575,0.053,.231,.308,.255,.266,.283,.077,84.3,-1.4,23.6,1.8,26.7,71.833752818,14.5,50.1,26.2,37.8,63.1,14.7,16
"Blanco, Ronel",669854,R,2026,136,30,17,3,1,9,26,15,19.1,11,.252,.521,.341,0.862,0.269,.250,.449,.372,.345,.339,.199,89.4,19.3,33,9.6,37.2,80.256892979,23.9,49.6,47.9,17,35.1,37.2,20.2
"Yarbrough, Ryan",642232,L,2026,256,50,34,10,3,3,44,22,17.2,8.6,.219,.329,.299,0.628,0.110,.230,.325,.282,.284,.306,.095,83.8,17.7,36,3.8,25.3,72.108134111,23.5,47.5,39.8,23.1,36,28.5,24.7
"Baker, Bryan",641329,R,2026,241,35,21,9,1,4,63,22,26.1,9.1,.163,.270,.246,0.516,0.107,.206,.318,.234,.272,.284,.112,86.8,17.1,33.1,7.1,35.1,74.804264868,27.4,52.5,44.8,26,40.9,26,22.7
"Stewart, Brock",592779,R,2026,98,16,10,3,0,3,24,9,24.5,9.2,.180,.315,.255,0.570,0.135,.190,.304,.247,.247,.249,.114,81.6,10.9,24.6,4.6,27.7,66.758300606,28.4,50.3,40,26.2,56.9,21.5,9.2
"Monteverde, Patrick",687287,L,2026,18,5,2,1,1,1,2,1,11.1,5.6,.294,.647,.333,0.980,0.353,.255,.409,.410,.307,.296,.154,88.6,29.1,40,6.7,33.3,81.734025,10.8,56.9,40,26.7,20,46.7,26.7
"Nardi, Andrew",677053,L,2026,99,21,12,5,0,4,27,11,27.3,11.1,.244,.442,.337,0.779,0.198,.241,.465,.343,.348,.334,.225,89.6,12.4,31.7,13.3,45,77.222368667,30.4,47.9,36.7,30,43.3,31.7,21.7
"Cecconi, Slade",677944,R,2026,525,134,89,26,0,19,99,39,18.9,7.4,.282,.456,.336,0.792,0.174,.266,.447,.344,.334,.322,.181,89.4,13.1,38,8.9,41.4,78.619121895,20.9,46.8,38.5,21.6,44,26.6,24
"Buehler, Walker",621111,R,2026,633,145,98,23,3,21,128,56,20.2,8.8,.255,.417,.328,0.745,0.162,.244,.400,.327,.315,.316,.156,89.4,12.1,31.4,8.4,38.7,79.0475985,19.5,45.3,38.1,22.3,47,23.3,22.3
"Snelling, Robby",702281,L,2026,22,5,3,1,0,1,2,4,9.1,18.2,.278,.500,.409,0.909,0.222,.261,.445,.399,.372,.395,.184,88.5,7.6,37.5,6.3,43.8,75.735108571,28.6,48.8,62.5,12.5,50,12.5,31.3
"Frasso, Nick",693308,R,2026,92,24,14,7,0,3,21,7,22.8,7.6,.296,.494,.363,0.857,0.198,.243,.398,.371,.320,.320,.155,90.7,15.3,37.1,4.8,33.9,81.965812667,24,48.1,35.5,30.6,33.9,33.9,30.6
"Vaughn, Andrew",683734,R,2026,26,12,8,0,0,4,1,5,3.8,19.2,.600,1.200,.692,1.892,0.600,.416,.765,.752,.549,.556,.349,91.1,20.5,52.6,16.7,36.8,82.60595,17.2,34.5,63.2,0,42.1,36.8,21.1
"Ramos, Wilkin",678576,R,2026,15,5,4,1,0,0,1,4,6.7,26.7,.455,.545,.600,1.145,0.090,.388,.470,.508,.459,.551,.082,89.5,4.1,50,0,50,79.481412,26.1,37.7,20,30,50,20,30
"Cuas, Jose",621016,R,2026,93,23,18,5,0,0,23,12,24.7,12.9,.287,.350,.376,0.726,0.063,.285,.368,.326,.334,.372,.083,83.9,19.9,41.4,1.7,32.8,71.63077069,26.9,47.6,37.9,31,25.9,20.7,37.9
"Nelson, Ryne",669194,R,2026,366,82,46,16,2,18,64,24,17.5,6.6,.246,.467,.304,0.771,0.221,.262,.500,.332,.351,.318,.238,90.6,18.9,34.9,10.3,43.8,80.355500515,21.2,54,34.6,27.9,32.7,37.1,22.4
