"last_name, first_name",player_id,bat_side,year,ab,pa,hit,single,double,triple,home_run,strikeout,walk,k_percent,bb_percent,batting_avg,slg_percent,on_base_percent,on_base_plus_slg,isolated_power,xba,xslg,woba,xwoba,xobp,xiso,exit_velocity_avg,launch_angle_avg,sweet_spot_percent,barrel_batted_rate,hard_hit_percent,avg_best_speed,whiff_percent,swing_percent,pull_percent,opposite_percent,groundballs_percent,flyballs_percent,linedrives_percent
"Semien, Marcus",543760,R,2026,494,547,106,75,15,1,15,104,45,19,8.2,.215,.340,.280,0.620,0.125,.240,.375,.276,.300,.304,.135,86.8,18.9,33.6,5.8,33.3,97.000149286,23,49.3,47,18.9,36.9,32.8,22.2
"McCray, Grant",687529,L,2026,77,91,11,6,2,1,2,28,11,30.8,12.1,.143,.273,.250,0.523,0.130,.210,.350,.236,.291,.301,.140,87.4,10.6,25,11.5,30.8,99.367162083,36.1,43.1,34.6,21.2,46.2,23.1,21.2
"Chapman, Matt",656305,R,2026,307,352,72,46,18,1,7,81,37,23,10.5,.235,.368,.324,0.692,0.133,.210,.319,.309,.286,.305,.110,88.2,11.3,25.3,6.6,35.8,99.903629381,23.1,44.5,39.3,26.2,45.4,20.5,21.8
"Ruiz, Keibert",660688,S,2026,332,354,93,59,24,0,10,37,16,10.5,4.5,.280,.443,.316,0.759,0.163,.247,.374,.328,.289,.285,.127,88.1,17.2,33.9,5,36.6,98.084002838,14.2,52.6,58.7,14.4,37.9,28.9,23.2
"Sullivan, Brett",664954,L,2026,218,237,49,28,13,1,7,40,13,16.9,5.5,.225,.390,.268,0.658,0.165,.235,.354,.285,.281,.284,.119,86.9,20.5,32.2,3.8,33.3,96.916041111,17.5,51.7,50.8,20.8,35.5,27.3,25.7
"Reyes, Felix",694025,R,2026,38,38,6,4,1,0,1,9,0,23.7,0,.158,.263,.158,0.421,0.105,.229,.314,.181,.233,.229,.085,89.2,6.4,37.9,6.9,27.6,98.874941333,27.5,58.5,48.3,20.7,44.8,17.2,34.5
"Walton, Donovan",622268,L,2026,230,268,60,36,14,1,9,46,28,17.2,10.4,.261,.448,.358,0.806,0.187,.245,.371,.356,.322,.344,.127,86.8,12.4,39,4.8,31.6,96.726321868,26.9,50.8,49.2,22.5,43.3,27.3,26.2
"Trout, Mike",545361,R,2026,513,634,124,76,26,0,22,165,107,26,16.9,.242,.421,.382,0.803,0.179,.255,.487,.354,.381,.384,.232,90.1,17.4,38,16,46.3,102.780727771,25.6,39.8,36,24.9,36.3,31.4,25.1
"Peraza, Oswald",672724,R,2026,341,370,77,56,12,2,7,111,17,30,4.6,.226,.334,.282,0.616,0.108,.224,.330,.276,.272,.281,.106,87.5,9.2,32.3,6.1,36.2,99.402264159,30.4,55.4,34.5,23.7,51.3,20.3,23.7
"Mauricio, Ronny",677595,S,2026,59,62,13,8,1,0,4,20,2,32.3,3.2,.220,.441,.258,0.699,0.221,.208,.425,.302,.289,.246,.218,90.4,10.2,30.8,15.4,38.5,102.0883225,30.3,60,41,23.1,48.7,23.1,20.5
"Williams, Luke",663897,R,2026,0,1,0,0,0,0,0,0,1,0,100,,,1.000,,,,,.698,.698,1.000,,,,,,,,,0,,,,,
"Young, Jared",676724,L,2026,308,342,82,53,17,3,9,63,25,18.4,7.3,.266,.429,.330,0.759,0.163,.250,.400,.332,.321,.320,.150,90.4,11.7,30.2,7.7,46.8,101.896708525,24.4,47.4,42.7,16.5,48,23.4,21.8
"Bohm, Alec",664761,R,2026,567,629,141,96,29,1,15,88,48,14,7.6,.249,.383,.315,0.698,0.134,.265,.412,.309,.327,.330,.147,90.6,8.6,33.7,6,43.8,100.305319174,16.6,46,28.7,25.8,47.3,23.1,24.8
"Wisdom, Patrick",621550,R,2026,47,50,5,3,1,0,1,21,3,42,6,.106,.191,.160,0.351,0.085,.158,.359,.151,.236,.193,.201,92.7,28.4,26.9,19.2,42.3,101.725203077,41.3,55.9,34.6,46.2,26.9,42.3,15.4
"Franklin, Christian",681047,R,2026,50,59,9,7,2,0,0,15,7,25.4,11.9,.180,.220,.305,0.525,0.040,.192,.315,.256,.291,.315,.123,85.4,2.2,14.3,8.6,34.3,97.938457778,28.9,39,14.3,37.1,62.9,14.3,11.4
"White, Tommy",695720,R,2026,189,195,48,40,5,0,3,35,5,17.9,2.6,.254,.328,.272,0.600,0.074,.263,.383,.264,.291,.283,.120,85.9,7.4,30.3,7.1,32.3,97.142154872,21.9,55.2,29,25.8,49.7,23.2,23.9
"Urías, Ramón",602104,R,2026,86,100,13,6,3,0,4,18,9,18,9,.151,.326,.260,0.586,0.175,.191,.381,.265,.302,.296,.190,88.5,17.9,27.5,10.1,34.8,98.388988857,23.4,48.3,31.9,23.2,39.1,36.2,13
"Foscue, Justin",679822,R,2026,225,247,61,36,13,1,11,62,17,25.1,6.9,.271,.484,.332,0.816,0.213,.245,.435,.354,.325,.309,.190,89.3,18.9,34.1,10.4,42.1,99.414065,20.3,46.1,44.5,19.5,36.6,31.1,20.7
"Cole, Zach",805904,L,2026,51,53,8,4,1,0,3,21,1,39.6,1.9,.157,.353,.189,0.542,0.196,.209,.438,.234,.289,.239,.229,92.5,15.3,23.3,16.7,50,102.600134,43.3,44.3,50,16.7,43.3,33.3,13.3
"Pederson, Joc",592626,L,2026,374,432,88,48,12,2,26,102,49,23.6,11.3,.235,.487,.329,0.816,0.252,.242,.445,.352,.343,.334,.203,92.1,16,30.9,11.3,50.9,102.047397007,30,47,42.9,24,41.1,31.3,20.7
"Ross, Shawn",676566,R,2026,5,5,1,0,0,0,1,2,0,40,0,.200,.800,.200,1.000,0.600,.226,.840,.410,.428,.226,.614,85.5,12.9,33.3,33.3,33.3,96.576355,50,47.6,66.7,0,33.3,66.7,0
"Mack, Joe",691788,L,2026,303,330,71,48,9,0,14,82,19,24.8,5.8,.234,.403,.282,0.685,0.169,.225,.396,.299,.292,.275,.171,88.8,9.9,26.9,8.4,38.3,99.584000631,25.5,48,47.6,22.5,50.2,24.7,19.4
"Jordan, Blaze",691458,R,2026,186,199,46,31,8,4,3,30,7,15.1,3.5,.247,.382,.276,0.658,0.135,.266,.425,.284,.317,.299,.159,88.4,9.1,33.1,10.1,45,100.055589,20.8,54.3,38.8,24.4,45.6,20.6,26.9
"Watson, Kahlil",696135,L,2026,88,91,21,14,6,0,1,32,3,35.2,3.3,.239,.341,.264,0.605,0.102,.209,.330,.266,.246,.235,.121,89.3,10.6,28.6,7.1,32.1,98.054020357,35.5,54,35.7,26.8,48.2,25,23.2
"Lara, Luis",800325,S,2026,191,212,47,36,8,2,1,46,18,21.7,8.5,.246,.325,.311,0.636,0.079,.256,.331,.286,.293,.321,.075,88,5.3,34.7,3.4,41.5,98.840899189,17,42.1,30.6,32.7,51,15,29.9
"Durbin, Caleb",702332,R,2026,508,586,126,87,25,1,13,79,51,13.5,8.7,.248,.378,.332,0.710,0.130,.234,.316,.317,.291,.321,.081,83.1,12.3,29.5,2.7,25,95.122217783,16.4,46.3,40.9,21.6,48.6,19.3,21.4
"Morabito, Nick",703492,R,2026,41,46,8,6,2,0,0,16,3,34.8,6.5,.195,.244,.283,0.527,0.049,.255,.308,.248,.296,.336,.053,90.5,10.1,36,0,48,99.823979231,29.2,41.6,36,20,48,12,28
"Paris, Kyren",677347,R,2026,15,18,0,0,0,0,0,8,3,44.4,16.7,.000,.000,.167,0.167,0.000,.092,.151,.116,.203,.244,.059,85.1,14.1,0,0,57.1,99.0435325,37.8,44.6,42.9,14.3,57.1,42.9,0
"Teodosio, Bryce",669326,R,2026,70,76,15,13,2,0,0,27,5,35.5,6.6,.214,.243,.267,0.510,0.029,.171,.232,.234,.210,.227,.061,82.3,9.5,20.5,4.5,20.5,94.943635714,40.6,55.4,25,45.5,50,18.2,13.6
"Guerrero Jr., Vladimir",665489,R,2026,542,609,141,107,25,0,9,81,56,13.3,9.2,.260,.356,.332,0.688,0.096,.280,.400,.305,.331,.346,.121,90.3,8.3,28.7,6.9,44.3,102.693695855,20.1,47.2,35.1,26.3,48.6,19.3,25.3
"Karros, Kyle",691720,R,2026,411,475,104,67,21,3,13,100,54,21.1,11.4,.253,.414,.347,0.761,0.161,.250,.402,.336,.334,.345,.152,89.7,12.6,40.8,8.3,41.1,100.509474679,24.6,44.2,40.8,25.8,43,24.5,26.8
"Price, Collin",805672,R,2026,12,13,2,1,1,0,0,6,1,46.2,7.7,.167,.250,.231,0.481,0.083,.259,.361,.219,.302,.316,.103,93,17.6,33.3,0,50,99.28063,61.5,49.1,33.3,50,50,33.3,16.7
"Clemens, Kody",665019,L,2026,531,583,127,71,22,7,27,127,39,21.8,6.7,.239,.460,.298,0.758,0.221,.254,.456,.327,.334,.313,.202,91.9,15.4,33.7,11.3,46.1,101.037748366,24.4,49.9,47.1,21.7,39.3,32.7,22
"Chaparro, Andrés",665953,R,2026,198,228,52,26,13,0,13,53,25,23.2,11,.263,.525,.360,0.885,0.262,.233,.451,.383,.344,.334,.218,89.9,16.8,29,13.1,44.1,101.366810548,32.4,49.3,50.3,19.3,40.7,29,18.6
"Triolo, Jared",669707,R,2026,324,362,77,62,12,0,3,72,28,19.9,7.7,.238,.302,.307,0.609,0.064,.241,.316,.278,.284,.311,.075,86.3,6.1,32.9,2.4,32.9,97.382690726,22.1,45.1,38.4,25.5,51,18.4,27.1
"Naylor, Bo",666310,L,2026,91,98,14,9,2,0,3,24,7,24.5,7.1,.154,.275,.214,0.489,0.121,.216,.400,.220,.293,.273,.184,89.1,19,31.3,11.9,41.5,99.665642353,14.6,45.1,38.8,19.4,34.3,34.3,20.9
"Mederos, Victor",682989,R,2026,1,1,1,1,0,0,0,0,0,0,0,1.000,1.000,1.000,2.000,0.000,.583,.664,.890,.543,.583,.081,103.7,4.8,0,0,100,103.72718,0,66.7,100,0,100,0,0
"Sosa, Lenyn",672820,R,2026,113,117,22,14,7,0,1,25,1,21.4,0.9,.195,.283,.207,0.490,0.088,.222,.345,.214,.249,.234,.123,88.7,20,34.4,5.6,36.7,98.841732,21.5,56,38.9,28.9,40,25.6,23.3
"Jeffers, Ryan",680777,R,2026,317,369,81,46,19,2,14,66,46,17.9,12.5,.256,.461,.353,0.814,0.205,.247,.430,.353,.344,.346,.183,88.6,16.6,35.8,10.2,40.9,100.699453622,17.3,40.5,39.4,26.8,38.6,28.7,23.6
"Helman, Michael",680737,R,2026,30,35,5,3,1,0,1,6,1,17.1,2.9,.167,.300,.235,0.535,0.133,.147,.208,.239,.200,.218,.061,82.9,23.9,26.9,0,7.7,91.309245455,20.9,59.3,38.5,26.9,34.6,42.3,11.5
"Garcia, Jhostynxon",691373,R,2026,49,51,8,7,1,0,0,17,1,33.3,2,.163,.184,.196,0.380,0.021,.211,.301,.175,.240,.242,.091,83.7,11.7,34.4,3.1,31.3,98.229828125,33.9,60.9,34.4,25,53.1,15.6,21.9
"Bernal, Leo",699024,S,2026,95,102,27,19,3,0,5,25,7,24.5,6.9,.284,.474,.333,0.807,0.190,.270,.487,.351,.347,.320,.217,92.6,16.1,41.4,10,55.7,102.009491143,26.2,46.6,40,14.3,31.4,35.7,30
"Kemp, Otto",805249,R,2026,25,27,2,2,0,0,0,10,1,37,3.7,.080,.080,.148,0.228,0.000,.162,.221,.119,.205,.224,.059,81.5,27,33.3,0,13.3,89.912855,37.9,48.3,13.3,53.3,26.7,33.3,26.7
"Stubbs, Garrett",596117,L,2026,59,65,9,9,0,0,0,15,3,23.1,4.6,.153,.153,.215,0.368,0.000,.177,.215,.178,.209,.238,.037,85.3,12.1,20,0,24.4,94.776945909,21,52.5,28.9,26.7,51.1,26.7,13.3
"Ewing, A.J.",805999,L,2026,436,492,110,79,19,1,11,125,46,25.4,9.3,.252,.376,.324,0.700,0.124,.255,.399,.311,.320,.327,.144,89.6,10.8,35.1,7.5,42.3,100.034776474,24.6,46.1,31,27.9,46.1,24.5,25.4
"De Paula, Josue",800543,L,2026,31,42,10,5,3,1,1,5,11,11.9,26.2,.323,.581,.500,1.081,0.258,.311,.496,.466,.437,.492,.185,89.2,9.8,46.2,11.5,46.2,99.056430769,19,37.1,46.2,19.2,34.6,23.1,42.3
"Wilson, Jacob",805779,R,2026,320,337,85,61,16,1,7,39,12,11.6,3.6,.266,.388,.298,0.686,0.122,.262,.345,.301,.282,.295,.083,84.1,7.9,31.4,2.5,27.6,95.600927914,14.8,55.9,35,25.4,51.2,21.2,24
"Kelenic, Jarred",672284,L,2026,73,83,16,13,2,0,1,31,10,37.3,12,.219,.288,.313,0.601,0.069,.231,.431,.279,.331,.323,.201,92.6,11.6,35.7,19,50,102.423424286,40.5,45.4,26.2,26.2,45.2,33.3,21.4
"Lowe, Brandon",664040,L,2026,583,655,152,87,29,1,35,188,62,28.7,9.5,.261,.494,.331,0.825,0.233,.240,.445,.355,.331,.315,.205,91,15.8,35.1,12.4,45.8,101.348135373,35.4,50.6,46.3,20.4,36.1,33.6,23.4
"Jansen, Danny",643376,R,2026,197,227,40,22,9,1,8,55,18,24.2,7.9,.203,.381,.296,0.677,0.178,.186,.310,.300,.267,.277,.125,87.7,22.8,24,6.2,33.6,97.458352394,25.7,45,55.5,14.4,37,31.5,17.8
"Smith, Pavin",656976,L,2026,109,122,20,14,3,0,3,25,12,20.5,9.8,.183,.294,.262,0.556,0.111,.216,.318,.252,.281,.295,.103,87.6,12.9,23.5,4.7,37.6,98.86166,19.7,45.2,41.2,30.6,45.9,29.4,17.6
"Vargas, Miguel",678246,R,2026,588,704,147,82,31,1,33,126,101,17.9,14.3,.250,.474,.363,0.837,0.224,.263,.496,.363,.378,.371,.233,90.1,20.5,39.4,13,43.8,100.367790769,21,43.9,46.7,21.1,30.1,35.4,23.9
"Salas, Ethan",806956,L,2026,39,40,10,7,0,1,2,9,1,22.5,2.5,.256,.462,.275,0.737,0.206,.188,.316,.316,.227,.208,.129,90.1,25.7,23.3,3.3,33.3,98.854162,19.4,48.3,20,23.3,36.7,43.3,13.3
"Ohtani, Shohei",660271,L,2026,523,618,144,84,26,4,30,152,81,24.6,13.1,.275,.512,.377,0.889,0.237,.286,.552,.377,.397,.372,.266,93.3,12.3,38,16.4,52.1,103.764505323,31.7,46.6,47.9,21.8,42.8,30.3,23.7
"Outman, James",681546,L,2026,157,170,27,16,4,2,5,71,10,41.8,5.9,.172,.318,.235,0.553,0.146,.162,.273,.246,.225,.226,.111,86.5,16.2,33.7,7,37.2,97.862507442,41.8,51.2,54.7,22.1,37.2,30.2,22.1
"Wagner, Will",695238,L,2026,35,45,9,8,1,0,0,7,10,15.6,22.2,.257,.286,.422,0.708,0.029,.249,.282,.333,.329,.407,.033,81.9,4.9,28.6,0,17.9,92.435565714,16.9,40.3,21.4,32.1,67.9,10.7,17.9
"Rushing, Dalton",687221,L,2026,224,253,55,31,12,0,12,74,23,29.2,9.1,.246,.460,.328,0.788,0.214,.249,.426,.344,.336,.334,.177,89.5,18.6,35.8,11.9,43.7,101.8105508,31.8,49.1,45.7,21.9,32.5,27.8,31.1
"Cauley, Cam",695508,R,2026,58,65,12,7,3,1,1,15,5,23.1,7.7,.207,.345,.281,0.626,0.138,.192,.238,.279,.235,.268,.046,85.5,16.8,27.3,0,20.5,94.600854545,31.9,47.7,40.9,38.6,45.5,18.2,20.5
"Riley, Austin",663586,R,2026,566,630,124,82,21,2,19,201,48,31.9,7.6,.219,.364,.290,0.654,0.145,.213,.396,.290,.299,.286,.183,91.3,18.5,34.3,12.4,44.3,102.087666649,31.9,48.8,39.5,24.9,36.8,30,24.1
"House, Brady",691781,R,2026,320,355,79,51,18,0,10,91,29,25.6,8.2,.247,.397,.313,0.710,0.150,.265,.434,.313,.333,.330,.169,90.1,10.2,31,9.5,47.8,102.255890517,29.8,50.6,30.6,25.9,46.6,26.7,22.8
"Siani, Michael",672279,L,2026,1,1,0,0,0,0,0,0,0,0,0,.000,.000,.000,0.000,0.000,.302,.353,.000,.292,.302,.051,79.9,6.1,0,0,0,79.90967,0,25,100,0,100,0,0
"Albies, Ozzie",645277,S,2026,615,683,146,96,27,1,22,105,46,15.4,6.7,.237,.392,.293,0.685,0.155,.221,.337,.298,.273,.280,.116,87.1,17.8,32.3,3.8,27.7,96.575292846,21.2,56.1,45.8,21.6,35.5,32.8,23.3
"Arroyo, Edwin",695490,S,2026,148,160,33,28,4,1,0,38,6,23.8,3.8,.223,.264,.266,0.530,0.041,.268,.348,.240,.291,.309,.080,88,15.8,41.6,2.7,27.4,96.289835849,26.8,57.8,42.5,25.7,42.5,19.5,31
"Perdomo, Geraldo",672695,S,2026,562,680,147,109,20,9,9,86,96,12.6,14.1,.262,.377,.370,0.747,0.115,.260,.355,.336,.333,.373,.095,87.6,14.7,36.5,3.1,31.9,96.798958983,11.8,38.8,42.6,23.1,41.6,25.4,28.4
"Turang, Brice",668930,L,2026,582,680,156,95,37,3,21,171,90,25.1,13.2,.268,.450,.366,0.816,0.182,.255,.428,.358,.344,.353,.173,90.3,8.8,38.5,7.7,41.6,100.345718473,23.1,43.2,29.2,30.4,46.9,22.5,28.7
"Nishida, Rikuu",807747,L,2026,29,30,7,7,0,0,0,5,0,16.7,0,.241,.241,.241,0.482,0.000,.258,.306,.215,.247,.258,.048,87.9,3.1,36,0,12,94.065359167,15.2,47.4,16,28,64,8,28
"Jones, Spencer",682987,L,2026,261,289,64,39,13,1,11,105,25,36.3,8.7,.245,.429,.313,0.742,0.184,.238,.455,.323,.328,.304,.217,94.1,20.6,43.9,15.9,55.1,104.238740633,38.7,53.2,35,26.8,26.8,39.5,28
"Mikolas, Miles",571945,R,2026,0,1,0,0,0,0,0,0,0,0,0,,,,,,,,,,,,,,0,0,0,,0,66.7,0,0,100,0,0
"Crews, Dylan",686611,R,2026,404,443,90,56,20,1,13,107,30,24.2,6.8,.223,.374,.289,0.663,0.151,.241,.419,.294,.317,.306,.178,90.3,13.7,33.9,9.4,43.3,101.188552703,29.4,51.7,33.6,20.8,39.6,27.5,25.5
"Callihan, Tyler",682997,L,2026,95,107,20,11,4,2,3,38,9,35.5,8.4,.211,.389,.283,0.672,0.178,.185,.296,.294,.252,.261,.111,84.5,26.1,40.7,6.8,27.1,96.384928276,34.3,55,44.1,22,25.4,42.4,23.7
"Velazquez, Andrew",623205,S,2026,15,15,1,1,0,0,0,2,0,13.3,0,.067,.067,.067,0.134,0.000,.167,.200,.059,.160,.167,.033,84.4,19.2,30.8,0,23.1,95.175448,14.3,62.2,38.5,23.1,53.8,15.4,15.4
"Muncy, Max",571970,L,2026,488,561,123,66,27,1,29,140,65,25,11.6,.252,.490,.348,0.838,0.238,.242,.470,.361,.349,.333,.227,89.9,17.5,35.8,12.9,45.8,101.023217371,29.2,44.9,51.3,17.8,37.5,32.7,22.6
"Crooks, Jimmy",699625,L,2026,134,149,24,13,6,0,5,48,9,32.2,6,.179,.336,.255,0.591,0.157,.198,.397,.264,.294,.274,.200,91.7,19.4,37.9,11.6,48.3,101.08186907,34.2,49.7,36.8,26.4,32.2,42.5,19.5
"Vargas, Ildemaro",545121,S,2026,453,486,115,82,19,5,9,49,27,10.1,5.6,.254,.377,.298,0.675,0.123,.268,.363,.295,.297,.309,.095,87.4,11.3,30.7,3.2,35,98.067283881,15.2,50.6,40.3,18.4,43.7,20.9,26.3
"Turner, Trea",607208,R,2026,645,700,156,107,29,1,19,147,48,21,6.9,.242,.378,.297,0.675,0.136,.242,.363,.298,.293,.299,.121,88.5,11.1,31.7,6,39.3,98.94390884,27.7,50.5,33.7,27.3,45.3,25.3,21.4
"Wallner, Matt",670242,L,2026,120,135,20,13,3,0,4,53,10,39.3,7.4,.167,.292,.259,0.551,0.125,.200,.333,.253,.281,.289,.134,88.4,8.1,26.9,10.4,40.3,101.422806765,44,52.1,44.8,14.9,50.7,20.9,23.9
"Montgomery, Colson",695657,L,2026,568,638,112,57,24,0,31,227,54,35.6,8.5,.197,.403,.282,0.685,0.206,.199,.388,.300,.294,.280,.189,88.6,23.6,32.9,12,40.9,101.158593626,37.4,51.5,49.6,17.5,31.2,34.4,20.1
"Clark, Max",703601,L,2026,180,206,49,32,11,3,3,42,18,20.4,8.7,.272,.417,.350,0.767,0.145,.264,.345,.337,.314,.342,.081,87.6,16,35.2,2.1,38,98.281387353,16.7,46,35.2,32.4,40.8,25.4,26.8
"Call, Alex",669743,R,2026,163,195,38,28,9,0,1,35,23,17.9,11.8,.233,.307,.349,0.656,0.074,.202,.261,.305,.277,.324,.059,83.6,15.6,27.7,2.3,16.2,92.892612923,17.2,42.6,36.2,26.2,43.8,24.6,19.2
"Heim, Jonah",641680,S,2026,358,390,73,41,19,0,13,70,27,17.9,6.9,.204,.366,.262,0.628,0.162,.227,.361,.275,.285,.284,.134,87.3,13.3,33,5.9,32.3,97.523598,21.4,49.8,39.2,20.6,44,26.5,21.3
"Teel, Kyle",691019,L,2026,119,144,25,17,3,0,5,51,19,35.4,13.2,.210,.361,.336,0.697,0.151,.211,.375,.317,.321,.337,.165,85.7,13.6,41.4,11.4,47.1,100.879383824,35.6,45.4,40,22.9,38.6,30,27.1
"Harris, Brett",695391,R,2026,44,51,6,4,2,0,0,16,3,31.4,5.9,.136,.182,.240,0.422,0.046,.171,.244,.207,.243,.271,.073,87.3,9.2,37.9,3.4,31,96.85209,27.7,43,31,17.2,51.7,20.7,20.7
"Perez, Junior",678577,R,2026,35,36,6,3,0,0,3,14,1,38.9,2.8,.171,.429,.194,0.623,0.258,.206,.516,.264,.312,.228,.310,91,21.3,33.3,14.3,52.4,101.582378182,39.4,51.1,28.6,28.6,28.6,33.3,19
"Fraley, Jake",641584,L,2026,88,97,19,10,7,0,2,29,9,29.9,9.3,.216,.364,.289,0.653,0.148,.196,.331,.290,.270,.272,.136,84,21.9,44.1,8.5,20.7,94.753513,23,45.5,47.5,25.4,32.2,25.4,27.1
"Happ, Ian",664023,S,2026,546,636,119,64,28,3,24,189,81,29.7,12.7,.218,.412,.326,0.738,0.194,.208,.390,.325,.313,.313,.183,89.3,14.2,31.8,11.1,42.2,100.488835922,30.3,43.6,45.7,18.1,41.5,31.2,20.9
"Rivero, Sebastián",665861,R,2026,52,56,13,11,2,0,0,11,3,19.6,5.4,.250,.288,.291,0.579,0.038,.261,.304,.262,.272,.301,.044,82,19.2,26.2,0,14.3,93.130049048,25.7,58.6,35.7,21.4,40.5,21.4,21.4
"Refsnyder, Rob",608701,R,2026,114,129,16,11,1,0,4,37,8,28.7,6.2,.140,.254,.211,0.465,0.114,.170,.316,.207,.255,.241,.146,86.6,19.5,24.7,8.6,34.6,98.02099925,29,44.5,50.6,27.2,39.5,29.6,17.3
"Suárez, Eugenio",553993,R,2026,434,498,92,48,18,0,26,169,52,33.9,10.4,.212,.433,.307,0.740,0.221,.201,.379,.324,.303,.299,.178,88.5,21.2,37.3,12.5,36.2,99.429068636,33.8,46,47,20.1,33.6,32.5,23.5
"Tromp, Chadwick",644433,R,2026,49,51,8,7,1,0,0,13,0,25.5,0,.163,.184,.160,0.344,0.021,.174,.217,.150,.170,.173,.043,85.5,12.9,26.3,0,26.3,95.351341111,24.3,56.6,34.2,31.6,47.4,23.7,21.1
"Murray, Tanner",695020,R,2026,28,33,6,5,0,0,1,7,2,21.2,6.1,.214,.321,.281,0.602,0.107,.191,.390,.256,.275,.241,.200,90.7,25.6,26.1,8.7,43.5,100.076803636,32,48.5,39.1,26.1,47.8,30.4,4.3
"Tawa, Tim",694374,R,2026,313,351,75,50,13,1,11,84,27,23.9,7.7,.240,.393,.297,0.690,0.153,.247,.418,.302,.315,.305,.171,90.5,12.8,35.4,10.5,43.8,100.77373087,28,49,36.7,19.2,43.3,26.3,23.3
"Sheets, Gavin",657757,L,2026,363,419,77,44,16,0,17,85,49,20.3,11.7,.212,.397,.313,0.710,0.185,.229,.381,.315,.316,.327,.152,87.4,13.8,31.1,7.1,38.2,98.872982,20.9,43.3,37.9,28.6,44.6,23.9,20.4
"Soler, Jorge",624585,R,2026,316,361,64,35,16,1,12,118,35,32.7,9.7,.203,.373,.291,0.664,0.170,.206,.362,.295,.294,.296,.156,88.5,14.5,35.1,10.9,42.6,101.551384059,36.9,47.3,52,17.8,39.6,27.2,27.2
"Kirk, Alejandro",672386,R,2026,277,313,77,59,8,0,10,38,33,12.1,10.5,.278,.415,.351,0.766,0.137,.263,.368,.333,.308,.326,.104,88,7.9,32.6,3.7,38.8,99.504610744,15.8,43.5,24,33.9,50.8,18.6,24.8
"Maile, Luke",571912,R,2026,44,48,7,4,2,0,1,14,4,29.2,8.3,.159,.273,.229,0.502,0.114,.137,.209,.228,.195,.209,.073,83.4,19.9,23.3,3.3,26.7,96.241328667,26.3,42.9,43.3,26.7,36.7,33.3,16.7
"Serna, Jared",691858,R,2026,28,32,6,3,3,0,0,8,3,25,9.4,.214,.321,.281,0.602,0.107,.170,.224,.267,.230,.256,.054,87.8,15,28.6,4.8,38.1,97.341674545,25.8,52.1,33.3,19,42.9,19,23.8
"Serven, Brian",661531,R,2026,80,85,14,8,1,0,5,21,4,24.7,4.7,.175,.375,.224,0.599,0.200,.220,.371,.261,.278,.266,.151,87.5,10.3,35.6,8.5,30.5,98.142667667,30.4,50,39,15.3,45.8,30.5,22
"McMahon, Ryan",641857,L,2026,328,360,70,45,14,0,11,106,28,29.4,7.8,.213,.357,.279,0.636,0.144,.230,.381,.282,.297,.294,.152,90.5,14.3,32.1,9,44.8,101.386570182,30.2,45.5,41.5,25,41.1,31.3,23.2
"Farmer, Kyle",571657,R,2026,18,19,4,3,1,0,0,5,0,26.3,0,.222,.278,.211,0.489,0.056,.244,.317,.207,.235,.234,.073,81.2,6.1,35.7,7.1,28.6,93.809261429,29.7,58.7,42.9,28.6,50,14.3,28.6
"Clase, Jonatan",682729,S,2026,22,25,6,4,0,0,2,8,3,32,12,.273,.545,.360,0.905,0.272,.171,.267,.390,.247,.271,.096,86.8,11.3,21.4,0,35.7,96.624655714,30.6,43,71.4,7.1,57.1,35.7,7.1
"Murphy, Sean",669221,R,2026,110,121,20,13,4,0,3,37,11,30.6,9.1,.182,.300,.256,0.556,0.118,.206,.332,.252,.273,.278,.127,87.8,5.6,26,8.2,41.1,100.957310811,31.9,50.1,49.3,11,56.2,23.3,16.4
"Ward, Ryan",669899,L,2026,55,60,12,5,4,0,3,17,5,28.3,8.3,.218,.455,.283,0.738,0.237,.239,.424,.319,.316,.303,.185,88.5,19.3,36.8,10.8,28.9,99.059412105,27.6,53.2,55.3,23.7,39.5,26.3,26.3
"Carlson, Dylan",666185,S,2026,4,4,0,0,0,0,0,2,0,50,0,.000,.000,.000,0.000,0.000,.067,.096,.000,.070,.067,.029,84.4,6.4,50,0,0,88.16488,33.3,30,100,0,50,50,0
"Hoskins, Rhys",656555,R,2026,263,317,47,21,13,0,13,100,47,31.5,14.8,.179,.376,.306,0.682,0.197,.174,.348,.305,.297,.304,.174,89.4,26.6,34.1,12.6,41.3,99.856401548,32.4,42.2,54.5,22.2,26.3,32.3,22.2
"Waldschmidt, Ryan",814439,R,2026,250,284,64,44,15,2,3,85,22,29.9,7.7,.256,.368,.325,0.693,0.112,.236,.356,.309,.297,.310,.120,86.6,15.8,45.6,6.5,29.8,97.453410241,31.7,43.6,38,24.6,35.7,27.5,32.7
"Pasquantino, Vinnie",686469,L,2026,421,481,105,66,20,2,17,76,51,15.8,10.6,.249,.428,.333,0.761,0.179,.256,.441,.331,.338,.335,.185,90,20.6,36.3,9.5,41.7,99.863712586,15.2,46.5,43.7,20.3,30.9,31.7,25.7
"McCann, James",543510,R,2026,156,166,44,31,6,0,7,42,6,25.3,3.6,.282,.455,.311,0.766,0.173,.240,.431,.332,.303,.272,.191,89.9,11.2,37.6,11.1,43.6,100.840190351,30.2,51.5,31.6,28.2,46.2,26.5,23.9
"Meadows, Parker",678009,L,2026,36,39,9,7,1,1,0,10,2,25.6,5.1,.250,.333,.308,0.641,0.083,.212,.277,.288,.250,.273,.065,85.3,13.3,30.8,3.8,19.2,94.482146154,20.3,45.4,30.8,23.1,42.3,23.1,26.9
"Beck, Jordan",687597,R,2026,165,180,33,22,8,2,1,57,14,31.7,7.8,.200,.291,.261,0.552,0.091,.212,.293,.248,.253,.269,.081,87.1,18.5,30.3,3.7,32.1,98.401569808,31.5,52.3,41.3,27.5,39.4,28.4,23.9
"Julks, Corey",667452,R,2026,7,7,2,1,1,0,0,1,0,14.3,0,.286,.429,.286,0.715,0.143,.172,.270,.307,.188,.172,.098,87.9,25.3,33.3,0,33.3,94.040176667,9.1,44,33.3,0,33.3,50,0
"Johnson, Daniel",669288,L,2026,14,17,2,2,0,0,0,3,2,17.6,11.8,.143,.143,.294,0.437,0.000,.280,.320,.230,.341,.407,.040,92.7,21.8,18.2,0,45.5,100.655092,21.7,43.4,45.5,18.2,54.5,9.1,18.2
"Ramírez, Pedro",699393,S,2026,241,266,63,43,12,2,6,49,20,18.4,7.5,.261,.402,.321,0.723,0.141,.242,.342,.315,.284,.298,.100,89,12.6,29.7,4.1,39,99.586362371,20.2,50.2,41,23.6,45.1,23.1,23.1
"Correa, Carlos",621043,R,2026,122,141,34,23,8,0,3,26,18,18.4,12.8,.279,.418,.369,0.787,0.139,.289,.459,.347,.364,.373,.170,89.2,7.2,36.1,10.3,41.2,101.668709184,22.9,45,40.2,29.9,47.4,16.5,32
"Jung, Josh",673962,R,2026,398,444,119,79,27,1,12,80,35,18,7.9,.299,.462,.365,0.827,0.163,.285,.440,.362,.348,.354,.156,90.7,12,41.1,7.2,49.2,100.183736149,18.5,47.4,39.3,25.5,42.4,23.1,31.2
"Marsh, Brandon",669016,L,2026,524,568,136,96,20,2,18,142,34,25,6,.260,.408,.304,0.712,0.148,.251,.401,.308,.301,.291,.151,89.2,13.1,40.8,8,42.6,99.77357526,24.9,52.1,38.5,26.9,42.1,27.2,26.7
"Espinal, Santiago",669289,R,2026,56,60,15,11,3,0,1,8,1,13.3,1.7,.268,.375,.276,0.651,0.107,.285,.374,.281,.290,.294,.089,86.2,14.2,45.1,2,31.4,96.563089583,18.8,50,33.3,21.6,43.1,21.6,31.4
"Machín, Vimael",605353,L,2026,6,6,3,3,0,0,0,2,0,33.3,0,.500,.500,.500,1.000,0.000,.444,.511,.445,.417,.444,.067,90.2,9.8,50,0,50,102.300745,44.4,37.5,75,0,50,0,50
"Keaschall, Luke",807712,R,2026,528,620,149,107,28,4,10,87,59,14,9.5,.282,.407,.374,0.781,0.125,.250,.368,.348,.321,.347,.118,85.4,17.9,35,3.8,29.1,96.573873378,16.9,42.6,39,28.4,37,29.7,24.4
"Busch, Michael",683737,L,2026,600,710,145,96,27,2,20,165,92,23.2,13,.242,.393,.352,0.745,0.151,.233,.402,.333,.331,.342,.169,88.4,15.6,34.3,9.1,39.8,98.887664018,25.7,43.7,39.5,26.1,39.8,34.3,21.4
"Narváez, Carlos",665966,R,2026,248,285,40,30,7,0,3,90,19,31.6,6.7,.161,.226,.241,0.467,0.065,.191,.303,.219,.260,.269,.112,90.6,18.3,35.1,6.6,36.9,99.444669241,33.2,51.4,31.5,29.8,39.3,30.4,21.4
"Ward, Taylor",621493,R,2026,498,607,112,84,20,1,7,130,99,21.4,16.3,.225,.311,.359,0.670,0.086,.241,.360,.312,.334,.371,.120,88.7,14.8,35.3,5.1,38.3,98.776249027,19.5,34.4,32.9,27,38.8,26.7,27
"Contreras, Willson",575929,R,2026,448,535,123,72,21,3,27,135,59,25.2,11,.275,.516,.386,0.902,0.241,.256,.484,.391,.376,.370,.229,89.8,17.9,32.2,13.3,44.2,102.440550191,30.8,48.8,49.8,18.9,38.2,28.4,22.4
"Taveras, Leody",665750,S,2026,429,482,94,62,18,6,8,124,41,25.7,8.5,.219,.345,.288,0.633,0.126,.214,.320,.282,.273,.286,.106,88,16.1,28.8,4.1,32.6,98.966147671,24.3,48.5,36.7,24.7,42.7,25.6,23.4
"Langford, Wyatt",694671,R,2026,411,471,98,59,20,2,17,107,55,22.7,11.7,.238,.421,.333,0.754,0.183,.231,.387,.333,.319,.327,.156,88.6,20.3,32.5,7.9,36.4,99.42584634,25.3,46.5,43,22.6,33.1,30.5,23.3
"Friedl, TJ",670770,L,2026,239,272,41,30,6,1,4,63,22,23.2,8.1,.172,.255,.255,0.510,0.083,.191,.268,.236,.250,.275,.076,87.3,21,26.9,2.9,28,96.910295,25,43.2,39.6,21.4,44,25.3,20.3
"García, Adolis",666969,R,2026,231,259,45,29,8,1,7,84,21,32.4,8.1,.195,.329,.270,0.599,0.134,.220,.362,.268,.294,.296,.142,92.1,14.6,38,9.3,48,101.568957067,34.6,45.4,36,23.3,39.3,23.3,28.7
"Ford, Harry",695670,R,2026,100,118,19,9,7,0,3,28,17,23.7,14.4,.190,.350,.314,0.664,0.160,.192,.332,.302,.296,.315,.140,84.9,13.5,31.9,9.7,34.7,98.298077222,25.5,42,36.1,18.1,50,30.6,13.9
"Seigler, Anthony",678011,S,2026,150,173,37,21,12,1,3,28,18,16.2,10.4,.247,.400,.327,0.727,0.153,.241,.370,.321,.312,.327,.129,86.9,15.3,37.3,5.6,34.9,96.698935968,22.5,46,34.9,31.7,42.1,30.2,23
"Gasper, Mickey",681508,S,2026,191,225,48,28,9,1,10,39,27,17.3,12,.251,.466,.357,0.823,0.215,.249,.444,.361,.353,.357,.196,88.9,15.9,31.8,10.4,37.7,99.00274974,18.1,38.5,44.2,20.8,42.2,31.2,20.1
"Tucker, Kyle",663656,L,2026,540,627,126,82,23,4,17,105,78,16.7,12.4,.233,.385,.330,0.715,0.152,.256,.393,.318,.331,.350,.137,88.5,18.1,34.2,6.4,36.3,98.257582237,20.8,48.5,42,25.6,36.5,34.9,21.8
"Marsee, Jakob",805300,L,2026,516,616,119,82,19,7,11,126,78,20.5,12.7,.231,.359,.348,0.707,0.128,.233,.334,.321,.314,.349,.101,87.3,18.1,33.5,3.8,34.5,97.82960178,18,40.9,40.3,25.9,37,22.7,28.7
"Rojas, Josh",668942,L,2026,106,115,24,18,4,0,2,17,5,14.8,4.3,.226,.321,.265,0.586,0.095,.189,.261,.260,.220,.230,.073,86.1,17.6,31.5,1.1,28.3,95.932095333,19.2,50.4,32.6,27.2,39.1,34.8,17.4
"Carrigg, Cole",694249,S,2026,333,372,93,55,22,4,12,89,28,23.9,7.5,.279,.477,.341,0.818,0.198,.250,.407,.352,.316,.313,.157,88.1,16.5,37.2,6.4,37.6,99.173843115,25.2,53.4,48.4,20.4,37.6,28.8,26.8
"Castro, Willi",650489,S,2026,427,477,111,75,20,1,15,129,41,27,8.6,.260,.417,.331,0.748,0.157,.236,.390,.330,.309,.311,.154,87.6,17.7,31.9,8,39.9,100.348595338,30.8,53.6,44.5,21.3,38.9,31.2,23.3
"Sosa, Edmundo",624641,R,2026,231,250,57,35,11,2,9,54,7,21.6,2.8,.247,.429,.283,0.712,0.182,.277,.444,.307,.328,.313,.168,87.8,11.1,33.7,7.2,39.2,99.999948444,27.5,61.2,41.4,19.3,46.4,20.4,25.4
"Solak, Nick",669256,R,2026,7,10,1,1,0,0,0,0,1,0,10,.143,.143,.300,0.443,0.000,.260,.502,.232,.373,.385,.242,90.2,-2.6,37.5,12.5,50,98.3236,0,47.8,12.5,25,50,25,25
"Baty, Brett",683146,L,2026,420,473,100,66,22,1,11,125,44,26.4,9.3,.238,.374,.311,0.685,0.136,.243,.412,.304,.321,.317,.169,90.4,12.9,36.7,10.3,42,101.4330448,29.3,49.1,35,28,40,28.7,26.3
"Stott, Bryson",681082,L,2026,536,608,137,85,36,6,10,100,62,16.4,10.2,.256,.401,.334,0.735,0.145,.267,.402,.326,.330,.345,.135,89.4,14.1,35,5.9,37.7,98.738688539,18.7,41.8,36.3,21.4,42.2,26.9,24.8
"Rincones Jr., Gabriel",687282,L,2026,84,89,14,8,4,0,2,29,2,32.6,2.2,.167,.286,.202,0.488,0.119,.150,.276,.215,.205,.189,.126,90.1,13.3,23.2,9.4,35.7,100.53357963,30.3,57.6,28.6,30.4,44.6,32.1,16.1
"Caminero, Junior",691406,R,2026,616,702,170,102,25,1,42,129,79,18.4,11.3,.276,.524,.360,0.884,0.248,.273,.499,.375,.364,.345,.226,92.7,10.4,27.1,13.1,49.7,105.207732408,24.1,44.4,45.1,19,48.8,22.2,20.2
"Lewis, Royce",668904,R,2026,463,509,105,65,24,1,15,130,38,25.5,7.5,.227,.380,.287,0.667,0.153,.238,.397,.292,.306,.298,.159,89.8,20.9,33.4,10.7,40.2,100.584117857,32.8,50.5,46.7,19.2,32.5,29.3,24.3
"Duran, Ezequiel",677649,R,2026,539,597,140,92,27,4,17,141,46,23.6,7.7,.260,.419,.320,0.739,0.159,.243,.369,.324,.300,.307,.126,89,12,34.1,6,38.8,99.527392222,26.2,51.8,37.5,26.7,46.9,23,23.2
"Campusano, Luis",669134,R,2026,215,248,57,37,12,0,8,53,30,21.4,12.1,.265,.433,.363,0.796,0.168,.239,.391,.353,.327,.341,.152,87.3,16.3,37.7,8.1,37.7,98.81458963,26,46.6,41.4,22.8,37.7,24.1,24.7
"Ramírez, José",608070,S,2026,473,544,111,72,27,0,12,69,60,12.7,11,.235,.368,.320,0.688,0.133,.266,.391,.301,.325,.340,.125,88.6,19,35.3,4.1,38.8,99.346632184,15.3,45.4,49.9,15.8,33.8,27,27
"Huff, Sam",669087,R,2026,33,34,4,2,2,0,0,19,1,55.9,2.9,.121,.182,.147,0.329,0.061,.099,.184,.147,.137,.126,.084,91.2,8.4,28.6,14.3,57.1,102.291484286,46.7,60.5,85.7,0,42.9,28.6,21.4
"Valera, George",671655,L,2026,37,38,8,5,3,0,0,8,1,21.1,2.6,.216,.297,.237,0.534,0.081,.193,.232,.235,.198,.215,.039,90.2,9.6,20.7,0,34.5,98.353314,22.1,57.1,51.7,20.7,51.7,6.9,24.1
"Velázquez, Nelson",676369,R,2026,101,113,19,9,4,0,6,38,9,33.6,8,.188,.406,.257,0.663,0.218,.232,.486,.286,.339,.302,.254,94.8,21.5,41.5,13.8,61.5,103.143481818,39.2,48.9,43.1,21.5,26.2,36.9,30.8
"Johnson, Ivan",671155,S,2026,16,19,1,1,0,0,0,7,3,36.8,15.8,.063,.063,.211,0.274,0.000,.134,.184,.157,.226,.270,.050,84.5,13.8,11.1,0,22.2,94.154786,50,44.4,33.3,33.3,44.4,44.4,0
"India, Jonathan",663697,R,2026,48,58,8,5,1,0,2,13,8,22.4,13.8,.167,.313,.310,0.623,0.146,.173,.289,.291,.284,.315,.116,85.7,28.3,28.6,5.7,31.4,96.473557778,22.6,39.2,40,31.4,28.6,31.4,14.3
"Andujar, Miguel",609280,R,2026,239,254,62,35,20,2,5,38,11,15,4.3,.259,.423,.303,0.726,0.164,.264,.376,.314,.298,.302,.112,88.3,6.5,26.4,4.5,36.3,99.775366436,18.5,54.2,44.8,19.4,53.2,17.9,22.9
"Pereira, Everson",677592,R,2026,98,111,23,13,5,0,5,37,6,33.3,5.4,.235,.439,.309,0.748,0.204,.205,.400,.327,.299,.283,.194,88.5,9.7,39.7,12.7,41.3,100.122989677,37.8,53.7,36.5,23.8,50.8,23.8,17.5
"Schmitt, Casey",669477,R,2026,387,409,105,66,17,1,21,81,11,19.8,2.7,.271,.483,.301,0.784,0.212,.288,.512,.336,.355,.317,.224,89.9,21.6,39.4,12.3,44.8,100.777605742,21.4,53.8,39,24.2,29.7,34.5,25.2
"Pache, Cristian",665506,R,2026,8,8,1,1,0,0,0,4,0,50,0,.125,.125,.125,0.250,0.000,.150,.160,.111,.137,.150,.010,81.8,33.9,25,0,25,91.91539,30,47.6,25,50,25,25,25
"Navarreto, Brian",640459,R,2026,52,61,7,3,3,0,1,21,2,34.4,3.3,.135,.250,.193,0.443,0.115,.124,.186,.199,.172,.183,.063,84.6,10.9,22.2,5.6,22.2,95.86946875,32.6,53.8,50,30.6,55.6,19.4,11.1
"Frazier, Adam",624428,L,2026,129,147,31,20,9,1,1,39,11,26.5,7.5,.240,.349,.315,0.664,0.109,.223,.294,.293,.265,.289,.071,85.6,12.9,35.1,2.1,19.1,94.340358667,26.4,53.6,43.6,20.2,51.1,21.3,26.6
"Azócar, José",640492,R,2026,17,18,6,4,2,0,0,4,1,22.2,5.6,.353,.471,.389,0.860,0.118,.282,.345,.377,.298,.322,.063,87.3,5.8,30.8,0,23.1,96.457345,27.5,58,53.8,23.1,61.5,15.4,23.1
"Vásquez, Randy",681190,R,2026,1,1,0,0,0,0,0,0,0,0,0,.000,.000,.000,0.000,0.000,.049,.050,.000,.044,.049,.001,66.1,-22.5,0,0,0,66.05121,0,100,100,0,100,0,0
"Meyers, Jake",676694,R,2026,141,153,30,20,7,0,3,31,10,20.3,6.5,.213,.326,.268,0.594,0.113,.205,.316,.265,.256,.261,.110,85.4,15.4,25.2,6.3,27.9,95.71614,21.8,52.2,38.7,29.7,42.3,28.8,19.8
"Baker, Luken",663609,R,2026,5,5,1,1,0,0,0,3,0,60,0,.200,.200,.200,0.400,0.000,.132,.150,.178,.123,.132,.018,92.2,28.6,0,0,50,106.78027,50,33.3,0,0,0,50,50
"Valencia, Eduardo",680664,R,2026,129,138,44,22,14,0,8,32,6,23.2,4.3,.341,.636,.380,1.016,0.295,.285,.546,.433,.372,.327,.261,90.3,14.1,44.3,15.5,49.5,101.9202875,26.8,52.8,43.3,20.6,42.3,22.7,28.9
"Lee, Brooks",686797,S,2026,586,631,148,96,25,3,24,102,37,16.2,5.9,.253,.428,.300,0.728,0.175,.233,.358,.316,.281,.281,.125,88.1,16.2,32.2,4.5,34.2,97.530784362,20.8,53.4,42.2,22.1,39.1,30.3,23.2
"Arraez, Luis",650333,L,2026,596,655,185,139,33,7,6,28,34,4.3,5.2,.310,.419,.345,0.764,0.109,.289,.377,.331,.307,.323,.088,86.4,16.2,39.3,1.2,19.4,94.068574724,7.1,48.6,31,32.1,37.6,30.8,26.9
"Oliva, Jared",666931,R,2026,7,7,1,1,0,0,0,1,0,14.3,0,.143,.143,.143,0.286,0.000,.322,.379,.127,.308,.322,.057,93.6,13.6,16.7,0,66.7,101.096063333,37.5,59.3,33.3,16.7,50,33.3,16.7
"Montes, Lazaro",703155,L,2026,52,59,11,5,2,0,4,24,7,40.7,11.9,.212,.481,.305,0.786,0.269,.195,.446,.334,.313,.278,.252,90,21,35.7,17.9,42.9,103.180821429,44.6,48,39.3,28.6,35.7,42.9,17.9
"Mesa Jr., Victor",683748,L,2026,235,262,61,36,8,3,14,53,23,20.2,8.8,.260,.498,.327,0.825,0.238,.249,.439,.355,.329,.318,.189,89.4,21,31.9,10.8,42.2,100.402323596,25.5,55,37.8,25.9,33,30.8,23.2
"Hernaiz, Darell",687231,R,2026,137,157,32,28,3,0,1,31,16,19.7,10.2,.234,.277,.316,0.593,0.043,.216,.267,.275,.262,.300,.052,85.2,12.2,30.3,0.9,27.5,96.082802407,25.6,50.6,26.6,33.9,45.9,22,23.9
"Davis, Henry",680779,R,2026,256,298,44,28,6,0,10,63,28,21.1,9.4,.172,.313,.272,0.585,0.141,.199,.342,.267,.290,.298,.143,90.3,20.9,27.8,8.6,40.9,100.662878211,25.6,53,52.5,15.7,36.9,25.8,19.7
"Hayes, Ke'Bryan",663647,R,2026,227,242,32,24,2,1,5,48,13,19.8,5.4,.141,.225,.194,0.419,0.084,.236,.371,.191,.287,.284,.135,90.4,16.2,36.3,6.9,38.5,99.502539885,23.4,46.2,30.7,29.6,34.6,31.3,29.1
"Vivas, Jorbit",678391,L,2026,311,364,74,55,15,1,3,53,41,14.6,11.3,.238,.322,.331,0.653,0.084,.236,.309,.298,.292,.329,.073,82.9,12,34.3,3,21.5,94.277617252,18.1,49.5,38.1,28.3,44.2,21.9,26.8
"Burleson, Alec",676475,L,2026,605,670,169,105,37,1,26,121,55,18.1,8.2,.279,.473,.343,0.816,0.194,.289,.522,.353,.374,.349,.234,92,13,34.6,11.3,50,102.344379671,22.5,53.6,48.6,22.5,44.7,26.6,22.5
"Butler, Lawrence",671732,L,2026,473,540,112,74,19,2,17,139,61,25.7,11.3,.237,.393,.325,0.718,0.156,.245,.398,.319,.326,.333,.154,89.7,7.7,30.8,8.6,44.8,101.710451198,26.7,45.8,36.7,27.8,51.8,21.3,21.9
"Taylor, Tyrone",621438,R,2026,219,241,61,34,16,0,11,41,14,17,5.8,.279,.502,.325,0.827,0.223,.245,.416,.355,.309,.296,.171,86.8,18.1,33.7,8.7,34.2,98.054869667,20.6,48.8,53.3,18.5,36.4,33.7,21.2
"Cowser, Colton",681297,L,2026,341,392,77,54,10,0,13,121,46,30.9,11.7,.226,.370,.317,0.687,0.144,.221,.400,.307,.315,.313,.179,87.9,13,33,9.4,41.1,100.438488468,32.6,44.2,38.4,22.8,42,30.4,23.2
"Wells, Austin",669224,L,2026,334,388,62,41,7,0,14,103,48,26.5,12.4,.186,.332,.292,0.624,0.146,.211,.363,.281,.302,.311,.153,89.3,20.5,33.8,7.7,42.7,100.248392609,27.9,46.3,47.4,22.2,33.3,34.2,20.5
"Jones, Jahmai",663330,R,2026,160,181,33,20,6,1,6,58,17,32,9.4,.206,.369,.298,0.667,0.163,.229,.428,.299,.328,.319,.200,90.6,18.8,34.3,10.8,43.1,101.81520451,34.7,49,52.9,13.7,32.4,29.4,26.5
"León, Sandy",506702,S,2026,44,44,4,4,0,0,0,18,0,40.9,0,.091,.091,.091,0.182,0.000,.135,.170,.081,.132,.135,.035,81.9,17.1,23.1,0,19.2,93.574700769,29.7,56.7,69.2,11.5,46.2,15.4,19.2
"Lombard Jr., George",806146,R,2026,152,166,36,24,4,1,7,44,10,26.5,6,.237,.414,.285,0.699,0.177,.240,.388,.303,.298,.290,.148,87.1,8.5,33.3,8.2,35.1,99.125989074,25.6,46.8,36.9,29.7,49.5,24.3,20.7
"Susac, Daniel",691740,R,2026,144,161,35,23,8,1,3,36,8,22.4,5,.243,.375,.289,0.664,0.132,.249,.369,.290,.296,.300,.120,86.3,16.9,42.1,5.3,32.5,97.0900975,23.8,55.6,42.1,24.6,38.6,28.9,26.3
"Torres, Gleyber",650402,R,2026,358,420,93,72,13,0,8,81,57,19.3,13.6,.260,.363,.364,0.727,0.103,.252,.368,.328,.325,.354,.115,86.2,9.4,38.4,6.1,32.3,96.706167857,22.5,42.2,27.2,37.6,45.2,24.7,26.9
"Gurriel Jr., Lourdes",666971,R,2026,186,201,39,28,9,0,2,38,10,18.9,5,.210,.290,.254,0.544,0.080,.234,.312,.243,.273,.284,.078,87.3,14.9,31.8,4.6,33.8,97.317038289,24.2,52.8,39.1,23.8,42.4,21.9,23.8
"Valenzuela, Brandon",678218,S,2026,239,271,53,35,9,0,9,69,29,25.5,10.7,.222,.372,.307,0.679,0.150,.240,.377,.303,.313,.324,.137,88.4,14.5,37.8,7,38.4,99.463470941,25.8,49.4,43,18.6,41.9,23.8,26.2
"Yoshida, Masataka",807799,L,2026,263,297,72,50,16,1,5,33,28,11.1,9.4,.274,.399,.347,0.746,0.125,.262,.372,.330,.318,.338,.110,88.8,8.9,30,3.4,39.9,99.027488034,15.6,42.6,43.3,22.7,49.8,22.7,22.3
"Stanton, Giancarlo",519317,R,2026,90,96,23,14,6,0,3,29,6,30.2,6.3,.256,.422,.302,0.724,0.166,.245,.466,.316,.326,.292,.221,94.1,21.5,37.7,18,44.3,104.792676774,38.7,45.1,39.3,18,29.5,27.9,29.5
"Lopez, Otto",672640,R,2026,627,687,191,139,32,9,11,89,40,13,5.8,.305,.437,.349,0.786,0.132,.281,.417,.342,.327,.329,.136,89.1,8.4,30.4,6,40.8,100.262247259,19.5,46.3,34.1,26.4,51.4,22.6,21.9
"Rogers, Jake",668670,R,2026,143,171,23,14,4,1,4,51,23,29.8,13.5,.161,.287,.276,0.563,0.126,.171,.296,.259,.267,.286,.124,88,21.7,30.2,9.4,36.5,97.758656809,26.8,42.3,44.8,18.8,37.5,35.4,17.7
"Cheng, Tsung-Che",691907,L,2026,39,44,10,9,1,0,0,14,4,31.8,9.1,.256,.282,.318,0.600,0.026,.237,.392,.274,.303,.302,.155,86.6,12.5,42.3,7.7,23.1,95.6115125,36.3,48.5,46.2,11.5,46.2,30.8,23.1
"Santana, Carlos",467793,S,2026,24,26,2,1,1,0,0,8,2,30.8,7.7,.083,.125,.154,0.279,0.042,.141,.192,.136,.187,.208,.051,87.8,29.5,25,0,43.8,98.43934875,29.6,50.9,43.8,25,25,31.3,18.8
"Del Castillo, Adrian",680728,L,2026,181,197,35,24,6,0,5,56,13,28.4,6.6,.193,.309,.246,0.555,0.116,.199,.329,.247,.256,.252,.131,88.3,16,34.4,6.3,36.7,98.499894677,28.6,48.3,35.2,22.7,38.3,28.9,23.4
"Basabe, Osleivis",678545,R,2026,129,143,26,18,3,0,5,29,9,20.3,6.3,.202,.341,.268,0.609,0.139,.229,.343,.271,.283,.293,.113,87.6,8.9,34.3,6.9,34.3,97.9189726,23.3,46.3,40.2,20.6,45.1,29.4,20.6
"Walker, Christian",572233,R,2026,571,635,129,73,26,1,29,147,51,23.1,8,.226,.427,.299,0.726,0.201,.227,.396,.316,.305,.297,.169,89,14.6,31.9,9.6,40.7,101.069259249,29.1,50.4,41.2,26.5,42.9,28.1,21.3
"Amador, Adael",691182,S,2026,83,95,23,14,5,0,4,12,10,12.6,10.5,.277,.482,.362,0.844,0.205,.207,.311,.365,.274,.292,.105,83.2,10.1,23.6,6.9,25,96.024202778,16.2,51.6,51.4,19.4,51.4,19.4,20.8
"Ramírez, Agustín",682663,R,2026,226,255,53,37,10,1,5,61,26,23.9,10.2,.235,.354,.318,0.672,0.119,.227,.320,.300,.285,.309,.093,89.9,7.1,26.5,4.2,41.6,102.266998795,29.8,49.1,44.6,19.9,52.4,15.7,22.9
"Flores Jr., Rafael",804668,R,2026,148,163,39,22,6,0,11,45,15,27.6,9.2,.264,.527,.331,0.858,0.263,.247,.506,.367,.350,.313,.259,90.7,12.4,35,14.6,45.6,101.474261731,30.7,45.2,46.6,15.5,44.7,36.9,17.5
"Sanoja, Javier",691594,R,2026,461,490,136,88,32,5,11,39,27,8,5.5,.295,.458,.333,0.791,0.163,.273,.359,.342,.295,.310,.086,87.1,12,33.5,2.8,32.3,97.327541304,11.8,52.3,40.1,22.6,43.2,19.3,27.6
"Crawford, Justin",702222,L,2026,425,465,112,85,19,5,3,82,27,17.6,5.8,.264,.353,.309,0.662,0.089,.257,.328,.294,.284,.305,.072,87.1,1.1,28.6,2,35.1,98.072316272,17.7,53.3,28.9,30.9,58.9,16.4,21
"Wynns, Austin",642851,R,2026,82,89,12,11,0,0,1,24,5,27,5.6,.146,.183,.195,0.378,0.037,.200,.290,.176,.240,.246,.090,84.9,16,31.7,3.3,26.7,96.338909655,23.9,54.4,36.7,26.7,40,25,25
"Ortiz, Joey",687401,R,2026,371,415,100,73,14,4,9,82,35,19.8,8.4,.270,.402,.328,0.730,0.132,.243,.346,.321,.297,.309,.103,89.2,6.4,29.2,4,37.6,99.747955517,19.9,44.8,32.9,27.2,50.3,20.1,23.2
"Church, Nathan",701675,L,2026,434,470,107,78,17,2,10,81,25,17.2,5.3,.247,.364,.290,0.654,0.117,.242,.354,.288,.283,.286,.112,85.6,13.4,34.2,5.3,30,96.943636954,20.5,56.2,33.1,28.3,45.3,23.1,21.7
"Herrera, Iván",671056,R,2026,605,717,146,100,26,1,19,138,76,19.2,10.6,.241,.382,.353,0.735,0.141,.249,.390,.329,.336,.357,.141,89.4,9.4,31.6,6.2,40.6,100.671085171,20.8,44.2,37.7,22.2,48.5,20.1,22.7
"Pozo, Yohel",650968,R,2026,60,62,15,13,1,0,1,9,1,14.5,1.6,.250,.317,.258,0.575,0.067,.253,.313,.251,.252,.263,.060,86.6,15.3,34.6,1.9,25,95.627254615,18.9,60.6,32.7,34.6,44.2,15.4,30.8
"Banfield, Will",677943,R,2026,20,21,3,2,1,0,0,7,0,33.3,0,.150,.200,.143,0.343,0.050,.149,.191,.145,.151,.152,.042,83.5,33.9,21.4,0,14.3,91.833835714,39.1,63,35.7,42.9,21.4,28.6,21.4
"Kim, Hyeseong",808975,L,2026,116,131,30,25,3,1,1,31,12,23.7,9.2,.259,.328,.323,0.651,0.069,.261,.341,.293,.304,.333,.080,85.8,9.1,42.5,3.4,25.3,95.588878636,27,47.4,32.2,24.1,47.1,19.5,29.9
"Bleday, JJ",668709,L,2026,466,545,101,58,17,2,24,121,72,22.2,13.2,.217,.416,.324,0.740,0.199,.240,.421,.326,.340,.345,.181,88.4,23.2,39.4,9.5,40.1,99.80397093,26.5,46.1,46.6,19.8,28.4,33.6,27.6
"Chisholm Jr., Jazz",665862,L,2026,471,532,109,71,16,3,19,157,56,29.5,10.5,.231,.399,.312,0.711,0.168,.216,.366,.312,.294,.296,.150,90.4,16.3,29.9,8.2,42.8,100.204570455,30.9,45.8,50.9,17.9,42.1,28.9,20.1
"Bolte, Henry",703607,R,2026,415,473,115,86,16,2,11,133,39,28.1,8.2,.277,.405,.359,0.764,0.128,.246,.375,.341,.317,.332,.129,91,1.3,27.7,8.1,48.6,104.45817,32.8,50,31.9,26.3,62.1,14.7,19.6
"Varsho, Daulton",662139,L,2026,484,526,107,69,23,3,12,107,39,20.3,7.4,.221,.355,.281,0.636,0.134,.228,.354,.281,.283,.285,.126,86.7,16.2,32,6.9,36.5,98.36044754,21.9,53.1,38.1,22.5,39.4,28.8,22
"Hays, Austin",669720,R,2026,100,105,28,22,3,0,3,27,4,25.7,3.8,.280,.400,.305,0.705,0.120,.278,.383,.304,.295,.297,.105,87.5,4.9,35.1,4.1,41.9,99.166541622,33.8,53.8,51.4,21.6,51.4,14.9,31.1
"Cox, Jonah",813841,R,2026,151,169,38,28,4,2,4,65,10,38.5,5.9,.252,.384,.298,0.682,0.132,.209,.319,.300,.256,.258,.110,88.3,11.3,34.4,5.4,35.5,98.945106923,37.3,52.5,21.5,37.6,50.5,22.6,23.7
"Freeman, Freddie",518692,L,2026,579,657,167,118,32,1,16,116,66,17.7,10,.288,.430,.362,0.792,0.142,.290,.463,.348,.363,.364,.173,89.5,12.2,38.7,8.1,41.3,99.86901312,23.2,50.1,33.4,30,43.2,26,27.7
"Troy, Tommy",694371,R,2026,129,143,28,20,3,1,4,34,13,23.8,9.1,.217,.349,.289,0.638,0.132,.229,.393,.285,.304,.300,.164,84.9,12.1,31.3,9.4,30.2,98.007827021,25.9,45,32.3,26,47.9,22.9,22.9
"Larnach, Trevor",663616,L,2026,383,433,103,66,23,1,13,79,45,18.2,10.4,.269,.436,.352,0.788,0.167,.259,.394,.347,.327,.341,.136,87.7,13.8,38,7.5,36.7,99.019390592,26.8,44.1,44.6,19,39,23.6,28.5
"McGuire, Reese",624512,L,2026,29,34,5,5,0,0,0,9,2,26.5,5.9,.172,.172,.273,0.445,0.000,.186,.215,.221,.242,.285,.029,74.3,18.8,33.3,0,9.5,87.906893,21.8,50,28.6,23.8,42.9,23.8,23.8
"Pham, Tommy",502054,R,2026,30,35,3,2,0,0,1,11,5,31.4,14.3,.100,.200,.229,0.429,0.100,.236,.354,.209,.317,.345,.118,93.6,12.7,26.3,5.3,52.6,102.714876,34.5,41.7,63.2,26.3,57.9,21.1,15.8
"Neto, Zach",687263,R,2026,619,704,148,85,31,5,27,215,70,30.5,9.9,.239,.436,.330,0.766,0.197,.216,.412,.336,.317,.309,.196,89.9,22.8,38.3,11.9,41.6,99.89467408,32.9,50.3,48.9,21.7,30.6,35.6,23.5
"Lee, Jung Hoo",808982,L,2026,539,579,149,104,31,4,10,57,29,9.8,5,.276,.404,.320,0.724,0.128,.288,.382,.317,.315,.330,.095,87.5,11.3,36,2.3,31.5,96.907185726,12.5,47.7,37.7,23.9,43.6,22.6,29
"Crow-Armstrong, Pete",691718,L,2026,626,726,175,91,31,8,45,187,83,25.8,11.4,.280,.570,.372,0.942,0.290,.264,.508,.400,.374,.355,.245,90.6,22,38.1,13.3,48.6,102.38778711,26.3,50.1,51.1,18.7,31.3,33.6,23.4
"Edman, Tommy",669242,S,2026,291,331,72,50,12,2,8,67,22,20.2,6.6,.247,.385,.329,0.714,0.138,.240,.347,.320,.303,.324,.107,87.3,13.1,29.4,5.3,32,98.478885179,23,46.4,42.1,23.2,45.6,28.5,20.2
"Rumfield, TJ",681198,L,2026,547,631,164,115,30,3,16,86,72,13.6,11.4,.300,.453,.390,0.843,0.153,.261,.386,.373,.333,.357,.125,84.3,15.7,37.4,5,27.9,96.180816261,18.8,48.3,40.8,25.1,39.5,28.7,25.7
"Ozuna, Marcell",542303,R,2026,251,280,51,36,7,0,8,80,27,28.6,9.6,.203,.327,.286,0.613,0.124,.221,.389,.276,.304,.300,.168,89.1,20.3,38.6,7.7,36.8,99.258350119,30.1,42.6,38,26.3,33.9,28.1,26.3
"García Jr., Luis",671277,L,2026,516,543,143,82,26,5,30,97,25,17.9,4.6,.277,.521,.309,0.830,0.244,.276,.486,.355,.341,.309,.210,91.4,11.5,33,12.2,46.1,102.267913349,20.8,52.6,41.8,20.7,43.7,23.5,25.4
"Bateman, Brett",703520,L,2026,158,181,52,42,7,1,2,35,18,19.3,9.9,.329,.424,.402,0.826,0.095,.268,.338,.368,.312,.347,.069,84.7,2.8,34.9,1.6,19.8,94.543693051,14.7,42.6,32.5,32.5,58.7,12.7,27.8
"Bruján, Vidal",660644,S,2026,11,13,1,1,0,0,0,1,1,7.7,7.7,.091,.091,.167,0.258,0.000,.164,.231,.132,.213,.233,.068,82,20.2,9.1,0,9.1,92.2605,22.7,56.4,36.4,18.2,54.5,9.1,9.1
"Wong, Connor",657136,R,2026,210,238,49,33,12,0,4,57,17,23.9,7.1,.233,.348,.308,0.656,0.115,.219,.327,.295,.281,.295,.108,85.9,12.6,24.7,4.4,34.8,99.018654737,24.6,47.9,41.1,23.4,46.8,24.7,19.6
"Grichuk, Randal",545341,R,2026,265,280,76,34,25,2,15,61,11,21.8,3.9,.287,.566,.314,0.880,0.279,.278,.478,.370,.335,.303,.201,91.3,17.1,37.7,11.2,49.8,102.787849029,24,53,44.4,24.2,35.7,29.5,26.1
"Merrill, Jackson",701538,L,2026,613,664,156,99,26,5,26,160,41,24.1,6.2,.254,.440,.303,0.743,0.186,.270,.491,.320,.347,.315,.221,91.5,14.3,39.8,12.4,48.7,101.402458194,27.6,56.1,38,26.5,37,29.8,27.8
"Alfonzo, Eliezer",672613,S,2026,28,28,5,3,2,0,0,3,0,10.7,0,.179,.250,.179,0.429,0.071,.211,.290,.185,.215,.211,.080,91.3,10.9,40,0,32,98.6623025,13.7,54.3,40,12,44,28,24
"Meneses, Joey",608841,R,2026,20,25,3,3,0,0,0,4,3,16,12,.150,.150,.280,0.430,0.000,.269,.314,.220,.327,.380,.045,92.7,12.7,23.5,0,58.8,101.344301111,23.5,44.7,70.6,11.8,52.9,17.6,17.6
"Ingle, Cooper",694876,L,2026,21,24,2,2,0,0,0,12,3,50,12.5,.095,.095,.208,0.303,0.000,.106,.127,.161,.175,.218,.021,90.9,1.1,22.2,0,44.4,97.400354,21.7,43.8,55.6,22.2,77.8,11.1,11.1
"Melendez, MJ",669004,L,2026,120,144,23,13,5,1,4,50,17,34.7,11.8,.192,.350,.315,0.665,0.158,.166,.317,.302,.280,.294,.150,94.2,23.6,29.2,11.1,55.6,102.543121111,34.5,46.7,50,18.1,26.4,43.1,19.4
"Johnston, Troy",687859,L,2026,397,449,110,73,32,1,4,83,37,18.5,8.2,.277,.393,.348,0.741,0.116,.276,.375,.329,.323,.348,.100,89.7,13.9,39.7,2.2,36.9,98.35935121,24.7,52.5,38.1,24.1,40.6,23.8,32.2
"Kreidler, Ryan",668952,R,2026,243,267,53,33,9,3,8,61,21,22.8,7.9,.218,.379,.286,0.665,0.161,.221,.382,.293,.295,.288,.162,88.3,12.9,26.2,8.2,37.2,99.404474111,30.4,51.8,41.5,18,50.3,26.8,14.8
"Martinez, Omar",683079,L,2026,3,3,1,1,0,0,0,1,0,33.3,0,.333,.333,.333,0.666,0.000,.116,.136,.297,.111,.116,.020,88.8,16.8,0,0,50,99.57912,20,41.7,50,0,50,50,0
"Báez, Joshua",695491,R,2026,100,108,23,9,7,0,7,33,4,30.6,3.7,.230,.510,.278,0.788,0.280,.212,.446,.335,.303,.261,.234,92.1,23.1,35.3,11.8,47.1,101.884043529,35.2,55,47.1,19.1,32.4,39.7,17.6
"Murakami, Munetaka",808959,L,2026,454,553,94,42,16,1,35,196,92,35.4,16.6,.207,.478,.347,0.825,0.271,.204,.469,.356,.351,.335,.266,93.9,16.1,30.5,20.5,56.8,104.390023411,42.3,40.7,46.3,19.7,41.3,38.6,15.4
"Díaz, Yandy",650490,R,2026,614,686,180,131,26,1,22,98,56,14.3,8.2,.293,.446,.359,0.805,0.153,.281,.439,.350,.346,.346,.157,90.9,6,29.7,7.1,48.1,102.454762731,14.8,47.5,22.8,30.3,50.8,19.5,24.1
"Madrigal, Nick",663611,R,2026,54,63,15,13,2,0,0,3,7,4.8,11.1,.278,.315,.365,0.680,0.037,.238,.291,.313,.293,.335,.053,88.1,9.3,30.8,0,26.9,96.477529615,7.5,50.2,30.8,26.9,51.9,21.2,25
"Jorge, Carlos",699115,L,2026,46,50,10,8,0,1,1,13,4,26,8,.217,.326,.280,0.606,0.109,.239,.329,.271,.282,.300,.089,81.8,14.3,33.3,6.1,15.2,92.587212667,31.1,56.6,36.4,33.3,42.4,21.2,27.3
"Rutschman, Adley",668939,S,2026,364,410,88,48,26,1,13,68,39,16.6,9.5,.242,.426,.315,0.741,0.184,.254,.412,.323,.327,.329,.159,88.9,14.7,39.5,7,38.5,99.111210667,16.3,40.4,37.9,22.3,39.9,30.6,24.9
"Grisham, Trent",663757,L,2026,418,484,88,49,19,2,18,89,61,18.4,12.6,.211,.395,.308,0.703,0.184,.245,.429,.311,.337,.339,.184,90.6,17.5,35.7,9.6,45.3,100.542669759,18.2,39.1,44.4,17.1,38.1,30,22.5
"Arroyo, Michael",703197,R,2026,35,41,13,10,2,0,1,6,5,14.6,12.2,.371,.514,.439,0.953,0.143,.323,.433,.414,.375,.406,.110,88.8,16.8,33.3,3.3,33.3,98.209815333,15.7,56.5,53.3,20,40,23.3,30
"Torres, Bryan",663494,L,2026,166,189,38,31,1,2,4,39,18,20.6,9.5,.229,.331,.309,0.640,0.102,.229,.329,.289,.288,.310,.100,86.5,11,35.4,3.1,26.2,95.647026349,21.8,44.3,48.5,21.5,46.2,23.1,26.2
"Swanson, Dansby",621020,R,2026,428,486,91,53,16,3,19,115,51,23.7,10.5,.213,.397,.297,0.694,0.184,.220,.380,.305,.301,.303,.160,89.2,15.5,28.9,7.3,40.6,99.322246962,30.4,47.5,50,18.6,43.1,29.9,19.8
"Kelly, Carson",608348,R,2026,380,425,98,73,15,0,10,70,40,16.5,9.4,.258,.376,.336,0.712,0.118,.244,.372,.320,.311,.324,.128,86.7,13.3,31.6,5.2,36.1,98.238746516,19.8,45.4,39.4,20.6,46.1,24.2,21.9
"Gorman, Nolan",669357,L,2026,266,302,49,34,6,0,9,98,33,32.5,10.9,.184,.308,.272,0.580,0.124,.193,.351,.260,.278,.275,.158,89.3,21.8,35.1,9.9,42.1,100.669585581,37.8,49,45.6,25.1,32.7,37.4,22.2
"Antonacci, Sam",803011,L,2026,480,557,133,96,25,4,8,82,43,14.7,7.7,.277,.396,.370,0.766,0.119,.284,.399,.345,.348,.377,.115,87.5,9.9,38,5,33.6,97.500539045,14.7,42.5,31.8,25.6,49.6,21.6,25.6
"Kurtz, Nick",701762,L,2026,352,434,90,53,15,1,21,141,79,32.5,18.2,.256,.483,.396,0.879,0.227,.244,.483,.381,.374,.374,.239,93.4,11.9,38.9,18,57.3,106.18726581,36.9,43.1,34.6,27.5,41.7,28.9,26.1
"Palacios, Richie",680700,L,2026,345,399,81,55,14,2,10,68,46,17,11.5,.235,.374,.330,0.704,0.139,.243,.334,.316,.306,.339,.091,86.2,13.4,33.1,4,28.8,96.521348897,20.7,46.6,39.1,22.4,41.6,19.9,27
"Springer, George",543807,R,2026,462,517,115,75,23,2,15,95,47,18.4,9.1,.249,.405,.321,0.726,0.156,.238,.381,.320,.306,.312,.142,88.6,12.5,30.4,6.5,38.5,99.548886216,23.5,48.3,42.5,22.2,45,26,22.2
"Marte, Starling",516782,R,2026,153,168,37,30,5,0,2,41,9,24.4,5.4,.242,.314,.298,0.612,0.072,.230,.364,.276,.287,.288,.135,87.4,6.4,27.2,9.6,35.1,100.244828571,27.9,53.2,31.6,25.4,52.6,15.8,24.6
"De La Cruz, Bryan",650559,R,2026,75,86,21,15,4,0,2,18,7,20.9,8.1,.280,.413,.349,0.762,0.133,.240,.346,.335,.299,.318,.106,88.8,3.3,32.2,5.1,40.7,99.112513,25,49.6,39,23.7,54.2,13.6,28.8
"Aranda, Jonathan",666018,L,2026,580,668,159,110,27,0,22,163,69,24.4,10.3,.274,.434,.358,0.792,0.160,.254,.438,.348,.343,.341,.184,91.1,14.4,38.8,9.9,46,100.602724528,22.5,46.7,30.1,30.4,37.2,31.3,27.5
"Loftin, Nick",679845,R,2026,371,426,89,52,27,2,8,73,41,17.1,9.6,.240,.388,.322,0.710,0.148,.228,.335,.315,.293,.313,.106,86.8,15.6,35.9,4.2,29.7,96.863698054,17.6,40.9,43.5,21.9,41.2,29.1,23.9
"Griffin, Konnor",804606,R,2026,312,339,85,60,15,4,6,82,20,24.2,5.9,.272,.404,.324,0.728,0.132,.262,.404,.320,.316,.317,.142,88.1,7.9,33.6,7,37.5,100.514009123,28.9,51.8,38.8,25,50.9,18.1,27.2
"France, Ty",664034,R,2026,440,500,130,83,24,2,21,108,37,21.6,7.4,.295,.502,.363,0.865,0.207,.248,.421,.373,.327,.323,.173,91.5,14.6,38.5,9.1,47.4,100.873362,28.1,54.3,38.8,27.6,41.8,25.3,25.9
"Cook, Billy",695257,R,2026,56,58,10,7,2,1,0,23,1,39.7,1.7,.179,.250,.207,0.457,0.071,.135,.189,.203,.159,.165,.054,85.7,24.7,24.2,0,27.3,96.427398125,36.7,57.7,30.3,33.3,36.4,30.3,15.2
"O'Hoppe, Logan",681351,R,2026,252,275,55,42,9,0,4,68,17,24.7,6.2,.218,.302,.274,0.576,0.084,.206,.332,.259,.267,.264,.126,86.8,16.8,30.5,9.1,35.8,98.818916667,28.7,51.2,44.4,24.1,39,28.9,22.5
"Wood, James",695578,L,2026,513,623,136,75,30,1,30,179,102,28.7,16.4,.265,.503,.388,0.891,0.238,.271,.548,.383,.403,.386,.277,95.4,8.5,36.7,18.6,58.9,106.450190888,30.1,37.6,34,31.1,47.6,24.6,26
"Cameron, Daz",663662,R,2026,24,25,5,3,1,0,1,7,0,28,0,.208,.375,.200,0.575,0.167,.245,.423,.239,.291,.256,.177,84.1,16.9,33.3,11.1,27.8,97.247913333,22.4,51.6,27.8,38.9,27.8,22.2,38.9
"Soderstrom, Tyler",691016,L,2026,396,453,97,48,27,3,19,91,53,20.1,11.7,.245,.472,.338,0.810,0.227,.246,.411,.349,.327,.331,.165,90.7,11.1,31,9.5,45.4,101.631681895,22.9,45.9,38.9,22.2,46.4,27.1,19.3
"Monasterio, Andruw",655316,R,2026,313,347,73,43,23,1,6,68,26,19.6,7.5,.233,.371,.295,0.666,0.138,.230,.352,.293,.287,.295,.122,87.4,20.9,36.8,6.4,31.2,97.261394919,18.9,47.1,36.4,26.4,33.6,31.2,23.6
"Trevino, Jose",624431,R,2026,152,156,33,25,3,0,5,29,1,18.6,0.6,.217,.336,.221,0.557,0.119,.213,.295,.240,.222,.217,.082,85.8,7.8,30.2,2.4,29.4,96.674777333,21.5,49.6,32.5,22.2,56.3,20.6,17.5
"Simpson, Chandler",802415,L,2026,571,612,175,153,16,6,0,48,26,7.8,4.2,.306,.356,.333,0.689,0.050,.261,.297,.305,.263,.292,.037,83.7,1.2,25.7,0,13.6,92.64553498,10.8,48.5,29.2,31.6,61.5,14.1,21.6
"Thomas, Alek",677950,L,2026,113,120,21,9,10,0,2,27,4,22.5,3.3,.186,.327,.227,0.554,0.141,.232,.374,.243,.282,.271,.142,89.5,13,33.3,7.1,40.2,99.80450119,26.3,57,28.7,32.2,42.5,26.4,23
"Torrens, Luis",620443,R,2026,255,281,60,37,14,0,9,59,18,21,6.4,.235,.396,.295,0.691,0.161,.230,.363,.304,.289,.290,.134,88.7,8.3,30.5,5.6,40.5,98.903307959,21.6,48.3,31.5,32.5,52.5,22,21
"Montgomery, Braden",695731,S,2026,323,365,73,48,16,3,6,72,38,19.7,10.4,.226,.350,.312,0.662,0.124,.255,.392,.298,.325,.339,.137,88.9,3,28.2,4.4,40.9,100.06983808,30.1,50.4,35.7,29.8,59.9,17.9,18.7
"O'Hearn, Ryan",656811,L,2026,407,451,108,73,17,0,18,99,35,22,7.8,.265,.440,.330,0.770,0.175,.247,.396,.336,.314,.314,.149,89.1,13.6,33.8,6.8,42.1,99.097516731,22.5,46.9,40.2,26,42.4,28.3,23.8
"Garcia, Maikel",672580,R,2026,310,344,83,57,20,3,3,50,32,14.5,9.3,.268,.381,.334,0.715,0.113,.271,.367,.318,.318,.340,.096,89.7,8.6,32.8,4.2,40.5,99.815128538,14.4,38.6,34,26.7,46.2,21,26.3
"Torkelson, Spencer",679529,R,2026,526,612,121,66,28,1,26,194,71,31.7,11.6,.230,.435,.331,0.766,0.205,.211,.392,.337,.314,.315,.182,89.5,20,40.8,12.2,42,100.004777083,32.4,42.3,47.9,22.9,31.5,36,25.3
"Rortvedt, Ben",666163,L,2026,27,28,5,5,0,0,0,9,0,32.1,0,.185,.185,.185,0.370,0.000,.220,.251,.165,.204,.220,.031,85.5,16.7,36.8,0,5.3,91.969154444,28,50,21.1,36.8,31.6,26.3,36.8
"Mayo, Coby",691723,R,2026,412,454,94,49,18,3,24,138,36,30.4,7.9,.228,.461,.297,0.758,0.233,.235,.478,.328,.336,.304,.243,91.3,19,34.5,13.5,47.3,103.504519203,29.6,46.4,50.9,18.5,34.5,35.3,20
"Beavers, Dylan",687637,L,2026,324,363,74,45,20,0,9,99,35,27.3,9.6,.228,.373,.307,0.680,0.145,.219,.369,.302,.295,.297,.150,87.8,19,38.3,8.4,38.3,99.418492655,25.3,42,40.1,27.3,35.2,32.2,24.7
"Lindor, Francisco",596019,S,2026,418,469,94,57,12,4,21,95,46,20.3,9.8,.225,.423,.309,0.732,0.198,.239,.434,.322,.331,.322,.195,91.6,18.8,28.8,9,49.5,100.68996441,25,46,45.5,23.2,35,34.1,22.9
"Arcia, Orlando",606115,R,2026,48,50,13,11,1,0,1,8,2,16,4,.271,.354,.300,0.654,0.083,.223,.298,.290,.245,.255,.075,86,4.2,30,2.5,25,95.6116485,22.1,51.2,35,30,55,20,20
"Matos, Luis",682641,R,2026,20,21,4,4,0,0,0,7,1,33.3,4.8,.200,.200,.238,0.438,0.000,.099,.136,.203,.130,.142,.037,84.1,19.8,7.7,0,23.1,94.59495,31.8,61.1,38.5,15.4,53.8,7.7,7.7
"Ruiz, Esteury",665923,R,2026,213,255,46,27,12,1,6,82,26,32.2,10.2,.216,.366,.333,0.699,0.150,.175,.288,.317,.275,.299,.113,82.7,24.4,39.6,7.5,23.9,95.310644921,32.4,48.3,51.5,20.9,31.3,26.1,26.9
"Toglia, Michael",669911,S,2026,26,28,3,1,2,0,0,12,2,42.9,7.1,.115,.192,.179,0.371,0.077,.183,.251,.172,.222,.241,.069,91.6,16.5,28.6,0,57.1,98.827467143,34.8,43.8,35.7,28.6,28.6,42.9,28.6
"Arozarena, Randy",668227,R,2026,572,670,161,99,34,2,26,145,68,21.6,10.1,.281,.484,.381,0.865,0.203,.258,.419,.379,.348,.362,.161,90.8,10,36,8.1,43.5,100.588190372,26.3,45.9,36.2,25.8,48.5,23.7,23.4
"Matthews, Brice",694728,R,2026,214,233,43,30,5,1,7,74,16,31.8,6.9,.201,.332,.255,0.587,0.131,.193,.338,.260,.261,.252,.145,86.7,11.9,30.1,8.5,36.4,99.48979209,36,46.6,34.3,17.5,50.3,23.8,18.2
"Wendzel, Davis",673995,R,2026,4,4,0,0,0,0,0,0,0,0,0,.000,.000,.000,0.000,0.000,.224,.307,.000,.230,.224,.083,92.2,30.1,25,0,50,100.415985,21.4,58.3,25,25,25,25,25
"Short, Zack",670097,R,2026,50,62,7,5,2,0,0,19,8,30.6,12.9,.140,.180,.262,0.442,0.040,.159,.269,.218,.256,.280,.109,88.7,27.9,29.4,5.9,20.6,95.80155125,31.1,44.9,38.2,20.6,20.6,47.1,14.7
"Marte, Noelvi",682622,R,2026,190,201,36,23,7,0,6,52,10,25.9,5,.189,.321,.229,0.550,0.132,.193,.304,.242,.237,.233,.111,87.9,10.5,19.4,5.1,30.2,98.929259559,27.5,52,44.6,18,56.1,20.9,12.2
"Bart, Joey",663698,R,2026,112,128,24,16,4,0,4,35,7,27.3,5.5,.214,.357,.305,0.662,0.143,.203,.362,.298,.295,.295,.159,85.8,15.5,32.1,7.7,34.6,98.428942564,29.2,47.6,41,23.1,41,34.6,15.4
"Jackson, Jeremiah",669236,R,2026,277,293,60,39,11,0,10,69,10,23.5,3.4,.217,.365,.247,0.612,0.148,.236,.385,.264,.282,.264,.149,89.2,8.3,29.7,8,37.7,100.146694762,27.8,56.6,40.6,24.1,50.5,23.1,19.3
"Harris II, Michael",671739,L,2026,591,621,174,111,36,1,26,119,23,19.2,3.7,.294,.491,.321,0.812,0.197,.290,.477,.349,.342,.317,.187,90.5,10,31.9,10.3,47.6,103.130943957,24.6,56.4,35.6,25.2,44.9,22.9,26.4
"Isbel, Kyle",664728,L,2026,294,323,66,50,9,1,6,74,15,22.9,4.6,.224,.323,.268,0.591,0.099,.225,.303,.262,.255,.269,.077,88.4,10.9,24.7,2.6,32.9,98.475584528,18.2,48.4,32.5,30.7,49.4,20.3,20.8
"Kepler, Max",596146,L,2026,132,145,27,18,7,0,2,32,11,22.1,7.6,.205,.303,.262,0.565,0.098,.211,.336,.250,.270,.268,.125,88.7,19.2,32.4,7.8,39.2,99.348171373,25.9,53,43.1,20.6,32.4,30.4,25.5
"Basallo, Samuel",694212,L,2026,360,399,80,51,10,1,18,106,32,26.6,8,.222,.406,.291,0.697,0.184,.234,.439,.303,.318,.296,.205,90.4,11.4,30.7,12.1,42.8,102.043554531,31.5,52.9,43.6,21,44.7,27.6,22.2
"Alvarez, Francisco",682626,R,2026,373,420,87,57,14,0,16,129,39,30.7,9.3,.233,.399,.311,0.710,0.166,.230,.431,.313,.322,.307,.202,90.8,10.2,32.9,15.4,48,102.913628049,34.8,45.4,39,18.3,47.6,25.6,19.9
"Romo, Drew",691011,S,2026,180,206,26,13,6,0,7,47,20,22.8,9.7,.144,.294,.240,0.534,0.150,.188,.294,.243,.262,.279,.106,84.4,18.2,26.5,5.9,26.5,95.617195606,30.2,51.2,39,20.6,40.4,29.4,17.6
"Garcia, Aramis",605244,R,2026,19,19,3,2,0,0,1,6,0,31.6,0,.158,.316,.158,0.474,0.158,.198,.415,.202,.259,.198,.217,86.1,16.6,30.8,7.7,30.8,96.168334286,35.3,53.1,46.2,7.7,30.8,46.2,23.1
"Hedges, Austin",595978,R,2026,215,247,53,37,10,0,6,45,25,18.2,10.1,.247,.377,.325,0.702,0.130,.224,.314,.313,.280,.306,.090,85.8,12.4,26.7,4.5,32.4,97.388293605,24.1,44.5,47.7,19.9,47.7,22.7,19.9
"Altuve, Jose",514888,R,2026,524,573,131,89,24,2,16,114,41,19.9,7.2,.250,.395,.306,0.701,0.145,.224,.325,.308,.271,.282,.101,85.6,10.6,32,4.1,31.3,96.847195792,22.1,49.2,42.4,16.1,46.7,21.7,23.6
"Shewmake, Braden",669699,L,2026,85,91,22,14,5,0,3,16,2,17.6,2.2,.259,.424,.270,0.694,0.165,.246,.411,.296,.294,.265,.165,89.9,13.8,30.1,6.9,37,98.701058286,23.5,61.6,34.2,27.4,46.6,27.4,20.5
"Williams, Alika",675961,R,2026,215,231,58,33,20,1,4,50,10,21.6,4.3,.270,.428,.307,0.735,0.158,.217,.299,.319,.248,.258,.082,84.7,14,30.8,1.2,32.7,97.052140482,22.4,52.9,43.8,18.3,46.2,23.1,21.9
"Mead, Curtis",678554,R,2026,285,329,72,37,17,1,17,63,39,19.1,11.9,.253,.498,.353,0.851,0.245,.259,.457,.370,.358,.359,.198,88,15.8,35.6,10.9,42.3,100.226240455,18.1,40.6,46.8,19.8,37.4,30.6,23.4
"Hernández, Teoscar",606192,R,2026,442,491,118,82,18,2,16,135,42,27.5,8.6,.267,.425,.334,0.759,0.158,.256,.437,.332,.332,.323,.180,90.3,13.9,33.5,10.7,44.8,101.503400065,32.6,48,34.5,26.8,44.2,28.7,20.3
"Trammell, Taylor",666211,L,2026,255,289,49,29,10,2,8,93,29,32.2,10,.192,.341,.285,0.626,0.149,.186,.360,.280,.283,.276,.174,88.5,15.6,28.2,12.3,38,101.38532275,38.5,48.8,49.7,19,42.9,30.1,18.4
"Stefanic, Michael",683021,R,2026,26,29,9,8,1,0,0,6,3,20.7,10.3,.346,.385,.414,0.799,0.039,.297,.366,.361,.329,.370,.068,90.1,4.5,35,0,30,96.414063,10.3,44.3,25,30,55,10,35
"Story, Trevor",596115,R,2026,251,266,59,40,14,0,5,86,11,32.3,4.1,.235,.351,.271,0.622,0.116,.211,.317,.272,.248,.247,.106,87.1,14.8,29.3,5.4,36.5,98.525292771,31.8,55.7,43.7,22.2,46.1,24.6,20.4
"Kayfus, CJ",692216,L,2026,22,25,4,2,1,0,1,8,2,32,8,.182,.364,.280,0.644,0.182,.169,.427,.289,.304,.269,.258,92.8,24.1,14.3,21.4,50,101.151187143,37.9,53.7,21.4,7.1,28.6,50,7.1
"Moore, Dylan",664238,R,2026,12,15,0,0,0,0,0,6,3,40,20,.000,.000,.200,0.200,0.000,.096,.178,.140,.233,.277,.082,91.3,41.6,50,0,33.3,96.896296667,29.4,42,0,16.7,0,50,16.7
"Nimmo, Brandon",607043,L,2026,593,655,154,100,36,4,14,149,51,22.7,7.8,.260,.405,.324,0.729,0.145,.267,.441,.320,.338,.331,.174,92.1,10.4,34.2,8.9,50.4,101.759062902,23.9,51.2,32.8,23.4,42,26.6,27.9
"Polanco, Jorge",593871,S,2026,135,145,20,13,5,0,2,36,9,24.8,6.2,.148,.230,.201,0.431,0.082,.189,.284,.196,.234,.239,.096,86,14.3,31,4,31,97.0668138,24,45,47,24,40,24,25
"Spence, Lucas",828599,L,2026,55,63,12,5,2,1,4,22,7,34.9,11.1,.218,.509,.317,0.826,0.291,.197,.389,.355,.305,.299,.192,91.9,10.6,39.4,12.1,48.5,101.94738,38.3,46.4,54.5,15.2,45.5,24.2,27.3
"Lee, Hao-Yu",701678,R,2026,330,364,87,56,19,2,10,87,30,23.9,8.2,.264,.424,.322,0.746,0.160,.234,.393,.325,.302,.295,.159,89.5,13.3,34.8,8.5,41.3,100.217537236,27.2,46.9,27.1,34.4,39.3,25.9,27.1
"Báez, Javier",595879,R,2026,187,196,45,29,12,1,3,41,6,20.9,3.1,.241,.364,.270,0.634,0.123,.242,.325,.277,.266,.275,.083,85.6,7.4,34,2.7,34.7,97.80478,30,55,43.5,17.7,51,19.7,21.1
"Mangum, Jake",663968,S,2026,435,479,120,94,19,2,5,93,25,19.4,5.2,.276,.363,.331,0.694,0.087,.247,.331,.310,.285,.304,.084,86,4.8,27.2,2.3,27.8,96.465453598,21.4,58.3,29.8,36.4,58.2,16.9,20.6
"Lile, Daylen",695734,L,2026,602,655,148,90,28,8,22,127,40,19.4,6.1,.246,.429,.296,0.725,0.183,.255,.442,.312,.324,.304,.187,88.6,19.2,37.8,9.6,38,99.074034958,23.6,55.8,40.7,28.6,32.4,38.2,23
"Moreno, Gabriel",672515,R,2026,473,549,147,97,33,1,16,80,61,14.6,11.1,.311,.486,.388,0.874,0.175,.289,.451,.380,.363,.372,.162,89.3,12.9,36.2,7.7,42.2,99.899212438,15.5,41.1,35.2,34.7,41.9,25.3,26.6
"De Los Santos, Deyvison",691277,R,2026,42,43,6,4,2,0,0,11,0,25.6,0,.143,.190,.163,0.353,0.047,.198,.256,.158,.210,.217,.058,86.7,10.3,25.8,3.2,29,97.87948875,31.3,49.1,38.7,22.6,51.6,16.1,19.4
"Giménez, Andrés",665926,L,2026,468,508,114,79,25,1,9,94,17,18.5,3.3,.244,.359,.291,0.650,0.115,.237,.333,.286,.276,.285,.096,85.4,13,29.9,3.4,24.9,95.861947351,24.2,57.9,39.9,27.3,45.4,23.1,22.3
"Peters, Tristan",671976,L,2026,437,491,116,69,31,4,12,90,37,18.3,7.5,.265,.437,.337,0.774,0.172,.248,.384,.340,.314,.322,.136,87.5,18,33.1,5.4,34.1,98.255124545,23,53.6,51.3,20.1,40.8,28.6,22.4
"Peck, John",807726,R,2026,68,80,11,10,1,0,0,16,9,20,11.3,.162,.176,.275,0.451,0.014,.221,.346,.224,.310,.332,.125,88.6,10.3,32.1,7.7,37.7,99.010478846,26.7,52.5,24.5,39.6,43.4,18.9,28.3
"Sabato, Aaron",693306,R,2026,6,6,0,0,0,0,0,3,0,50,0,.000,.000,.000,0.000,0.000,.088,.165,.000,.106,.088,.076,92.2,2.3,33.3,0,66.7,96.316665,23.1,59.1,33.3,0,66.7,33.3,0
"Lugo, Matthew",683090,R,2026,14,15,2,2,0,0,0,6,1,40,6.7,.143,.143,.200,0.343,0.000,.089,.104,.165,.125,.149,.016,83.9,21.5,12.5,0,12.5,91.132795,46.7,53.6,50,25,50,12.5,12.5
"Vierling, Matt",663837,R,2026,266,291,55,34,13,3,5,49,19,16.8,6.5,.207,.335,.255,0.590,0.128,.256,.381,.258,.304,.307,.125,87.9,17.4,36.3,5,37.2,98.761562252,18.2,48,33.6,25.6,37.2,28.3,23.3
"Rojas, Miguel",500743,R,2026,225,252,60,40,16,0,4,27,16,10.7,6.3,.267,.391,.312,0.703,0.124,.277,.386,.306,.309,.323,.108,87.3,14.6,36.2,4.8,36.2,98.290682475,17,48.8,35.3,22.7,44,23.2,24.2
"Triantos, James",701649,R,2026,8,9,1,1,0,0,0,2,1,22.2,11.1,.125,.125,.222,0.347,0.000,.098,.116,.176,.159,.198,.019,77.5,10.6,33.3,0,16.7,92.862423333,30,45.5,33.3,66.7,66.7,16.7,0
"Morel, Christopher",666624,R,2026,98,105,17,12,4,0,1,35,6,33.3,5.7,.173,.245,.229,0.474,0.072,.173,.234,.216,.211,.228,.062,87.2,16.7,25.4,3.2,38.1,99.574998438,35.1,49.4,57.1,11.1,46,22.2,19
"Schwarber, Kyle",656941,L,2026,581,701,135,69,20,1,45,220,105,31.4,15,.232,.503,.354,0.857,0.271,.236,.487,.368,.364,.353,.251,92.3,20.1,37.3,15.6,49.3,103.53204776,33.1,44.3,54.2,16.9,31.3,31.9,26.4
"Dezenzo, Zach",701305,R,2026,76,83,16,11,4,0,1,32,7,38.6,8.4,.211,.303,.277,0.580,0.092,.191,.294,.262,.248,.259,.103,84.9,9.9,43.2,9.1,31.8,97.416716364,38.3,46.2,43.2,36.4,43.2,20.5,31.8
"Eldridge, Bryce",805811,L,2026,386,448,104,64,23,0,17,119,59,26.6,13.2,.269,.461,.364,0.825,0.192,.260,.467,.361,.359,.355,.207,92.7,13.7,36.7,11.5,52.2,102.568509037,27.1,43.1,37.8,24.8,39.3,30.4,26.3
"Stevens, Chad",677060,R,2026,28,34,1,1,0,0,0,13,5,38.2,14.7,.036,.036,.176,0.212,0.000,.117,.186,.129,.210,.244,.069,81.4,13.2,43.8,6.3,25,94.8961975,31.1,49,31.3,31.3,37.5,37.5,25
"Siri, Jose",642350,R,2026,228,251,55,35,10,0,10,80,15,31.9,6,.241,.417,.296,0.713,0.176,.227,.425,.308,.304,.278,.199,89.1,15.4,33.3,13.2,42.8,101.222376081,36.9,53.7,43.1,23.5,41.8,31.4,21.6
"Garver, Mitch",641598,R,2026,126,149,22,15,3,0,4,49,22,32.9,14.8,.175,.294,.302,0.596,0.119,.194,.341,.278,.301,.318,.147,90.6,18.3,28.6,9.1,48.1,100.526305641,33.7,41.3,53.2,10.4,33.8,37.7,23.4
"Alonso, Pete",624413,R,2026,602,700,161,94,24,0,43,169,81,24.1,11.6,.267,.522,.363,0.885,0.255,.285,.563,.379,.402,.375,.279,93.9,14.9,36.8,15.3,56.2,104.058997078,26.8,45,36.8,23.3,41.6,31.3,22.4
"Pereda, Jhonny",640902,R,2026,90,101,27,23,2,0,2,20,9,19.8,8.9,.300,.389,.366,0.755,0.089,.304,.398,.338,.345,.376,.094,90,8.2,46.5,2.9,45.7,99.588680571,22.3,47.9,32.4,28.2,39.4,12.7,42.3
"Candelario, Jeimer",600869,S,2026,18,20,2,0,2,0,0,8,1,40,5,.111,.222,.200,0.422,0.111,.167,.213,.198,.218,.250,.046,91.8,18.2,30,0,40,98.451112,50,55.4,60,20,40,40,20
"McKinstry, Zach",656716,L,2026,371,423,74,51,15,4,4,69,42,16.3,9.9,.199,.294,.288,0.582,0.095,.230,.310,.265,.284,.314,.079,85.8,14.7,37.1,2,22.5,95.167032583,17,48.2,39.1,25.7,40.1,28,26.4
"Stowers, Kyle",669065,L,2026,447,512,107,55,27,4,21,161,52,31.4,10.2,.239,.459,.331,0.790,0.220,.227,.437,.341,.329,.314,.210,92.5,18.1,33.2,12.8,56.4,103.41265375,35.6,53,46,18.3,37,33.2,22.1
"Yelich, Christian",592885,L,2026,442,500,104,67,23,2,12,135,49,27,9.8,.235,.378,.315,0.693,0.143,.230,.385,.305,.308,.307,.156,88.9,4,29.5,9.6,42.9,100.380625455,29.6,45.4,34.6,28.2,55.4,19.9,22.1
"Jones, Greg",675659,S,2026,23,24,2,2,0,0,0,10,0,41.7,0,.087,.087,.087,0.174,0.000,.174,.205,.077,.164,.174,.032,86.3,1.3,21.4,0,28.6,98.611036667,38.6,54.3,14.3,21.4,57.1,14.3,21.4
"Pérez, Wenceel",672761,S,2026,161,175,29,17,4,1,7,29,14,16.6,8,.180,.348,.246,0.594,0.168,.203,.348,.262,.272,.267,.145,87.2,17,23.5,7.6,33.3,97.732311667,18.2,47.9,44.7,27.3,41.7,31.8,13.6
"Williams, Carson",700246,R,2026,37,40,4,2,1,0,1,13,2,32.5,5,.108,.216,.154,0.370,0.108,.166,.280,.166,.217,.209,.113,84.5,28.1,24,4,24,96.623833333,32.9,57.7,24,32,32,32,12
"Langeliers, Shea",669127,R,2026,424,467,111,67,21,0,23,109,37,23.3,7.9,.262,.474,.328,0.802,0.212,.266,.491,.347,.352,.329,.225,91.3,18.4,37.3,13.3,43,102.074391139,28.9,50.4,40.5,24.1,35.8,29.7,25.3
"Thompson, Sterlin",694514,L,2026,69,77,16,10,4,0,2,21,5,27.3,6.5,.232,.377,.312,0.689,0.145,.219,.357,.308,.295,.300,.138,86.6,8,31.3,6.3,43.8,100.340930417,30.1,50,43.8,25,52.1,25,22.9
"Conforto, Michael",624424,L,2026,271,314,65,33,17,0,15,80,35,25.5,11.1,.240,.469,.331,0.800,0.229,.238,.439,.343,.332,.324,.201,90,16.7,39,11.9,41.5,100.456929897,26.7,45,47.2,20.5,36.9,34.4,23.1
"Loperfido, Joey",694388,L,2026,103,121,22,13,7,1,1,32,14,26.4,11.6,.214,.330,.311,0.641,0.116,.229,.334,.287,.294,.318,.105,89,11.9,32.9,6.8,35.6,98.647922778,31.6,49,27.4,23.3,52.1,26,19.2
"Lopez, Nicky",670032,L,2026,237,270,64,57,5,1,1,44,12,16.3,4.4,.270,.312,.322,0.634,0.042,.248,.299,.286,.270,.299,.051,84.7,3.4,28.5,0,22.2,94.353526632,18.3,52.6,28.5,24.2,59.4,15,22.2
"Benge, Carson",701807,L,2026,595,654,168,123,22,3,20,142,50,21.7,7.6,.282,.430,.346,0.776,0.148,.279,.438,.342,.341,.342,.158,88.8,12.1,38.1,7.3,38.8,99.519345378,21.4,45.8,32.6,28.6,42.7,27.5,26.7
"Bauers, Jake",641343,L,2026,477,578,127,77,22,2,26,156,94,27,16.3,.266,.484,.389,0.873,0.218,.253,.467,.381,.371,.376,.214,92.1,12.1,38.6,14,51.9,103.241504938,29.8,40.6,41,26.5,41,29.9,25.6
"Bogaerts, Xander",593428,R,2026,520,606,120,88,18,1,13,109,77,18,12.7,.231,.344,.332,0.676,0.113,.248,.376,.306,.325,.347,.127,89.6,6.7,27.9,5.5,42.3,100.312911827,23.1,41.5,44,19,52.2,23.3,20.4
"Robles, Victor",645302,R,2026,133,149,34,29,3,2,0,22,9,14.8,6,.256,.308,.315,0.623,0.052,.238,.321,.283,.280,.301,.083,83.5,12.3,32.2,1.7,20,94.611457222,21.6,54.5,44.3,20,45.2,27,22.6
"Tovar, Ezequiel",678662,R,2026,465,506,102,66,23,0,13,129,29,25.5,5.7,.219,.353,.264,0.617,0.134,.227,.371,.270,.281,.273,.144,87.3,17.8,35.5,7,33.2,98.504437798,29.3,61.1,36.4,24.6,37.9,31.5,22
"Caballero, José",676609,R,2026,411,456,95,68,13,0,14,111,29,24.3,6.4,.231,.365,.290,0.655,0.134,.227,.333,.290,.278,.287,.106,83.8,13.9,31.7,4.2,25.6,95.732982153,27.9,51.1,43.4,21,46.3,20.4,21.7
"Harris, Dustin",687957,L,2026,133,152,39,31,4,4,0,20,11,13.2,7.2,.293,.383,.353,0.736,0.090,.278,.360,.326,.314,.343,.082,85.2,15.6,39.8,1.7,19.5,95.003306607,19.3,48.7,50,12.7,41.5,19.5,31.4
"Campero, Gustavo",672569,S,2026,11,12,4,3,1,0,0,4,0,33.3,0,.364,.455,.333,0.788,0.091,.197,.242,.328,.180,.184,.046,88.2,37.3,25,0,25,97.3885675,34.5,58,25,25,25,37.5,12.5
"Adames, Willy",642715,R,2026,465,505,107,60,25,1,21,139,37,27.5,7.3,.230,.424,.289,0.713,0.194,.222,.391,.311,.296,.282,.170,87.4,22.8,36.7,8.9,38.8,98.797280736,28.9,48.1,49.5,20.8,33.3,33.3,20.8
"Tatis Jr., Fernando",665487,R,2026,626,704,181,121,32,3,25,130,64,18.5,9.1,.289,.470,.358,0.828,0.181,.296,.500,.358,.379,.365,.204,92.9,5.3,32.2,12.7,53.9,104.706101084,25.9,46.1,33.4,26.4,51.3,21.1,23.5
"Bell, Josh",605137,S,2026,568,631,145,95,28,1,21,124,52,19.7,8.2,.255,.419,.319,0.738,0.164,.256,.445,.323,.335,.323,.188,89.9,13.3,33.1,9.6,42,100.3685028,22.8,48.9,40.7,22.7,42,26.7,23.3
"Massey, Michael",686681,L,2026,423,452,116,77,25,1,13,75,21,16.6,4.6,.274,.430,.305,0.735,0.156,.257,.414,.318,.307,.292,.157,89.3,15.6,36.5,6.2,39,98.938369885,19.5,53.5,50,14.6,39.6,29.8,26.1
"Allen, Nick",669397,R,2026,145,162,41,31,7,0,3,32,10,19.8,6.2,.283,.393,.327,0.720,0.110,.219,.273,.316,.246,.271,.054,85.6,13.3,24.4,1.7,26.9,96.232175893,23.9,47.2,40.3,20.2,49.6,20.2,18.5
"Schanuel, Nolan",694384,L,2026,392,446,108,79,22,0,7,58,42,13,9.4,.276,.385,.351,0.736,0.109,.286,.389,.328,.334,.362,.102,87.4,12.2,36.5,2.4,32.9,97.253987337,16.4,44.5,42.1,19.1,43.5,21.5,30
"Roden, Alan",702176,L,2026,79,94,23,17,5,0,1,12,12,12.8,12.8,.291,.392,.376,0.768,0.101,.297,.419,.343,.361,.389,.122,87.4,11.2,32.9,4.3,42.9,99.092939412,15.7,45,34.3,37.1,48.6,22.9,24.3
"Domínguez, Jasson",691176,S,2026,209,222,47,29,12,0,6,48,10,21.6,4.5,.225,.368,.267,0.635,0.143,.250,.364,.279,.289,.290,.115,88.1,15.5,30.4,5.6,39.1,100.452019875,24.8,50.7,47.2,19.9,42.9,22.4,24.2
"Peña, Jeremy",665161,R,2026,447,483,124,81,19,2,22,116,24,24,5,.277,.477,.325,0.802,0.200,.268,.431,.347,.326,.318,.163,88.6,13,35,7.2,39.2,99.832845689,31.8,55.3,48.2,20.1,43.4,25.7,24
"Soto, Juan",665742,L,2026,400,482,110,70,11,2,27,65,78,13.5,16.2,.275,.515,.393,0.908,0.240,.295,.574,.385,.411,.391,.279,92.6,16,32,14,48.1,102.453819701,20.9,40.7,39.8,17.5,39.2,32.9,19.3
"Clarke, Denzel",672016,R,2026,76,87,12,11,1,0,0,29,8,33.3,9.2,.158,.171,.238,0.409,0.013,.166,.193,.198,.209,.246,.027,87.2,-4.2,14,2,36,100.970240435,33.8,44.1,46,24,76,4,12
"Haggerty, Sam",664059,S,2026,44,47,7,6,1,0,0,16,2,34,4.3,.159,.182,.213,0.395,0.023,.156,.181,.186,.182,.209,.026,83.4,16.8,25,0,7.1,93.570359231,31.8,52.7,39.3,21.4,53.6,21.4,10.7
"Straw, Myles",664702,R,2026,295,330,71,48,19,1,3,44,27,13.3,8.2,.241,.342,.304,0.646,0.101,.251,.342,.288,.292,.313,.092,86.3,16.8,34.5,2.7,25.6,95.694355242,12.7,40.8,35.3,25.2,40.7,27.5,22.9
"Holliday, Jackson",702616,L,2026,315,354,72,52,12,1,7,84,34,23.7,9.6,.229,.340,.300,0.640,0.111,.236,.352,.284,.293,.304,.116,87,12.5,36.4,6.4,33.1,97.252535641,26.9,45,33.9,26.7,44.1,24.2,25.4
"Rooker, Brent",667670,R,2026,179,202,36,22,4,0,10,64,19,31.7,9.4,.201,.391,.282,0.673,0.190,.208,.438,.294,.312,.281,.230,89.9,19.7,34.2,15.5,41.9,101.773379828,38.4,49.7,39.3,24.8,34.2,41,20.5
"Halpin, Petey",690984,L,2026,178,195,40,31,4,1,4,35,9,17.9,4.6,.225,.326,.268,0.594,0.101,.252,.377,.264,.295,.294,.126,85.5,20.8,38.3,5.4,25.5,96.649568841,25.1,59,36.2,22.8,34.9,33.6,20.8
"Durán, Rodolfo",660710,R,2026,82,91,12,5,4,0,3,24,7,26.4,7.7,.146,.305,.222,0.527,0.159,.180,.323,.236,.257,.253,.144,87.5,15.8,22,8.5,30.5,97.407154828,25.5,45.6,40.7,25.4,45.8,30.5,10.2
"Lockridge, Brandon",663604,R,2026,101,113,28,23,5,0,0,33,11,29.2,9.7,.277,.327,.348,0.675,0.050,.216,.263,.308,.258,.294,.047,85.8,0.7,18.8,1.5,33.3,99.04790875,29.1,45.5,27.5,27.5,71,11.6,14.5
"Robert Jr., Luis",673357,R,2026,204,230,45,29,5,0,11,55,24,23.9,10.4,.221,.407,.300,0.707,0.186,.239,.418,.311,.321,.317,.179,89.8,15.1,27.2,9.9,40.4,101.990246842,28.1,50.3,44.4,19.9,44.4,27.2,17.9
"Kuroda-Grauer, Joshua",811965,R,2026,71,74,26,18,7,0,1,10,2,13.5,2.7,.366,.507,.392,0.899,0.141,.296,.385,.392,.311,.325,.089,89.3,8.7,36.1,1.6,38.3,99.159761613,16.8,54.6,39.3,21.3,49.2,16.4,29.5
"Raleigh, Cal",663728,S,2026,451,530,82,44,15,0,23,164,72,30.9,13.6,.182,.368,.296,0.664,0.186,.191,.396,.297,.312,.305,.205,90.1,25.4,33.3,14.1,40,100.527092466,31.7,50.4,51.5,20.3,26.5,43.3,17.5
"Gilbert, Drew",687551,L,2026,340,393,81,53,14,3,11,71,39,18.1,9.9,.238,.394,.330,0.724,0.156,.260,.400,.320,.334,.349,.140,86.8,14.3,36.5,5.9,37.2,98.388191045,22.4,41.8,43.4,27.4,43.4,20.4,25.5
"Walker, Jordan",691023,R,2026,609,667,164,102,33,0,29,174,50,26.1,7.5,.269,.466,.327,0.793,0.197,.263,.462,.344,.340,.322,.198,92.6,11.8,32.3,13.2,49.9,104.782178227,32.3,52.1,38.7,21.6,42.8,24.4,24.6
"Barrero, José",676480,R,2026,6,6,1,1,0,0,0,3,0,50,0,.167,.167,.167,0.334,0.000,.080,.100,.148,.077,.080,.020,90.6,37.2,0,0,0,92.598975,46.2,65,100,0,33.3,33.3,0
"Saggese, Thomas",695336,R,2026,162,180,38,28,5,1,4,49,13,27.2,7.2,.235,.352,.294,0.646,0.117,.238,.399,.286,.309,.302,.161,90.7,12.6,37.1,9.6,43.1,100.738247931,28,51.1,29.3,32.8,42.2,28.4,26.7
"Hoerner, Nico",663538,R,2026,628,689,165,127,29,1,8,58,43,8.4,6.2,.263,.350,.316,0.666,0.087,.297,.375,.297,.322,.350,.078,85.9,12,36.7,1.4,29.1,96.122758049,11.8,47.7,31.7,30.1,43.4,20.8,28.2
"Wetherholt, JJ",802139,L,2026,537,619,130,98,15,0,17,104,64,16.8,10.3,.242,.365,.339,0.704,0.123,.255,.435,.318,.347,.350,.180,89.7,11.5,34.9,7.4,44.9,99.375158009,20.2,42,36.3,23.7,45.3,29.2,22.1
"Anthony, Roman",701350,L,2026,212,242,52,33,11,3,5,66,29,27.3,12,.245,.396,.339,0.735,0.151,.259,.424,.326,.341,.349,.164,92,6.1,38.4,11.7,46.6,102.442735205,29,39.7,41.8,20.5,48.6,23.3,26.7
"Jung, Jace",690291,L,2026,9,11,2,2,0,0,0,3,2,27.3,18.2,.222,.222,.364,0.586,0.000,.301,.376,.289,.367,.428,.075,84.2,22.7,83.3,0,16.7,94.817026667,23.8,48.8,33.3,33.3,16.7,16.7,66.7
"Doyle, Brenton",686668,R,2026,210,223,49,35,7,1,6,73,12,32.7,5.4,.233,.362,.275,0.637,0.129,.203,.307,.280,.245,.247,.104,89.1,8.6,26.8,6.7,35.5,99.562287273,32.5,54.5,37,15.9,50.7,25.4,21
"Wilson, Weston",642215,R,2026,164,183,33,24,5,0,4,58,18,31.7,9.8,.201,.305,.284,0.589,0.104,.187,.273,.269,.251,.272,.086,84.8,12.5,34,3.8,32.1,96.982246792,33.1,46,47.2,19.8,46.2,26.4,20.8
"Keith, Colt",690993,L,2026,384,423,99,66,19,4,10,84,32,19.9,7.6,.258,.406,.322,0.728,0.148,.272,.423,.321,.333,.336,.150,88.7,13.3,38.1,7.6,42.1,100.101906954,22.3,43.8,37.4,22.8,39.7,25.2,26.8
"McCutchen, Andrew",457705,R,2026,73,83,14,11,2,0,1,22,9,26.5,10.8,.192,.260,.277,0.537,0.068,.164,.265,.249,.237,.253,.101,87.1,22.7,28.8,5.8,28.8,97.078163462,32.5,44.9,32.7,17.3,36.5,36.5,13.5
"Donovan, Brendan",680977,L,2026,137,159,38,27,7,1,3,23,15,14.5,9.4,.277,.409,.371,0.780,0.132,.250,.344,.349,.314,.349,.094,85.7,10.6,34.8,2.7,27.8,95.766860526,17.4,44.7,34.8,20,47.8,20,25.2
"Sánchez, Ali",645305,R,2026,86,92,21,18,2,0,1,25,1,27.2,1.1,.244,.302,.275,0.577,0.058,.239,.306,.258,.256,.270,.067,83.7,17.7,36.5,3.2,28.6,95.22307129,21.8,50.3,38.1,28.6,42.9,17.5,23.8
"Hamilton, David",666152,L,2026,339,387,83,63,13,3,4,86,32,22.2,8.3,.245,.336,.314,0.650,0.091,.225,.316,.293,.276,.296,.091,86.8,12.7,29.3,3.4,27.9,96.675573879,21.9,45.3,34.2,33.5,48.5,23.7,23.3
"Freeman, Cody",683227,R,2026,85,97,21,18,1,1,1,15,8,15.5,8.2,.247,.318,.319,0.637,0.071,.185,.237,.290,.233,.264,.053,83,8.9,23.3,1.4,21.9,94.226956765,16.9,43.1,42.5,24.7,53.4,20.5,16.4
"Mountcastle, Ryan",663624,R,2026,14,15,4,3,1,0,0,2,1,13.3,6.7,.286,.357,.333,0.690,0.071,.279,.348,.309,.301,.327,.069,90,8.8,33.3,0,41.7,103.053788333,8.8,63,25,33.3,58.3,16.7,25
"Brannigan, Jack",687394,R,2026,1,1,0,0,0,0,0,1,0,100,0,.000,.000,.000,0.000,0.000,,,.000,.000,,,,,,,,,100,100,,,,,
"Pages, Andy",681624,R,2026,511,574,140,89,26,2,23,113,49,19.7,8.5,.274,.468,.343,0.811,0.194,.274,.442,.352,.343,.343,.168,88.9,15.7,37.4,7.9,42.3,99.860630297,22.1,47.2,37.6,27.5,37.6,27.5,26.7
"Yastrzemski, Mike",573262,L,2026,361,408,81,50,18,1,12,98,41,24,10,.224,.380,.309,0.689,0.156,.235,.368,.306,.309,.320,.133,90.4,16.2,31.3,6.8,43,99.641426412,23.2,42.6,44.5,20,39.2,29.8,23.8
"Whitcomb, Shay",694376,R,2026,116,122,24,17,3,0,4,35,4,28.7,3.3,.207,.336,.233,0.569,0.129,.214,.374,.249,.265,.240,.160,86.7,17,36.1,10.8,33.7,99.240647805,27.5,49.1,36.1,30.1,38.6,28.9,22.9
"Rodríguez, Endy",682848,S,2026,135,159,36,23,6,0,7,41,23,25.8,14.5,.267,.467,.373,0.840,0.200,.245,.403,.370,.338,.355,.158,92.4,19.1,37.2,10.6,46.8,100.7717,25.9,44.8,45.7,21.3,33,33,27.7
"Caratini, Victor",605170,S,2026,327,382,72,55,10,0,7,80,34,20.9,8.9,.220,.315,.312,0.627,0.095,.224,.356,.285,.306,.319,.132,89.3,12.6,36.5,6.3,38,98.339714453,22.9,41.9,37.3,25.5,45.9,22,26.3
"Walls, Taylor",670764,S,2026,369,433,82,60,18,2,2,105,45,24.2,10.4,.222,.298,.309,0.607,0.076,.190,.261,.278,.251,.281,.071,85.6,19.4,32.1,2.2,21.9,95.29496336,22,43.2,41.1,27.1,42.5,27.9,19.6
"Thomas, Lane",657041,R,2026,326,374,73,43,19,0,11,93,44,24.9,11.8,.224,.383,.318,0.701,0.159,.238,.365,.313,.311,.331,.127,89.3,17.4,36.2,6.4,40.9,99.948774746,22.9,41.3,44.7,19.1,37.9,24.3,24.7
"Lawlar, Jordan",691783,R,2026,124,136,32,20,5,1,6,39,5,28.7,3.7,.258,.460,.319,0.779,0.202,.249,.401,.340,.314,.311,.152,88.4,18.1,38.4,7,31.4,98.574308293,26.9,45.9,44.2,27.9,36,34.9,26.7
"Scott II, Victor",687363,L,2026,166,195,32,26,4,0,2,46,16,23.6,8.2,.193,.253,.270,0.523,0.060,.222,.296,.243,.271,.298,.075,86.6,6.9,31.3,1.6,23.7,96.063542857,24.6,47.2,35.9,21.4,55,16.8,22.9
"Higashioka, Kyle",543309,R,2026,165,186,36,25,4,0,7,47,19,25.3,10.2,.218,.370,.306,0.676,0.152,.219,.351,.303,.295,.307,.133,88.2,17.3,35.6,8.5,38.1,99.114666552,26.3,44.2,38.1,20.3,33.9,28,28
"Song, Sung-Mun",823550,L,2026,131,154,25,20,4,0,1,31,19,20.1,12.3,.191,.244,.291,0.535,0.053,.183,.267,.250,.253,.280,.084,87.3,16.7,26,3.8,27.9,97.188634286,21.9,42.8,41.3,25,44.2,26,16.3
"Ornelas, Jonathan",680716,R,2026,21,22,4,4,0,0,0,11,1,50,4.5,.190,.190,.227,0.417,0.000,.155,.198,.194,.178,.194,.043,91.9,18.6,30,0,50,100.261684,36.5,58.4,80,10,50,20,20
"Fermin, Freddy",666023,R,2026,232,265,47,29,14,0,4,56,21,21.1,7.9,.203,.315,.274,0.589,0.112,.211,.315,.265,.270,.285,.103,87.5,15.4,35,3.8,29,96.85415191,26.6,51.8,39.3,19.1,39.3,27.3,25.1
"McNeil, Jeff",643446,L,2026,478,520,126,94,23,0,9,59,31,11.3,6,.264,.368,.313,0.681,0.104,.271,.358,.301,.299,.317,.087,86.3,14.2,38,1.7,29.5,96.173945545,15.8,59.2,41.3,25.5,41.7,21.9,29.2
"Rodríguez, Héctor",699302,L,2026,144,152,33,21,4,2,6,39,7,25.7,4.6,.229,.410,.270,0.680,0.181,.198,.329,.295,.251,.240,.132,88.2,11.4,26.7,6.7,34.3,99.171249615,27.2,55.7,41,21,52.4,29.5,12.4
"Volpe, Anthony",683011,R,2026,220,246,54,39,12,1,2,56,25,22.8,10.2,.245,.336,.321,0.657,0.091,.232,.334,.297,.291,.311,.103,87.9,12.6,33.3,4.9,37,98.213619268,25.2,45.9,32.7,21.8,43,23,27.3
"Freeland, Alex",690976,S,2026,231,269,54,41,9,0,4,74,32,27.5,11.9,.234,.325,.327,0.652,0.091,.220,.340,.297,.297,.317,.120,89.6,10.8,34.6,6.2,39.5,99.359352564,27.7,40.1,34.6,27.8,46.9,24.7,23.5
"Rice, Ben",700250,L,2026,573,667,151,82,24,4,41,162,85,24.3,12.7,.264,.534,.363,0.897,0.270,.267,.511,.384,.378,.364,.243,91.9,14.5,38.4,14.3,48.6,101.739325556,25.4,43.2,44.9,20.5,40.3,32.1,23.4
"Delgado, Raynel",669384,L,2026,37,41,9,7,1,0,1,7,3,17.1,7.3,.243,.351,.300,0.651,0.108,.228,.304,.291,.265,.286,.076,86.1,2.8,32.3,3.2,32.3,95.637686667,26.1,52.3,51.6,16.1,54.8,22.6,19.4
"Gonzalez, Gabriel",694224,R,2026,8,11,2,2,0,0,0,2,2,18.2,18.2,.250,.250,.455,0.705,0.000,.137,.149,.355,.285,.373,.011,82.8,-1.6,0,0,16.7,93.6672,17.4,53.5,33.3,33.3,83.3,0,0
"Benson, Will",666181,L,2026,96,114,18,11,3,1,3,38,16,33.3,14,.188,.333,.310,0.643,0.145,.189,.355,.290,.300,.308,.166,91.1,24.9,32.8,12.7,37.9,100.247945926,36.1,43.4,41.4,27.6,31,46.6,15.5
"Acuña, Luisangel",682668,R,2026,210,224,48,42,4,0,2,44,9,19.6,4,.229,.276,.261,0.537,0.047,.247,.324,.241,.269,.282,.076,88.5,2.2,24.7,3.5,36.5,99.237194699,25.8,51.3,37.1,25.3,58.2,15.9,20.6
"Hunt, Blake",675448,R,2026,3,3,0,0,0,0,0,3,0,100,0,.000,.000,.000,0.000,0.000,,,.000,.000,,,,,,,,,57.1,41.2,,,,,
"Berroa, Steward",672642,S,2026,7,7,1,1,0,0,0,4,0,57.1,0,.143,.143,.143,0.286,0.000,.226,.270,.127,.211,.226,.044,90.7,23.4,66.7,0,0,91.46216,7.7,56.5,0,33.3,0,33.3,66.7
"Haase, Eric",606992,R,2026,74,84,12,5,3,0,4,28,6,33.3,7.1,.162,.365,.235,0.600,0.203,.184,.360,.264,.271,.255,.177,86,12,30.6,16.3,28.6,97.396006957,38.1,48.7,32.7,22.4,49,20.4,18.4
"Martin, Austin",668885,R,2026,302,358,69,49,17,0,3,68,45,19,12.6,.228,.315,.341,0.656,0.087,.230,.314,.303,.303,.343,.084,86.8,12.3,34.2,3,28.3,96.379876724,20,40,40.1,24.5,47.7,22.8,23.6
"Bandura, Scott",814154,L,2026,29,30,6,5,1,0,0,17,1,56.7,3.3,.207,.241,.233,0.474,0.034,.120,.147,.214,.136,.150,.027,81,21.7,50,0,25,90.658333333,38.8,52.3,41.7,0,33.3,16.7,33.3
"Hicklen, Brewer",676551,R,2026,39,47,10,5,5,0,0,16,8,34,17,.256,.385,.383,0.768,0.129,.207,.320,.348,.306,.342,.113,89.9,10,30.4,8.7,39.1,99.804775,43.5,48.9,60.9,4.3,43.5,21.7,30.4
"Rafaela, Ceddanne",678882,R,2026,541,576,154,103,32,3,16,117,22,20.3,3.8,.285,.444,.321,0.765,0.159,.249,.362,.332,.285,.287,.113,86.3,12,34.5,5.4,31.9,96.938008578,24.8,57.7,34.3,32.2,43.8,25.9,25.2
"Alvarez, Yordan",670541,L,2026,566,691,179,102,34,1,42,119,109,17.2,15.8,.316,.602,.433,1.035,0.286,.318,.636,.429,.442,.407,.318,94.4,19.1,40,16,53.8,104.94496,19.9,43.6,41.4,25.2,30.3,37.6,26.8
"Barrosa, Jorge",678489,S,2026,145,174,28,13,12,1,2,46,17,26.4,9.8,.193,.331,.285,0.616,0.138,.164,.250,.277,.238,.260,.086,87.1,19.4,33,4.6,23.9,95.604165,26.6,43.9,45,20.2,44,30.3,17.4
"Ortiz, Abimelec",694673,L,2026,128,136,24,14,5,0,5,36,7,26.5,5.1,.188,.344,.228,0.572,0.156,.211,.382,.246,.271,.246,.171,89.7,15.1,39.8,7.5,38.7,99.94839,23.4,50.5,44.1,22.6,35.5,32.3,25.8
"Laureano, Ramón",657656,R,2026,182,206,37,22,6,2,7,65,20,31.6,9.7,.203,.374,.286,0.660,0.171,.222,.409,.292,.312,.303,.187,88,12.1,37,14.3,41.2,99.9726525,31.1,50.5,35.3,31.1,41.2,31.1,21.8
"Simon, Ronny",682927,S,2026,63,68,16,12,3,0,1,11,4,16.2,5.9,.254,.349,.299,0.648,0.095,.258,.369,.288,.298,.303,.111,87.8,11.8,30.2,3.8,30.2,98.92741625,17.7,55.7,41.5,24.5,49.1,18.9,20.8
"Meidroth, Chase",805367,R,2026,566,643,156,109,31,0,16,141,61,21.9,9.5,.276,.415,.350,0.765,0.139,.239,.348,.339,.301,.320,.109,87.2,8.5,34.1,4.6,34.6,97.389329665,19.7,42,41,24.4,49.5,21.7,24.4
"Gray, Tristan",656484,L,2026,173,188,39,30,5,0,4,60,10,31.9,5.3,.225,.324,.267,0.591,0.099,.218,.322,.262,.263,.266,.104,88.5,14.3,38.5,6,37.6,99.69709193,33.9,56.2,40.2,21.4,34.2,23.9,34.2
"Cavanaugh, Drew",701852,L,2026,144,166,33,27,4,1,1,50,18,30.1,10.8,.229,.292,.315,0.607,0.063,.236,.337,.280,.298,.321,.102,85.2,12.5,42.9,4.1,28.6,97.847087826,29.2,46.2,28.6,33.7,44.9,21.4,26.5
"Bowen, Jase",687749,R,2026,96,103,14,9,2,1,2,41,3,39.8,2.9,.146,.250,.188,0.438,0.104,.194,.321,.196,.244,.235,.127,87.7,13.2,28.1,8.9,33.3,99.5591316,36.6,52.2,45.6,21.1,45.6,29.8,22.8
"Canzone, Dominic",686527,L,2026,477,533,126,71,28,4,23,110,48,20.6,9,.264,.484,.336,0.820,0.220,.273,.491,.354,.359,.342,.219,91.1,10.6,35.7,12.2,44.9,102.30065773,26.4,47.3,38.9,20,44.3,27.8,22.4
"Tolbert, Tyler",686475,R,2026,130,148,37,29,5,0,3,31,12,20.9,8.1,.285,.392,.347,0.739,0.107,.240,.307,.329,.287,.312,.067,84.7,10.1,35.6,2.9,24,95.341905417,29.8,49.6,34.6,26.9,49,21.2,22.1
"Rosario, Amed",642708,R,2026,227,244,54,37,6,1,10,57,14,23.4,5.7,.238,.405,.279,0.684,0.167,.250,.424,.297,.309,.289,.175,90.2,11.5,34.7,10.4,39.3,101.20099,26.7,55.3,36.4,23.1,43.4,25.4,24.9
"Tena, José",677588,L,2026,257,288,57,35,13,2,7,90,27,31.3,9.4,.222,.370,.302,0.672,0.148,.221,.351,.299,.291,.302,.130,90.6,8.1,30.4,8.3,46.4,102.541901667,34.3,47.6,32.1,26.8,48.8,20.8,25
"Mayer, Marcelo",691785,L,2026,220,245,46,33,10,0,3,51,18,20.8,7.3,.209,.295,.275,0.570,0.086,.196,.295,.258,.257,.267,.099,86.1,8.9,26.7,6.4,35.5,98.064535176,27.5,48.7,36,26.7,51.2,25,15.7
"Hill, Turner",806367,L,2026,105,124,23,15,7,0,1,21,13,16.9,10.5,.219,.314,.306,0.620,0.095,.248,.369,.280,.316,.336,.121,87.6,14.5,33,4.5,30.7,96.211755,13.6,40.2,44.3,15.9,40.9,28.4,26.1
"Reynolds, Bryan",668804,S,2026,595,699,155,95,40,3,17,162,89,23.2,12.7,.261,.424,.365,0.789,0.163,.254,.443,.349,.355,.359,.189,90.8,8.3,38.5,11.2,47.9,101.857125046,28.2,46.7,38.8,25.2,45.9,26.8,24.3
"Emerson, Colt",806068,L,2026,221,241,42,27,6,1,8,83,15,34.4,6.2,.190,.335,.246,0.581,0.145,.196,.300,.256,.248,.253,.104,86.7,14,36.2,5,31.2,97.184861884,34.1,53.6,41.1,28.4,46.1,22.7,22.7
"Diaz, Yainer",673237,R,2026,344,361,98,67,16,1,14,57,12,15.8,3.3,.285,.459,.313,0.772,0.174,.272,.416,.334,.312,.302,.144,89.3,7.5,29.4,6.9,38.8,99.752823724,22.3,57.4,37,21.5,54.7,17.3,21.8
"Kiner-Falefa, Isiah",643396,R,2026,161,183,39,32,5,0,2,27,19,14.8,10.4,.242,.311,.322,0.633,0.069,.256,.319,.290,.297,.335,.063,82.5,7.6,32.8,2.2,25.5,94.66774,17.7,47.8,39.4,24.1,50.4,16.1,23.4
"Furman, Nate",801501,L,2026,32,39,4,4,0,0,0,10,5,25.6,12.8,.125,.125,.243,0.368,0.000,.160,.191,.191,.227,.274,.030,80.9,7.6,16.7,0,16.7,92.300870909,19.4,45.6,45.8,25,75,12.5,8.3
"Harper, Bryce",547180,L,2026,577,693,155,91,32,3,29,148,107,21.4,15.4,.269,.485,.380,0.865,0.216,.271,.481,.375,.379,.383,.210,90,12.8,37.5,10.3,42.8,101.134831567,30.7,49.9,39.4,23.3,43.5,26.1,25.9
"Stewart, Sal",701398,R,2026,623,700,164,107,25,0,32,155,63,22.1,9,.263,.457,.330,0.787,0.194,.256,.466,.339,.343,.324,.210,90.5,12.9,35.4,12.2,41.6,100.796886111,27,49.6,32.2,28.5,45,27.8,22.8
"Porter, Logan",682515,R,2026,4,6,1,0,1,0,0,2,2,33.3,33.3,.250,.500,.500,1.000,0.250,.269,.363,.443,.414,.513,.094,93.9,9.2,50,0,50,103.04363,22.2,32.1,0,0,50,0,50
"Caglianone, Jac",695506,L,2026,512,553,148,91,32,2,23,144,33,26,6,.289,.494,.340,0.834,0.205,.283,.500,.360,.357,.331,.217,93.3,7.7,33.9,13,54.7,105.528979243,29.4,54.6,46.1,19.2,45.8,22.8,28.7
"Rodríguez, Julio",677594,R,2026,596,654,147,99,26,0,22,145,47,22.2,7.2,.247,.401,.307,0.708,0.154,.264,.439,.310,.334,.323,.175,90.1,12.8,31.6,8.8,43.7,102.316356211,26.5,52,39.1,23.7,42.6,25.5,24.6
"Murray Jr., BJ",681230,S,2026,11,11,1,1,0,0,0,4,0,36.4,0,.091,.091,.091,0.182,0.000,.069,.136,.081,.086,.069,.067,86.5,27.4,14.3,0,42.9,96.1207125,16.7,52.2,28.6,28.6,28.6,57.1,0
"Workman, Gage",669398,L,2026,41,41,7,1,4,0,2,17,0,41.5,0,.171,.415,.171,0.586,0.244,.222,.489,.245,.299,.222,.267,94.1,11.6,50,20.8,45.8,101.80005,33.3,60,33.3,37.5,37.5,33.3,29.2
"Kjerstad, Heston",677008,L,2026,19,19,4,3,1,0,0,9,0,47.4,0,.211,.263,.211,0.474,0.052,.217,.249,.207,.205,.217,.032,82.5,13,40,0,20,89.18833,43.2,56.9,30,30,40,20,40
"Keirsey Jr., DaShawn",680577,L,2026,5,5,1,1,0,0,0,2,0,40,0,.200,.200,.200,0.400,0.000,.237,.273,.178,.222,.237,.036,84.8,-1.1,66.7,0,0,87.29554,45.5,68.8,0,0,33.3,33.3,33.3
"Díaz, Elias",553869,R,2026,218,237,51,30,13,0,8,58,9,24.5,3.8,.234,.404,.266,0.670,0.170,.216,.357,.287,.269,.252,.141,88.5,15.9,32.1,9.6,40.5,100.965078272,28.2,54.9,38.1,31,36.3,26.8,25
"Schneider, Davis",676914,R,2026,124,156,18,7,6,0,5,51,29,32.7,18.6,.145,.315,.310,0.625,0.170,.155,.286,.290,.287,.319,.131,87.5,26.3,25.3,10.8,42.7,100.150108108,32.5,38.3,44,22.7,33.3,41.3,14.7
"Dunn, Blake",694362,R,2026,142,155,40,30,7,1,2,33,10,21.3,6.5,.282,.387,.335,0.722,0.105,.242,.319,.320,.280,.304,.077,89.2,14.6,34.5,2.9,30.3,99.240218776,23.3,46.8,24.5,26.4,46.4,21.8,25.5
"Cronenworth, Jake",630105,L,2026,377,425,85,64,13,1,7,97,38,22.8,8.9,.225,.321,.308,0.629,0.096,.213,.308,.287,.275,.297,.094,87.2,11.4,30.7,3.9,29.7,97.164133824,21.3,45.8,30.4,28.6,48.4,22.3,21.2
"Smith, Josh",669701,L,2026,212,243,43,31,5,1,6,56,25,23,10.3,.203,.321,.290,0.611,0.118,.204,.320,.275,.276,.291,.116,85.9,16,32.5,6.3,30,96.888717922,24.3,47.2,35,30,40.6,31.9,21.3
"Cabrera, Oswaldo",665828,S,2026,22,25,4,2,2,0,0,9,1,36,4,.182,.273,.217,0.490,0.091,.164,.207,.217,.183,.200,.043,85.9,-2.3,20,0,33.3,96.55533,24.5,55.8,40,40,73.3,6.7,20
"Tellez, Rowdy",642133,L,2026,10,11,2,1,0,0,1,3,1,27.3,9.1,.200,.500,.273,0.773,0.300,.339,.828,.331,.506,.399,.489,91.8,26.9,57.1,28.6,42.9,100.8358675,30.4,44.2,14.3,42.9,14.3,57.1,28.6
"Goldschmidt, Paul",502671,R,2026,345,380,87,55,13,1,18,86,29,22.6,7.6,.252,.452,.313,0.765,0.200,.238,.414,.330,.311,.298,.176,86.8,14.6,35.1,9.9,35.9,98.632345115,26.4,48.3,32.4,29.8,43.1,29.4,20.6
"Goodman, Hunter",696100,R,2026,518,574,127,64,20,2,41,175,46,30.5,8,.245,.529,.310,0.839,0.284,.228,.456,.355,.321,.291,.227,89.8,18.6,32.2,14.5,44.3,102.186271792,34,54.6,48,20.4,34.5,34.8,21.8
"Piper, Kenny",700652,R,2026,9,11,2,1,0,0,1,3,2,27.3,18.2,.222,.556,.364,0.920,0.334,.125,.332,.394,.282,.284,.207,89.8,35.9,16.7,16.7,33.3,99.601486667,32,51,33.3,33.3,33.3,50,0
"Marte, Ketel",606466,S,2026,562,624,140,84,31,3,22,86,51,13.8,8.2,.249,.432,.316,0.748,0.183,.280,.461,.323,.349,.340,.182,90.2,13.8,31.8,9.4,43,101.876199664,19.7,48.5,48.9,18.1,41.4,27.9,23.3
"Abreu, Wilyer",677800,L,2026,597,681,148,82,38,4,24,141,71,20.7,10.4,.248,.446,.327,0.773,0.198,.253,.468,.335,.346,.331,.216,89.8,18.9,36.2,12.5,43.5,100.851443463,24.6,47.5,35.8,28.7,33.2,35.8,22.4
"White, Eli",642201,R,2026,191,204,47,31,9,1,6,45,11,22.1,5.4,.246,.398,.289,0.687,0.152,.229,.333,.300,.269,.274,.104,85.6,8.6,31.3,6.2,29.3,97.362570986,26.4,52.4,36.7,25.9,51.7,24.5,19.7
"Escarra, J.C.",641555,L,2026,85,92,16,10,5,1,0,18,6,19.6,6.5,.188,.271,.239,0.510,0.083,.206,.308,.228,.257,.264,.103,89.1,10.6,29.4,4.5,33.8,98.718896364,28.1,45.5,32.4,17.6,48.5,25,20.6
"Fermín, José",665877,R,2026,327,370,81,58,17,0,6,50,30,13.5,8.1,.248,.355,.309,0.664,0.107,.248,.336,.294,.291,.313,.088,86.1,16.5,34.6,2.1,31.5,96.327228662,13.9,39.7,48.3,18.5,39.5,23.4,25.9
"Collins, Isaac",686555,S,2026,442,519,94,61,24,3,6,120,64,23.1,12.3,.213,.321,.320,0.641,0.108,.220,.308,.293,.295,.328,.088,88.1,16.1,29.6,5.2,39.3,99.734642671,21.8,40.4,38.7,29,41.2,25.6,22.9
"Rengifo, Luis",650859,S,2026,312,354,75,59,12,0,4,49,34,13.8,9.6,.240,.317,.319,0.636,0.077,.253,.345,.289,.304,.330,.091,87.7,6,28.4,4.1,34.3,97.721405038,20.1,48.9,38.8,26.1,54.1,17.5,23.9
"Marchán, Rafael",665561,S,2026,91,95,9,7,0,0,2,15,2,15.8,2.1,.099,.165,.137,0.302,0.066,.176,.241,.139,.202,.211,.066,82.9,25,31.6,2.6,18.4,92.974626842,16.1,50.3,43.4,21.1,32.9,26.3,19.7
"Bichette, Bo",666182,R,2026,638,696,166,121,25,2,18,127,49,18.2,7,.260,.390,.312,0.702,0.130,.280,.423,.309,.330,.331,.142,89.5,7.8,37.3,6.4,41.7,100.748372471,19.5,53.1,26.3,37.3,46.7,23.7,27
"Mullins, Cedric",656775,L,2026,439,502,90,62,10,3,15,97,43,19.3,8.6,.205,.344,.284,0.628,0.139,.192,.311,.281,.264,.274,.119,88.1,25.2,24.4,4.3,33.1,97.797109518,22.1,49.8,45.7,22.7,33.2,31.8,18.5
"Leonard, Eddys",678760,R,2026,8,8,2,1,1,0,0,2,0,25,0,.250,.375,.250,0.625,0.125,.300,.386,.269,.299,.300,.085,77.2,17.1,50,16.7,16.7,89.32552,36.4,57.9,33.3,50,16.7,16.7,50
"Young, Jacob",696285,R,2026,421,471,106,71,22,3,10,78,33,16.6,7,.252,.390,.318,0.708,0.138,.257,.383,.313,.313,.324,.126,87.7,12.2,36.3,5.7,31.4,97.660091228,20.8,43.8,37.4,26,39.4,28,27.1
"Mitchell, Garrett",669003,L,2026,461,531,121,76,30,4,11,167,60,31.5,11.3,.262,.416,.354,0.770,0.154,.268,.447,.340,.353,.356,.179,93.2,2.2,31.5,11.7,52.7,104.76725527,35.8,43.9,32.6,27.9,56,15.4,26.2
"Piñango, Yohendrick",682818,L,2026,169,180,44,31,8,0,5,44,11,24.4,6.1,.260,.396,.306,0.702,0.136,.262,.398,.309,.309,.308,.136,90.9,9.6,35.2,8,45.6,101.811230635,25.6,50.9,28.8,28,42.4,21.6,30.4
"Devers, Rafael",646240,L,2026,558,633,144,70,36,1,37,161,69,25.4,10.9,.258,.525,.340,0.865,0.267,.238,.473,.367,.342,.316,.235,93,15,30.7,12.5,51.6,103.03671575,29,47.3,34.2,24.2,40.6,35.2,18.2
"Wiemer, Joey",686894,R,2026,70,83,20,11,5,1,3,29,12,34.9,14.5,.286,.514,.398,0.912,0.228,.217,.349,.397,.315,.341,.131,88.8,2.2,29.3,10,39,100.456284,31.9,40.3,36.6,31.7,53.7,17.1,22
"McAdoo, Charles",807727,R,2026,97,106,25,18,4,0,3,25,7,23.6,6.6,.258,.392,.302,0.694,0.134,.245,.367,.303,.289,.291,.123,85.5,15,29.7,5.4,25.7,96.549836216,21.5,49.1,24.3,33.8,39.2,25.7,25.7
"Johnson, Bryce",669369,S,2026,45,49,8,6,2,0,0,18,3,36.7,6.1,.178,.222,.229,0.451,0.044,.147,.166,.207,.172,.200,.019,79.1,18.7,21.4,0,7.1,88.992205385,32.3,49.5,28.6,35.7,53.6,28.6,3.6
"Quero, Edgar",700337,S,2026,187,217,38,34,1,0,3,43,18,19.8,8.3,.203,.257,.284,0.541,0.054,.222,.315,.251,.282,.305,.093,90.7,9.8,26.5,2.7,39.1,99.170153425,21.3,49.4,33.1,22.5,51.7,26.5,17.9
"Acuña Jr., Ronald",660670,R,2026,408,469,104,65,18,1,20,103,53,22,11.3,.255,.451,.345,0.796,0.196,.261,.495,.348,.366,.349,.235,89.6,15.7,34.7,13,43.5,102.06326039,29,49.4,37,29.9,41.2,27.9,23.1
"Naylor, Josh",647304,L,2026,597,650,156,123,23,0,10,79,45,12.2,6.9,.261,.350,.317,0.667,0.089,.269,.381,.297,.310,.322,.112,87,10.8,35.4,4.4,35.6,98.36910393,16.9,51.9,40.6,24.6,45.4,21,24.6
"Jiménez, Leo",677870,R,2026,166,194,33,27,4,0,2,38,18,19.6,9.3,.199,.259,.306,0.565,0.060,.242,.336,.267,.314,.346,.095,90,5.5,30.8,3.9,40,99.614902188,24.3,42.5,34.6,23.1,54.6,20,23.8
"Rave, John",670231,L,2026,142,161,33,18,8,1,6,38,17,23.6,10.6,.232,.430,.314,0.744,0.198,.237,.391,.326,.315,.319,.154,87.9,14.2,31.1,10.5,34.9,99.59267898,24.3,42,44.3,19.8,45.3,25.5,18.9
"Duran, Jarren",680776,L,2026,551,608,114,74,15,5,20,165,41,27.1,6.7,.207,.361,.266,0.627,0.154,.237,.388,.274,.301,.293,.152,89.6,12.5,31.6,9.1,39.9,101.406714352,33.5,51,38.9,23,45.7,22.7,21.2
"Handley, Maverick",668974,R,2026,1,1,0,0,0,0,0,1,0,100,0,.000,.000,.000,0.000,0.000,,,.000,.000,,,,,,,,,66.7,75,,,,,
"Lowe, Josh",666139,L,2026,311,343,65,42,11,0,12,105,25,30.6,7.3,.209,.360,.273,0.633,0.151,.209,.372,.279,.284,.272,.163,88.8,18.8,32.9,9,37.1,99.069517767,32.2,55.9,34.3,25.2,34.8,33.8,23.3
"Nuñez, Nasim",683083,S,2026,431,493,90,80,6,3,1,99,49,20.1,9.9,.209,.244,.291,0.535,0.035,.221,.274,.251,.268,.304,.053,85.2,8.3,28.9,0.9,22.2,95.081777107,21.6,47.1,32.1,23.6,53.1,18.7,23
"Brito, Juan",682877,S,2026,106,115,26,17,6,0,3,26,7,22.6,6.1,.245,.387,.296,0.683,0.142,.237,.365,.300,.288,.289,.128,85.3,16.7,33.3,6.2,30.9,96.383502439,27.2,51.6,55.6,13.6,43.2,21,22.2
"Freeman, Tyler",671289,R,2026,255,288,63,53,6,1,3,34,11,11.8,3.8,.247,.314,.317,0.631,0.067,.265,.353,.289,.309,.333,.088,87.7,9.9,30.7,1.3,36,98.258503889,12.4,50.6,33.8,30.7,51.8,20.2,23.2
"Koss, Christian",683766,R,2026,203,221,44,34,6,0,4,59,9,26.7,4.1,.217,.305,.257,0.562,0.088,.206,.278,.251,.235,.247,.073,84.1,10.9,29.1,4,26.5,96.216977143,30.1,54.2,40.4,28.5,53,18.5,19.9
"Paredes, Isaac",670623,R,2026,562,659,147,94,27,1,25,88,71,13.4,10.8,.262,.447,.360,0.807,0.185,.245,.373,.355,.323,.346,.128,86,24.2,38.7,4.8,29.3,96.56219225,14.7,43.4,49.3,23.5,27.2,30.6,27.9
"Rivas, Leo",660844,S,2026,124,148,19,15,3,1,0,42,16,28.4,10.8,.153,.194,.267,0.461,0.041,.171,.229,.225,.243,.282,.059,86.3,18.7,31.4,1.2,16.3,93.744880714,23.2,37.2,46.5,17.4,39.5,30.2,19.8
"Winn, Masyn",691026,R,2026,470,532,109,81,21,2,5,116,48,21.8,9,.232,.317,.308,0.625,0.085,.245,.329,.283,.297,.324,.084,88.3,11.5,33,3.3,34.9,98.548306592,23.7,41.2,29.9,29.6,44,21.1,26.6
"Mateo, Jorge",622761,R,2026,207,221,42,29,8,0,5,69,11,31.2,5,.203,.314,.245,0.559,0.111,.221,.358,.248,.272,.263,.137,87.3,14.5,40.7,7.9,35,98.713200145,32,55.3,35.7,22.1,37.1,29.3,25.7
"Vilade, Ryan",668723,R,2026,245,278,60,39,8,2,11,65,26,23.4,9.4,.245,.429,.321,0.750,0.184,.252,.421,.327,.327,.326,.170,89.2,17,29.9,7.1,39.9,101.456915444,23.6,48.7,35.3,21.7,40.8,28.8,20.1
"Jarvis, Jim",805347,L,2026,111,124,23,16,5,1,1,23,8,18.5,6.5,.207,.297,.267,0.564,0.090,.234,.304,.254,.268,.291,.070,89,3.4,27.2,3.3,37,98.895795,18.8,44.2,27.2,18.5,58.7,18.5,20.7
"Jackson, Alex",656577,R,2026,69,73,21,16,4,0,1,24,2,32.9,2.7,.304,.406,.342,0.748,0.102,.187,.258,.331,.222,.232,.070,86.1,8.9,24.4,2.2,33.3,98.4834205,30.1,56.3,44.4,15.6,53.3,24.4,20
"Bader, Harrison",664056,R,2026,106,111,18,8,5,0,5,34,4,30.6,3.6,.170,.358,.198,0.556,0.188,.215,.367,.238,.272,.248,.152,89.2,12.3,32.9,8.2,41.1,99.221853514,32,53.4,46.6,24.7,47.9,21.9,21.9
"Bliss, Ryan",669208,R,2026,8,10,1,1,0,0,0,3,1,30,10,.125,.125,.200,0.325,0.000,.203,.295,.159,.270,.291,.092,92.2,16.2,50,0,66.7,98.87164,37.5,53.3,16.7,16.7,33.3,33.3,33.3
"McCarthy, Jake",664983,L,2026,547,596,159,101,30,13,15,95,30,15.9,5,.291,.475,.334,0.809,0.184,.274,.410,.349,.321,.320,.136,85.3,11.9,37.2,5.4,28.1,97.079708165,21.3,57.3,38.5,23.4,45.9,21,27.3
"Arias, Gabriel",672356,R,2026,140,149,34,26,3,0,5,60,8,40.3,5.4,.243,.371,.282,0.653,0.128,.220,.371,.284,.272,.256,.151,89.3,4.4,35.8,9.9,42,102.05587575,45.3,52.7,33.3,25.9,55.6,18.5,21
"Amaya, Miguel",665804,R,2026,215,254,51,33,12,0,6,67,23,26.4,9.1,.237,.377,.340,0.717,0.140,.204,.335,.324,.295,.312,.131,87.8,22.2,37.5,7.9,34.2,97.6572044,27.3,46.9,38.2,24.3,33.6,32.9,21.7
"Cruz, Oneil",665833,L,2026,368,419,103,68,14,1,20,139,47,33.2,11.2,.280,.486,.368,0.854,0.206,.251,.472,.371,.352,.338,.221,94.1,5.4,33.2,15.4,53.7,105.969307193,35.6,42.2,40.6,20.1,50.7,22.3,24
"Vázquez, Christian",543877,R,2026,242,266,50,36,7,0,7,53,18,19.9,6.8,.207,.322,.261,0.583,0.115,.195,.267,.258,.233,.248,.073,85.9,15.1,31.3,2.1,22.6,95.312310968,20,48.2,33.8,31.8,43.1,24.6,23.6
"Barger, Addison",680718,L,2026,22,28,1,0,1,0,0,7,5,25,17.9,.045,.091,.214,0.305,0.046,.131,.185,.170,.255,.294,.054,89,16.7,25,0,50,101.06417375,23.1,43.7,31.3,18.8,37.5,43.8,18.8
"Brennan, Will",686823,L,2026,23,23,2,2,0,0,0,3,0,13,0,.087,.087,.087,0.174,0.000,.174,.238,.077,.178,.174,.064,82.9,20.2,20,0,25,94.760291,8,64.9,35,45,40,20,15
"Fortes, Nick",663743,R,2026,298,323,77,54,17,0,6,45,12,13.9,3.7,.258,.376,.304,0.680,0.118,.239,.326,.301,.273,.287,.087,85.4,8.3,25.2,2.4,35.4,99.012039677,18.3,51.8,51.2,17.8,51.6,17.1,19.4
"Steer, Spencer",668715,R,2026,340,384,81,51,14,0,16,86,35,22.4,9.1,.238,.421,.319,0.740,0.183,.246,.452,.325,.342,.330,.206,89.7,16.9,35.5,12.4,39.1,99.548552583,25.3,45.3,47.3,21.9,43,29.7,19.1
"Pagés, Pedro",686780,R,2026,189,211,41,31,6,0,4,56,14,26.5,6.6,.217,.312,.275,0.587,0.095,.218,.329,.264,.273,.280,.111,86.7,14.9,30.9,4.3,37.7,99.310410149,28.1,49.1,38.1,24.5,44.6,27.3,18
"Olson, Matt",621566,L,2026,625,698,157,82,34,0,41,171,64,24.5,9.2,.251,.502,.321,0.823,0.251,.247,.503,.351,.351,.314,.256,92.5,18.1,32,14.2,52,103.596081565,25.4,46.9,37.8,26.3,37,35.4,20
"Bae, Jihwan",678225,L,2026,2,4,1,1,0,0,0,1,0,25,0,.500,.500,.667,1.167,0.000,.193,.195,.540,.361,.462,.003,,,0,0,0,,28.6,53.8,50,0,100,0,0
"Malgeri, Ben",701162,R,2026,120,140,30,20,5,0,5,36,17,25.7,12.1,.250,.417,.350,0.767,0.167,.243,.354,.341,.317,.346,.111,90.1,11.4,38.8,7.1,42.4,100.28507,27,44.7,35.3,29.4,42.4,24.7,28.2
"Hicks, Liam",689414,L,2026,479,554,136,101,16,1,18,55,56,9.9,10.1,.284,.434,.367,0.801,0.150,.261,.358,.352,.319,.346,.097,84.6,14.5,30.8,3.7,27.1,96.114190607,11.4,41.7,43.1,21.8,43.3,24.5,22.7
"Raley, Luke",670042,L,2026,262,287,59,34,9,1,15,93,15,32.4,5.2,.225,.439,.284,0.723,0.214,.252,.486,.313,.342,.308,.234,90.8,15.1,40.1,15.7,47.1,102.124981786,40.9,54.1,45.9,23.8,36.6,29.1,27.9
"Lowe, Nathaniel",663993,L,2026,381,429,96,57,22,0,17,99,38,23.1,8.9,.252,.444,.317,0.761,0.192,.268,.437,.329,.335,.332,.169,89.6,14.6,39.3,8.4,41.4,101.026614056,22,46.1,36.2,26.6,37.9,25.9,30
"Muncy, Max",691777,R,2026,256,284,59,39,9,2,9,91,21,32,7.4,.230,.387,.296,0.683,0.157,.218,.366,.300,.288,.285,.149,89.1,15.9,33.3,10.7,43.5,101.562068929,32.4,50,44,21.4,41.1,22.6,22
"Encarnacion, Jerar",666464,R,2026,34,35,6,5,1,0,0,8,1,22.9,2.9,.176,.206,.200,0.406,0.030,.190,.266,.183,.210,.213,.076,87.5,5.4,38.5,7.7,34.6,99.26983,19.3,52.2,38.5,34.6,50,23.1,23.1
"Mancini, Trey",641820,R,2026,13,14,4,3,0,1,0,3,0,21.4,0,.308,.462,.286,0.748,0.154,.241,.322,.305,.282,.254,.081,90.5,4.8,9.1,18.2,45.5,99.866335,18.8,65.3,36.4,27.3,63.6,18.2,18.2
"Black, Tyler",672012,L,2026,27,28,9,5,4,0,0,7,1,25,3.6,.333,.481,.357,0.838,0.148,.170,.229,.364,.191,.199,.060,83.6,12.6,25,0,15,94.187515,23.1,53.6,30,25,45,35,15
"Martin Jr., Rudy",657675,L,2026,2,3,0,0,0,0,0,1,1,33.3,33.3,.000,.000,.333,0.333,0.000,.049,.053,.233,.263,.366,.004,85.5,-13.4,0,0,0,85.53802,66.7,30,0,0,100,0,0
"Meckler, Wade",685133,L,2026,300,337,90,71,15,1,3,63,32,18.7,9.5,.300,.387,.373,0.760,0.087,.263,.359,.341,.314,.340,.097,86.9,6.7,33.9,2.9,33.5,96.774560086,20.8,44,33.5,19.7,53.6,18.8,25.9
"Caissie, Owen",683357,L,2026,291,330,64,36,14,0,14,123,27,37.3,8.2,.220,.412,.288,0.700,0.192,.211,.405,.304,.302,.285,.194,91.1,16.9,42.6,14.2,44.9,101.808296322,35.6,46.2,33.5,23.3,36.9,32.4,25
"Carpenter, Kerry",681481,L,2026,231,259,48,28,5,2,13,75,18,29,6.9,.208,.416,.276,0.692,0.208,.212,.388,.301,.295,.283,.177,89.8,21.4,35.2,9.6,44,99.080080759,28.6,50.2,43.4,25.2,32.1,39,20.8
"Pratt, Cooper",806198,R,2026,228,266,64,52,7,2,3,48,26,18,9.8,.281,.368,.350,0.718,0.087,.266,.362,.320,.315,.342,.096,87,9.1,41.1,3.2,27.4,96.569258681,21.8,46.4,33.2,27.9,47.9,21.1,28.9
"Grissom, Vaughn",687093,R,2026,422,474,102,67,22,0,13,87,31,18.4,6.5,.242,.386,.307,0.693,0.144,.244,.380,.306,.309,.313,.136,87.5,12.7,33.5,6.7,35.6,98.529330819,22.1,48.8,39.1,22.2,44.9,25.1,24.5
"Slater, Austin",596103,R,2026,65,74,15,12,3,0,0,21,8,28.4,10.8,.231,.277,.311,0.588,0.046,.182,.236,.271,.235,.269,.053,85,4.8,26.7,2.3,18.2,94.665360455,27.9,46.6,35.6,28.9,48.9,22.2,20
"Locklear, Tyler",682988,R,2026,36,42,10,6,3,0,1,9,4,21.4,9.5,.278,.444,.357,0.801,0.166,.252,.427,.350,.334,.336,.176,83.8,4,28.6,14.3,32.1,97.675850714,23.5,49.7,35.7,14.3,53.6,17.9,25
"Ramos, Heliot",671218,R,2026,404,442,99,62,20,4,13,121,31,27.4,7,.245,.411,.305,0.716,0.166,.256,.446,.312,.329,.313,.190,92.2,6.8,34.4,13.8,48.4,103.254738156,29.3,50.4,34,24.2,50.5,23.9,23.2
"Schneemann, Daniel",682177,L,2026,262,286,55,37,11,0,7,84,24,29.4,8.4,.210,.332,.276,0.608,0.122,.225,.372,.272,.292,.290,.147,88,12.2,33.7,8.4,38.4,98.794739888,31.5,49.7,47.2,17.4,43.3,29.8,22.5
"Gelof, Zack",680869,R,2026,394,435,101,61,16,2,22,107,31,24.6,7.1,.256,.475,.322,0.797,0.219,.236,.437,.346,.323,.304,.201,89.7,16.2,29.3,10.8,42.8,100.062189716,29.2,46.7,39.3,20.7,43.4,30.7,18.6
"Smith, Cam",701358,R,2026,510,568,107,63,17,6,21,148,44,26.1,7.7,.210,.390,.279,0.669,0.180,.235,.420,.293,.316,.303,.185,88.7,12.3,31.3,11.2,43.5,101.663413607,29.1,48.5,38.9,23.9,44.8,26.1,21.7
"Encarnacion-Strand, Christian",687952,R,2026,195,213,54,30,13,0,11,55,11,25.8,5.2,.277,.513,.325,0.838,0.236,.248,.483,.358,.332,.296,.235,89.5,19.1,35.7,14,37.8,100.754412535,28.6,60,45.5,22.4,35,31.5,24.5
"Joe, Connor",656582,R,2026,39,45,7,4,2,0,1,15,6,33.3,13.3,.179,.308,.289,0.597,0.129,.257,.397,.274,.337,.356,.140,92.5,15.2,41.7,8.3,45.8,101.1365025,24.7,40.5,41.7,25,33.3,33.3,29.2
"Ritter, Ryan",690022,R,2026,19,21,3,3,0,0,0,8,1,38.1,4.8,.158,.158,.200,0.358,0.000,.184,.241,.168,.210,.225,.057,89.2,7.8,33.3,0,33.3,96.029906667,36.6,53.9,25,8.3,41.7,16.7,41.7
"Adell, Jo",666176,R,2026,603,660,145,95,26,1,23,157,34,23.8,5.2,.240,.401,.298,0.699,0.161,.257,.444,.307,.329,.314,.187,90.4,16.2,32.2,8.9,44.9,102.495962813,28.2,53.2,41,25.1,40.8,26.6,23.3
"Conine, Griffin",665052,L,2026,284,323,75,48,8,0,19,95,34,29.4,10.5,.264,.493,.353,0.846,0.229,.259,.505,.369,.369,.349,.246,91.1,12.6,39.7,16.4,49.2,103.402180421,37.2,48.9,41.8,18,41.8,27,23.3
"Fernandez, Jose",699912,R,2026,204,222,52,40,9,0,3,51,11,23,5,.255,.343,.300,0.643,0.088,.245,.342,.287,.281,.290,.098,87.8,10.7,28.5,3.8,38.6,100.3141396,24.9,45.8,41.1,24.1,48.7,11.4,25.3
"Dean, Justin",681909,R,2026,8,10,3,2,0,1,0,4,2,40,20,.375,.625,.500,1.125,0.250,.266,.324,.477,.346,.412,.058,85.7,-0.9,50,0,50,100.2925,33.3,56.8,75,25,50,0,50
"Cruz, Trei",669360,S,2026,5,5,0,0,0,0,0,3,0,60,0,.000,.000,.000,0.000,0.000,.096,.127,.000,.097,.096,.031,96.7,19.2,0,0,50,99.40521,40,47.6,50,50,50,50,0
"Camargo, Jair",665856,R,2026,2,2,1,0,1,0,0,1,0,50,0,.500,1.000,.500,1.500,0.500,.322,.648,.631,.407,.322,.327,108.1,17.8,100,100,100,108.08881,50,57.1,0,0,0,0,100
"Rocchio, Brayan",677587,S,2026,534,592,135,93,25,2,15,85,38,14.4,6.4,.253,.391,.313,0.704,0.138,.246,.350,.311,.294,.309,.104,87,13.8,34.9,2.9,30,96.81810991,22.1,50,43.2,20.3,41.5,25.5,25.5
"Robinson, Chuckie",642020,R,2026,23,26,2,2,0,0,0,5,0,19.2,0,.087,.087,.087,0.174,0.000,.159,.181,.077,.149,.159,.022,85.8,17.8,19,0,14.3,95.37571875,29.6,60,28.6,28.6,52.4,14.3,9.5
"Ballesteros, Moisés",694208,L,2026,317,352,68,49,10,0,9,82,30,23.3,8.5,.215,.331,.281,0.612,0.116,.224,.361,.274,.290,.291,.137,90.1,10.7,31,8.4,45.2,100.76211605,28.5,51.1,36.4,27.2,46.9,26.4,21.8
"Senger, Hayden",663584,R,2026,15,17,2,1,0,0,1,4,0,23.5,0,.133,.333,.133,0.466,0.200,.150,.281,.196,.181,.150,.132,82.3,-3.1,15.4,0,23.1,94.701694,32.4,63,30.8,38.5,61.5,15.4,15.4
"Heineman, Tyler",623168,S,2026,177,200,31,26,3,1,1,30,5,15,2.5,.175,.220,.223,0.443,0.045,.214,.259,.204,.236,.260,.045,82,10,27,0.6,11.9,91.606485493,19.5,56.3,46.5,22,53.5,19.5,20.1
"Bregman, Alex",608324,R,2026,608,702,161,98,33,2,28,102,76,14.5,10.8,.265,.464,.355,0.819,0.199,.252,.391,.357,.327,.343,.139,88.2,17.7,32.8,6.4,37.7,98.028401406,15.6,41.6,48.4,18.6,37.5,27.7,23.2
"Culpepper, Kaelen",701785,R,2026,117,128,32,24,5,0,3,28,6,21.9,4.7,.274,.393,.328,0.721,0.119,.236,.351,.320,.287,.296,.114,87.4,15.7,35.6,3.4,31.1,97.557599556,26.4,54,42.2,20,41.1,24.4,24.4
"Sánchez, Jesús",660821,L,2026,284,315,72,46,18,0,8,75,18,23.8,5.7,.254,.401,.311,0.712,0.147,.255,.419,.311,.321,.313,.164,90.7,10.9,32.2,10.8,45.3,101.621661682,28.1,53.3,31.8,26.2,44.4,27.1,22
"d'Arnaud, Travis",518595,R,2026,76,84,12,8,3,0,1,24,6,28.6,7.1,.158,.237,.238,0.475,0.079,.152,.281,.221,.234,.233,.129,86.7,10.4,32.7,9.6,30.8,96.800458077,31,49.8,25,26.9,46.2,34.6,13.5
"Gonzales, Nick",693304,R,2026,551,608,167,133,27,1,6,99,43,16.3,7.1,.303,.388,.367,0.755,0.085,.282,.386,.339,.327,.348,.105,86.4,7.8,34.4,3.1,34,97.617289778,22.7,52.5,36,27.8,51.7,21.6,23.8
"Rodriguez, Emmanuel",691181,L,2026,45,48,8,3,2,1,2,16,3,33.3,6.3,.178,.400,.229,0.629,0.222,.251,.534,.270,.354,.298,.283,90.6,13.2,44.8,20.7,48.3,101.789318667,33.3,48.9,44.8,17.2,31,31,27.6
"Prieto, César",693409,L,2026,38,39,3,2,0,1,0,5,1,12.8,2.6,.079,.132,.103,0.235,0.053,.229,.356,.104,.262,.250,.127,88.2,3.8,27.3,3.1,33.3,98.298458125,22,52.7,42.4,15.2,60.6,21.2,15.2
"Judge, Aaron",592450,R,2026,237,285,57,29,10,0,18,85,43,29.8,15.1,.241,.511,.360,0.871,0.270,.258,.569,.372,.396,.364,.311,94,15,34,20.9,57.5,105.082238571,32.8,43.3,43.1,23.5,37.9,32.7,22.9
"Carter, Evan",694497,L,2026,391,455,76,50,14,3,9,114,47,25.1,10.3,.194,.315,.288,0.603,0.121,.205,.320,.274,.280,.297,.114,87.6,17.9,28.7,4.8,34.9,98.726085185,29.1,41.7,39.8,23.9,40.8,29.8,20.1
"Ross, Ben",805346,R,2026,21,21,4,1,2,1,0,11,0,52.4,0,.190,.381,.190,0.571,0.191,.160,.275,.239,.186,.160,.114,78.9,19.3,50,20,30,93.431104,42.2,50,40,30,40,20,20
"Eaton, Nate",681987,R,2026,50,60,8,5,2,0,1,16,8,26.7,13.3,.160,.260,.300,0.560,0.100,.186,.299,.268,.289,.322,.113,87,19.7,38.2,5.9,32.4,97.907528824,31.7,48.3,52.9,20.6,29.4,23.5,35.3
"Baldwin, Drake",686948,L,2026,549,615,156,110,21,0,25,132,55,21.5,8.9,.284,.459,.358,0.817,0.175,.279,.505,.358,.370,.352,.226,91.5,11,37.5,12.9,50.6,102.266130048,24.4,51.2,30.8,26.5,44.2,26.3,24.8
"Moore, Christian",695681,R,2026,134,147,25,18,4,1,2,48,11,32.7,7.5,.187,.276,.252,0.528,0.089,.194,.313,.239,.254,.259,.119,88.4,11.2,29.9,9.3,39.1,99.553087209,31.7,50.7,25.3,23,47.1,25.3,20.7
"Guzman, Denzer",694203,R,2026,283,304,62,45,9,0,8,78,17,25.7,5.6,.219,.336,.266,0.602,0.117,.225,.327,.267,.265,.272,.102,86.7,10.8,34.3,4.8,34.8,98.32811,27,53.3,43.5,21.7,45.9,22.2,25.1
"Cortes, Carlos",666126,L,2026,343,381,86,58,16,2,10,63,31,16.5,8.1,.251,.397,.318,0.715,0.146,.242,.368,.315,.301,.311,.126,88.4,11,36,6,35.8,98.824277305,22.1,46.6,30,26.9,45.2,21.6,25.4
"Wilson, Will",669717,R,2026,5,6,1,0,0,0,1,1,1,16.7,16.7,.200,.800,.333,1.133,0.600,.212,.762,.458,.451,.343,.551,87.8,0.8,50,25,25,95.48153,38.5,52,75,0,50,50,0
"Suzuki, Seiya",673548,R,2026,545,634,147,89,31,1,26,155,81,24.4,12.8,.270,.473,.368,0.841,0.203,.246,.427,.366,.340,.344,.181,88.6,17.5,36.9,10.7,38.9,100.235200558,23.5,40.2,41,24.2,35.9,30.8,24.9
"Fedko, Kyler",693459,R,2026,16,19,0,0,0,0,0,8,2,42.1,10.5,.000,.000,.105,0.105,0.000,.097,.136,.073,.166,.193,.040,87.9,13.4,22.2,0,44.4,96.86751,39.5,55.1,33.3,22.2,33.3,44.4,22.2
"Perez, Salvador",521692,R,2026,580,627,133,87,24,1,21,119,25,19,4,.229,.383,.274,0.657,0.154,.250,.439,.285,.316,.292,.189,89.2,15.2,35.3,10.7,42.7,100.401931111,25,56.2,40.2,25,38.5,30.1,25.2
"Alcántara, Kevin",682634,R,2026,25,28,6,5,0,0,1,11,2,39.3,7.1,.240,.360,.286,0.646,0.120,.232,.353,.282,.275,.280,.121,91.1,11.8,60,6.7,26.7,97.48780875,34.7,41.5,46.7,20,26.7,33.3,40
"DeLauter, Chase",800050,L,2026,495,559,142,93,30,3,16,82,60,14.7,10.7,.287,.457,.363,0.820,0.170,.277,.427,.359,.346,.357,.149,91.4,11.8,35.1,6.3,46.3,101.342521401,15,42.3,37.7,26.7,43.8,19.5,27.4
"Wagaman, Eric",676572,R,2026,47,52,9,7,0,0,2,12,4,23.1,7.7,.191,.319,.269,0.588,0.128,.227,.362,.266,.296,.301,.136,84.8,1,34.3,5.7,28.6,97.89492,30.2,43.4,37.1,22.9,48.6,17.1,31.4
"Rodden, Brock",801126,S,2026,61,72,12,8,3,1,0,24,10,33.3,13.9,.197,.279,.306,0.585,0.082,.135,.227,.271,.233,.259,.092,88,20.5,36.8,5.3,36.8,97.780007895,39.8,46.5,52.6,21.1,28.9,47.4,21.1
"Mastrobuoni, Miles",670156,L,2026,26,30,5,5,0,0,0,10,2,33.3,6.7,.192,.192,.241,0.433,0.000,.145,.201,.202,.184,.202,.056,90.1,11.1,27.8,0,22.2,95.03356,20.9,40.2,33.3,11.1,50,27.8,22.2
"Sánchez, Gary",596142,R,2026,225,275,47,24,10,1,12,59,46,21.5,16.7,.209,.422,.349,0.771,0.213,.220,.397,.342,.336,.351,.177,87.9,14.3,29.3,8.4,35.3,99.561227857,28.5,36.1,42.5,20.4,43.7,26.3,18.6
"Bride, Jonah",681146,R,2026,5,6,1,1,0,0,0,2,1,33.3,16.7,.200,.200,.333,0.533,0.000,.109,.213,.265,.229,.257,.104,95.7,-0.8,33.3,0,66.7,96.393975,28.6,31.8,0,66.7,66.7,33.3,0
"Moniak, Mickey",666160,L,2026,404,436,96,50,17,6,23,120,22,27.5,5,.238,.480,.278,0.758,0.242,.212,.392,.322,.279,.255,.179,89.7,21.4,32,9.6,41.6,99.875625205,30.3,59,48.1,17.2,34,36.8,20.3
"Knizner, Andrew",668800,R,2026,73,80,16,10,4,0,2,14,4,17.5,5,.219,.356,.287,0.643,0.137,.212,.330,.288,.274,.281,.118,87,22.9,23.7,5.1,32.2,98.388085333,25.7,49.5,33.9,18.6,35.6,32.2,16.9
"Betts, Mookie",605141,R,2026,478,528,123,75,25,0,23,58,47,11,8.9,.257,.454,.326,0.780,0.197,.278,.435,.338,.339,.341,.157,90.2,17.9,40.4,7.8,38,98.722352796,12.5,41.3,40.1,20.2,32.8,32.8,27.8
"Perkins, Blake",663368,S,2026,89,101,14,7,6,0,1,22,10,21.8,9.9,.157,.258,.250,0.508,0.101,.196,.295,.236,.264,.285,.099,86.4,13.4,23.5,4.4,33.8,97.263370606,20.9,43.4,42.6,26.5,44.1,22.1,20.6
"Jenkins, Walker",805805,L,2026,84,93,19,13,2,0,4,19,7,20.4,7.5,.226,.393,.293,0.686,0.167,.242,.394,.303,.310,.308,.152,86.1,15.5,30.3,7.6,27.3,96.544744242,23.9,47.9,37.9,18.2,43.9,27.3,22.7
"Vientos, Mark",668901,R,2026,274,295,58,34,11,0,13,71,15,24.1,5.1,.212,.394,.258,0.652,0.182,.231,.433,.283,.304,.276,.202,89.8,14.6,31.1,9.7,43.7,100.784554369,31.1,53.9,37.4,23.8,43.7,29.6,17.5
"Lukes, Nathan",664770,L,2026,408,450,113,88,15,0,10,64,25,14.2,5.6,.277,.387,.327,0.714,0.110,.258,.348,.317,.293,.310,.090,86.9,7.8,30.8,2.5,29.1,96.384292965,15.9,50.2,31.6,28.8,54,19.5,22
"Jiménez, Eloy",650391,R,2026,31,35,9,9,0,0,0,7,3,20,8.6,.290,.290,.343,0.633,0.000,.214,.289,.289,.256,.279,.076,89.2,5.6,32,4,44,98.972092308,29.9,51.5,52,28,48,20,24
"Julien, Edouard",666397,L,2026,236,276,49,36,9,1,3,71,39,25.7,14.1,.208,.292,.322,0.614,0.084,.247,.401,.287,.338,.356,.155,90.8,7.7,42.4,7.3,49.7,100.290529512,23.7,40.9,37,23,50.3,20,27.3
"Abrams, CJ",682928,L,2026,579,654,151,84,30,4,33,158,57,24.2,8.7,.261,.497,.336,0.833,0.236,.247,.438,.358,.333,.323,.191,89.6,18,34.2,10.6,40.5,99.979603803,29.6,51.3,45,22.7,36.5,28.6,23.2
"Okamoto, Kazuma",672960,R,2026,568,636,132,73,26,0,33,183,59,28.8,9.3,.232,.452,.310,0.762,0.220,.224,.446,.332,.328,.305,.222,90.6,19.4,35.1,13.1,44.1,101.291152371,32.8,46.9,50.8,18.8,35.8,33.8,20.6
"McGonigle, Kevin",805808,L,2026,605,707,168,117,28,5,18,100,95,14.1,13.4,.278,.430,.376,0.806,0.152,.264,.445,.357,.355,.364,.182,87.8,19.5,36.3,7.3,37.6,98.454122638,16.2,42.9,37.1,26.9,33.8,35.6,22.8
"Pinckney, Andrew",687605,R,2026,25,29,7,5,0,1,1,10,1,34.5,3.4,.280,.480,.310,0.790,0.200,.239,.374,.328,.297,.296,.135,94.8,15.1,41.2,11.8,58.8,104.080331111,31.1,41.3,23.5,47.1,41.2,29.4,29.4
"Fairchild, Stuart",656413,R,2026,19,27,3,3,0,0,0,14,7,51.9,25.9,.158,.158,.407,0.565,0.000,.089,.151,.307,.280,.359,.062,94.2,16.3,20,0,40,101.9605,69,38.2,40,0,60,20,20
"Veen, Zac",691728,L,2026,69,79,16,9,3,1,3,31,7,39.2,8.9,.232,.435,.312,0.747,0.203,.194,.338,.327,.275,.278,.144,87.4,18.6,37.5,7.5,37.5,100.314036316,40.5,55.4,40,22.5,40,42.5,17.5
"Kwan, Steven",680757,L,2026,539,637,152,125,21,3,3,62,85,9.7,13.3,.282,.349,.382,0.731,0.067,.277,.343,.334,.328,.377,.066,83.9,12.8,40.6,0.4,10.5,92.178642308,8.2,35.7,27,33.2,41.9,22.3,30.9
"Hernández, Heriberto",681715,R,2026,448,505,102,58,17,2,25,134,52,26.5,10.3,.228,.442,.313,0.755,0.214,.242,.475,.329,.348,.326,.233,91.5,13.3,32.1,12.7,48.6,101.890099177,32.5,45.2,46,14.9,40,31.7,20.6
"Groover, LuJames",694410,R,2026,48,54,8,5,2,0,1,11,5,20.4,9.3,.167,.271,.259,0.530,0.104,.215,.328,.245,.286,.304,.113,90,16.7,24.3,11.1,45.9,99.52748,16.1,41.8,40.5,27,45.9,21.6,18.9
"Ibáñez, Andy",628451,R,2026,23,26,2,2,0,0,0,3,1,11.5,3.8,.087,.087,.115,0.202,0.000,.152,.205,.095,.164,.174,.053,86.3,13.6,22.7,0,18.2,94.855231818,19.2,65.8,54.5,13.6,36.4,50,13.6
"Machado, Manny",592518,R,2026,589,677,128,76,22,0,30,144,76,21.3,11.2,.217,.407,.303,0.710,0.190,.243,.420,.310,.328,.326,.177,90.1,14.5,32.7,9.7,43.6,101.077431814,25.3,47.8,40.1,26.3,39.3,28.5,24.1
"Salazar, César",663967,L,2026,18,22,1,1,0,0,0,3,3,13.6,13.6,.056,.056,.227,0.283,0.000,.237,.328,.169,.328,.375,.091,88.6,11.2,20,0,33.3,96.63377,14.3,44.2,53.3,13.3,53.3,20,26.7
"Millas, Drew",686452,S,2026,130,152,24,18,4,0,2,37,14,24.3,9.2,.185,.262,.277,0.539,0.077,.204,.282,.251,.266,.295,.079,83.6,12.8,34.4,3.2,21.9,94.435516667,23.3,44.8,36.5,32.3,44.8,19.8,29.2
"Dunn, Oliver",686554,L,2026,11,12,1,1,0,0,0,3,1,25,8.3,.091,.091,.167,0.258,0.000,.174,.192,.132,.207,.243,.018,82.6,-6.1,0,0,25,94.2383425,30,47.6,25,25,87.5,0,0
"Alexander, Blaze",677942,R,2026,261,289,79,60,13,2,4,63,19,21.8,6.6,.303,.414,.358,0.772,0.111,.300,.452,.340,.351,.354,.152,92.3,9.2,40.8,6.6,48.8,100.590883438,25.3,56.1,33.3,28.9,47.8,21.4,29.4
"Fulford, Braxton",690924,R,2026,74,85,13,8,4,0,1,34,8,40,9.4,.176,.270,.259,0.529,0.094,.138,.226,.242,.209,.226,.088,87.6,23.3,23.8,7.1,35.7,98.356051429,35.2,45.2,28.6,38.1,33.3,40.5,14.3
"Morales, Yohandy",691002,R,2026,47,47,12,4,4,0,4,15,0,31.9,0,.255,.596,.255,0.851,0.341,.258,.491,.358,.317,.258,.232,91.7,14.7,31.3,15.6,62.5,103.672409375,38.1,50.8,43.8,25,46.9,31.3,12.5
"Nootbaar, Lars",663457,L,2026,285,334,68,45,14,1,8,70,46,21,13.8,.239,.379,.342,0.721,0.140,.247,.437,.320,.343,.345,.190,92,9.2,34.9,10.1,49.5,101.741653981,19.1,37.4,39.9,22.5,46.8,28.4,21.6
"Chourio, Jackson",694192,R,2026,522,573,152,100,27,0,25,134,47,23.4,8.2,.291,.487,.351,0.838,0.196,.265,.475,.361,.344,.321,.210,91.6,11.8,33.3,12.3,47,102.267018667,25.1,47.8,30,24.4,45.1,30.8,19.7
"Higgins, P.J.",664731,R,2026,26,32,6,5,1,0,0,8,2,25,6.3,.231,.269,.276,0.545,0.038,.276,.326,.245,.287,.318,.051,83.6,24.5,45.5,0,13.6,92.126883,25.5,39.8,40.9,31.8,36.4,27.3,27.3
"Buxton, Byron",621439,R,2026,370,408,94,50,18,1,25,100,30,24.5,7.4,.254,.511,.319,0.830,0.257,.248,.488,.355,.343,.311,.240,90.2,20.3,32.4,15.9,46.7,101.614948971,31.3,52.7,48.2,19.5,33.5,33.1,21
"Callahan, Brett",814430,L,2026,71,80,15,10,3,1,1,27,7,33.8,8.8,.211,.324,.287,0.611,0.113,.211,.375,.274,.296,.291,.164,89.9,18.6,28.9,11.1,44.4,100.59326913,29,58.5,35.6,24.4,31.1,31.1,24.4
"Greene, Riley",682985,L,2026,511,592,143,88,32,2,21,157,71,26.5,12,.280,.474,.370,0.844,0.194,.262,.497,.366,.369,.353,.235,89.9,17.7,39.8,14.8,46,102.260968,29.9,46.1,38.7,24.2,35.7,34,25.9
"Arenado, Nolan",571448,R,2026,533,599,136,80,25,1,30,120,52,20,8.7,.255,.475,.331,0.806,0.220,.231,.366,.349,.300,.308,.135,85.2,18.6,33.7,7,31.3,96.979032548,24.1,46.4,49.8,16.3,37.7,27.4,21.4
"Wade Jr., LaMonte",664774,L,2026,127,146,26,16,6,0,4,36,19,24.7,13,.205,.346,.308,0.654,0.141,.188,.286,.296,.268,.294,.098,86.4,13.9,28.6,3.3,31.9,97.382950222,24.4,39.2,41.8,25.3,38.5,29.7,24.2
"Realmuto, J.T.",592663,R,2026,414,467,85,55,19,0,11,100,37,21.4,7.9,.205,.331,.283,0.614,0.126,.249,.387,.275,.317,.325,.138,89.5,11.8,35.6,5.7,40,99.623141132,24.1,46.8,42.5,24.1,42.5,26.9,25.9
"Dingler, Dillon",693307,R,2026,551,607,134,78,27,2,27,139,34,22.9,5.6,.243,.446,.302,0.748,0.203,.266,.468,.325,.344,.325,.202,88.8,17.6,39.1,10.1,43.4,100.44813399,22.4,48.2,42.2,20.6,37.2,29,24.7
"Crawford, J.P.",641487,L,2026,412,489,91,65,12,0,14,97,64,19.8,13.1,.221,.352,.335,0.687,0.131,.234,.359,.312,.319,.345,.125,87.7,13.6,32.8,6.3,34.7,97.972608726,17.2,38.2,37.5,23.4,47.5,22.5,20.9
"Bellinger, Cody",641355,L,2026,496,562,131,86,25,3,17,89,59,15.8,10.5,.264,.429,.338,0.767,0.165,.271,.411,.336,.335,.347,.140,89.2,17.6,38.2,6.6,37.8,98.486220194,20,47.1,45.2,18.6,36.2,30.2,24.9
"Witt Jr., Bobby",677951,R,2026,558,632,157,105,33,1,18,109,67,17.2,10.6,.281,.441,.359,0.800,0.160,.302,.504,.345,.378,.368,.202,92.2,16.4,37.3,11.4,50.3,103.195144375,24.8,48.6,31.3,28.5,36,26.7,28.3
"McLain, Matt",680574,R,2026,437,496,81,47,18,1,15,139,48,28,9.7,.185,.334,.274,0.608,0.149,.212,.361,.272,.293,.297,.148,87.8,20.7,35.3,9,35.6,98.618121507,28.4,44.2,38,26.4,35.6,35.3,19.8
"Hill, Derek",656537,R,2026,199,216,48,31,5,1,11,69,13,31.9,6,.241,.442,.291,0.733,0.201,.225,.386,.319,.289,.276,.162,88.9,14.1,36.1,10.6,33.8,98.863739672,32.7,51.9,36.8,30.1,46.6,28.6,21.1
"Vaughn, Andrew",683734,R,2026,288,331,88,62,18,2,6,53,35,16,10.6,.306,.444,.390,0.834,0.138,.264,.380,.368,.329,.351,.116,90.1,11.3,30.4,5.1,43.5,99.521519328,19.5,38.3,32.1,29.1,45.1,24.1,24.9
"Burger, Jake",669394,R,2026,556,620,127,76,23,0,28,167,56,26.9,9,.228,.421,.302,0.723,0.193,.227,.420,.316,.314,.301,.193,90.1,13.9,29.3,12.3,45.3,102.402481173,34.2,49.6,44.3,19.1,43.5,29.3,18.8
"Martínez, Angel",682657,S,2026,389,416,99,55,24,2,18,91,13,21.9,3.1,.254,.465,.290,0.755,0.211,.251,.401,.326,.299,.287,.150,87.5,14.8,35.1,7.2,35.5,98.989455168,20.7,54.3,43.9,20,41.6,25.6,24.9
"Kim, Ha-Seong",673490,R,2026,129,147,15,13,1,1,0,38,16,25.9,10.9,.116,.140,.219,0.359,0.024,.157,.206,.180,.222,.257,.049,85.9,19.9,21.7,2.2,25,95.452664545,20.2,42.7,41.3,19.6,40.2,28.3,17.4
"Manzardo, Kyle",700932,L,2026,312,356,67,43,10,1,13,114,36,32,10.1,.215,.378,.306,0.684,0.163,.220,.380,.305,.307,.311,.160,89.5,19.3,34.5,12,41,98.784676465,30.6,46.5,43.5,15,36,33.5,22
"Quero, Jeferson",691620,R,2026,1,2,0,0,0,0,0,0,1,0,50,.000,.000,.500,0.500,0.000,.306,.355,.349,.495,.653,.049,85.6,2.1,0,0,0,85.60152,50,25,100,0,100,0,0
"Bailey, Patrick",672275,S,2026,310,345,64,45,8,1,10,92,28,26.7,8.1,.206,.335,.272,0.607,0.129,.240,.398,.271,.307,.303,.158,90.5,13.4,36.6,7.7,42.4,100.12206633,26.8,49.6,36.2,24.1,42.4,26.8,25
"Sogard, Nick",686765,S,2026,239,277,61,41,14,1,5,56,31,20.2,11.2,.255,.385,.342,0.727,0.130,.251,.355,.325,.311,.338,.104,86.8,16.1,38.1,4.8,28.6,96.712474831,20.4,39.9,43.9,17.5,39.2,22.8,28
"Myers, Dane",667472,R,2026,292,334,75,56,11,0,8,82,37,24.6,11.1,.257,.377,.344,0.721,0.120,.236,.356,.324,.309,.330,.119,89.2,13.5,33.5,4.9,36.3,98.774903,21.6,43.2,25.9,29.2,45.3,24.5,23.6
"Bazzana, Travis",683953,L,2026,449,517,110,70,22,3,15,107,56,20.7,10.8,.245,.408,.335,0.743,0.163,.224,.347,.328,.299,.317,.123,87.6,15.7,30,5.2,36.2,98.286642849,23.2,45.9,38.9,22.5,40.6,28.8,20.5
"Yorke, Nick",694377,R,2026,104,117,22,17,4,0,1,26,9,22.2,7.7,.212,.279,.284,0.563,0.067,.235,.335,.258,.289,.307,.100,88.1,7.8,27.5,5,43.8,101.015123,25,49.2,31.3,28.7,53.8,26.3,16.3
"Frelick, Sal",686217,L,2026,339,384,78,56,18,0,4,38,31,9.9,8.1,.230,.319,.295,0.614,0.089,.241,.324,.275,.281,.304,.082,85.7,9.8,27.4,2.3,26.8,96.291650133,10.1,42.8,38.8,25.7,50.8,21.2,19.2
"Smith, Dominic",642086,L,2026,269,300,68,52,6,1,9,48,23,16,7.7,.253,.383,.311,0.694,0.130,.239,.378,.304,.301,.302,.138,87.8,13.3,34.4,5.8,32.6,97.752079911,21.5,48.3,36.1,26,40.5,29.1,24.7
"Feduccia, Hunter",676439,L,2026,217,251,48,35,9,1,3,60,28,23.9,11.2,.221,.313,.312,0.625,0.092,.237,.367,.286,.312,.327,.130,89.4,14.9,36.4,7.4,37.9,99.025957821,22.2,42,32.1,27.2,38.3,32.1,26.5
"Gonzalez, Jacob",694378,L,2026,209,227,46,30,9,0,7,44,12,19.4,5.3,.220,.364,.274,0.638,0.144,.247,.396,.282,.305,.300,.149,88,16.9,33.5,4.8,37.3,98.854108554,21.1,55.5,41.9,24,41.9,26.3,23.4
"Genao, Angel",694197,S,2026,127,139,27,21,4,0,2,21,11,15.1,7.9,.213,.291,.281,0.572,0.078,.239,.333,.261,.286,.305,.094,90.8,-2.2,19.8,4.7,51.9,100.531471698,23,44.3,37.7,17,69.8,12.3,15.1
"Schuemann, Max",680474,R,2026,72,87,14,6,6,0,2,21,12,24.1,13.8,.194,.361,.333,0.694,0.167,.203,.336,.317,.312,.340,.133,89.4,24.6,37.3,9.8,41.2,98.57101625,27.6,42.5,39.2,27.5,33.3,37.3,21.6
"Osuna, Alejandro",696030,L,2026,204,233,53,46,6,0,1,37,19,15.9,8.2,.260,.304,.349,0.653,0.044,.252,.309,.303,.301,.343,.057,86.8,5.5,33.9,0.6,29.2,97.972907439,17.5,48.4,26.2,35.7,49.4,14.9,28.6
"Horwitz, Spencer",687462,L,2026,385,451,94,69,14,1,10,73,54,16.2,12,.244,.364,.344,0.708,0.120,.226,.345,.319,.310,.332,.119,86.8,15.9,30.3,5.7,30.3,97.056959177,16.4,40.8,40.4,28.7,41,27.8,22.1
"Smith, Will",669257,R,2026,235,276,61,42,9,0,10,45,34,16.3,12.3,.260,.426,.355,0.781,0.166,.279,.502,.345,.389,.379,.224,89.1,20.1,43.3,12.4,41.2,99.794320103,16.7,41.6,29.9,27.3,27.3,40.2,27.3
"Jensen, Carter",695600,L,2026,527,603,126,62,35,2,27,170,65,28.2,10.8,.239,.467,.323,0.790,0.228,.217,.423,.341,.318,.304,.206,91.5,20.6,33,12.7,44.8,102.069247033,29.7,44.7,41.8,26.9,32.7,38.7,19.5
"Edwards, Xavier",669364,S,2026,518,595,145,116,17,6,6,83,68,13.9,11.4,.280,.371,.360,0.731,0.091,.258,.356,.325,.311,.337,.098,86.8,9.4,36.3,3.2,28.4,96.430260463,17.6,43.8,28.6,32.9,48.2,22.7,24.8
"Contreras, William",661388,R,2026,566,640,153,107,27,1,18,94,61,14.7,9.5,.270,.417,.341,0.758,0.147,.261,.441,.330,.334,.328,.181,90.3,13.2,33.3,8.5,44.1,101.24009195,20.7,47.2,36.4,23.3,40.5,25.6,25.2
"Carroll, Corbin",682998,L,2026,582,671,139,67,33,17,22,151,73,22.5,10.9,.239,.467,.328,0.795,0.228,.249,.446,.341,.341,.335,.196,91.7,15.6,30.3,12.2,47.6,101.887905392,27.2,45.6,42.4,22.8,40.5,29.2,21.2
"Rodriguez, Jesus",683679,R,2026,51,58,12,7,3,0,2,8,5,13.8,8.6,.235,.412,.316,0.728,0.177,.267,.355,.322,.315,.344,.088,86.5,9.3,34.1,2.3,29.5,96.343527619,24.5,52.6,36.4,27.3,54.5,25,18.2
"Henderson, Gunnar",683002,L,2026,623,702,140,83,27,6,24,156,67,22.2,9.5,.225,.403,.309,0.712,0.178,.246,.401,.313,.322,.326,.155,89.2,12.2,32.6,7.7,43.3,100.503316128,23.3,47.5,42.6,22,44.1,26,23.2
"Rodríguez, Johnathan",671286,R,2026,11,15,2,1,1,0,0,6,3,40,20,.182,.273,.333,0.606,0.091,.138,.235,.283,.297,.341,.097,90.6,14,66.7,0,50,100.21742,27.8,47.4,33.3,33.3,33.3,16.7,50
"Benintendi, Andrew",643217,L,2026,421,468,101,60,24,2,15,112,39,23.9,8.3,.240,.413,.302,0.715,0.173,.240,.398,.311,.307,.302,.158,89.3,17.3,36.4,8.6,45.1,99.117923462,28.3,51.8,50.6,14.9,36.1,32.3,25
"Shaw, Matt",807713,R,2026,173,202,41,24,9,3,5,35,21,17.3,10.4,.237,.410,.327,0.737,0.173,.231,.353,.325,.303,.322,.121,86.8,16.7,30.8,4.2,34.3,97.547695362,20.1,45.7,31.5,27.3,39.9,28.7,21.7
"Moncada, Yoán",660162,S,2026,111,130,21,16,1,1,3,45,17,34.6,13.1,.189,.297,.308,0.605,0.108,.169,.286,.281,.269,.293,.117,90.3,15.8,33.3,7.7,40.9,100.980665625,28.8,38.9,39.4,19.7,34.8,36.4,25.8
"Thomas, Colby",687515,R,2026,114,121,23,16,3,0,4,37,4,30.6,3.3,.202,.333,.235,0.568,0.131,.182,.357,.250,.248,.217,.174,89.1,20.9,30.4,8.9,34.2,99.091770769,34.3,60.6,35.4,21.5,32.9,34.2,20.3
"O'Neill, Tyler",641933,R,2026,231,260,49,31,8,0,10,72,27,27.7,10.4,.212,.377,.300,0.677,0.165,.214,.394,.302,.307,.301,.180,89.4,22.5,34,8.8,42.8,100.1054135,31.7,47.2,44,21.4,30.2,40.9,20.8
"Young, Cole",702284,L,2026,577,638,142,102,19,4,17,109,44,17.1,6.9,.246,.381,.312,0.693,0.135,.259,.390,.308,.316,.325,.131,88.3,13.6,33.1,5.1,37.5,99.048189106,19.6,48.1,41.7,22.7,42.8,26.3,22
"De La Cruz, Elly",682829,S,2026,559,636,158,93,30,5,30,175,72,27.5,11.3,.283,.515,.365,0.880,0.232,.281,.506,.380,.376,.364,.224,94.7,9.9,36.2,16.3,53.7,105.414008947,28.1,40.2,34.6,23.3,47.3,26.4,24.3
"Dubón, Mauricio",643289,R,2026,572,619,158,115,28,3,12,73,35,11.8,5.7,.276,.399,.321,0.720,0.123,.268,.375,.317,.304,.314,.108,86.5,16.1,36.5,4,29.4,96.554878032,15.3,53.7,31.2,30,40.3,25.8,25.8
"Hernández, Enrique",571771,R,2026,90,96,20,12,4,0,4,28,6,29.2,6.3,.222,.400,.271,0.671,0.178,.220,.367,.293,.279,.269,.147,89,10.9,27.4,8.1,40.3,99.942196452,25,52.6,27.4,27.4,43.5,22.6,25.8
"Clement, Ernie",676391,R,2026,590,621,153,110,33,1,9,58,22,9.3,3.5,.259,.364,.285,0.649,0.105,.240,.319,.284,.258,.268,.078,84.2,17.4,31.5,2,20.8,93.995982322,15.1,57.4,40.3,20.2,38.2,28.2,23.2
"Norby, Connor",681393,R,2026,329,383,80,50,23,0,7,108,40,28.2,10.4,.243,.377,.342,0.719,0.134,.220,.367,.323,.310,.323,.147,87.4,18.8,35.3,7.6,36.2,97.877602857,29,50.6,41.1,21.9,36.6,37.1,20.5
"Hinds, Rece",677956,R,2026,63,71,9,4,5,0,0,32,5,45.1,7,.143,.222,.211,0.433,0.079,.134,.174,.198,.184,.208,.040,88.2,19.8,27.3,0,36.4,100.54652625,45.2,54,27.3,36.4,39.4,24.2,27.3
"Stephenson, Tyler",663886,R,2026,411,468,99,62,22,0,15,128,49,27.4,10.5,.241,.404,.323,0.727,0.163,.235,.426,.320,.326,.318,.192,90.8,18,39.9,12.4,44.1,100.162882887,26.5,45,36.1,27.8,33.7,32.6,28.5
"Keys, Sean",815873,L,2026,61,67,12,8,2,0,2,23,3,34.3,4.5,.197,.328,.242,0.570,0.131,.212,.350,.247,.262,.258,.138,88.6,17,40,10,52.5,100.8986555,29.3,51.7,42.5,20,37.5,20,30
"Davidson, Bo",815589,L,2026,20,22,7,7,0,0,0,7,1,31.8,4.5,.350,.350,.364,0.714,0.000,.266,.324,.315,.266,.288,.057,85.2,6.4,28.6,0,42.9,99.722735714,31,53.8,14.3,21.4,57.1,21.4,21.4
"Gonzalez, Romy",663853,R,2026,65,73,12,7,3,1,1,21,5,28.8,6.8,.185,.308,.264,0.572,0.123,.231,.335,.258,.289,.306,.103,87.6,3.9,31.1,4.4,37.8,100.275229545,33.8,52.4,20,33.3,55.6,20,17.8
"Urías, Luis",649966,R,2026,52,59,13,7,3,0,3,10,6,16.9,10.2,.250,.481,.322,0.803,0.231,.237,.351,.345,.299,.314,.114,86.2,17.6,41.9,7,30.2,97.293847273,13,50,60.5,14,37.2,27.9,23.3
"Bericoto, Victor",682674,R,2026,112,116,27,17,5,0,5,32,4,27.6,3.4,.241,.420,.267,0.687,0.179,.230,.446,.297,.299,.256,.217,91.1,10,31.3,13.8,51.2,101.1710595,31.1,55.9,32.5,32.5,48.8,25,22.5
"DeLuca, Jonny",676356,R,2026,350,370,93,58,24,0,11,78,17,21.1,4.6,.266,.429,.300,0.729,0.163,.232,.325,.317,.261,.267,.093,85.8,13.9,28.7,3.6,30.2,97.922432463,24.9,52.9,44.7,24.7,43.3,21.5,21.1
"Taylor, Samad",669392,R,2026,152,175,48,40,4,2,2,45,18,25.7,10.3,.316,.408,.390,0.798,0.092,.256,.328,.356,.309,.341,.072,85.9,9,33.3,3.6,25.2,95.369150208,25.2,44.1,33.3,22.5,51.4,18,27
"Misner, Kameron",670224,L,2026,41,44,9,8,1,0,0,17,2,38.6,4.5,.220,.244,.256,0.500,0.024,.185,.242,.227,.209,.223,.056,81.8,23,28,0,20,94.464596667,36.7,53.3,40,20,28,40,20
"Valdez, Esmerlyn",699013,R,2026,241,287,56,24,14,1,17,108,42,37.6,14.6,.232,.510,.345,0.855,0.278,.200,.440,.368,.332,.319,.241,91.9,18,34.6,19.9,49.3,102.626347206,40.2,41.3,37.5,22.1,34.6,39.7,19.9
"Williamson, Ben",810938,R,2026,261,286,62,48,10,1,3,54,22,18.9,7.7,.238,.318,.302,0.620,0.080,.246,.325,.280,.286,.310,.078,87.3,2.6,30.8,1.9,33.2,97.971571667,17.6,42.9,27.4,33.7,56.3,13,26.4
"Kingery, Scott",664068,R,2026,4,4,1,1,0,0,0,0,0,0,0,.250,.250,.250,0.500,0.000,.166,.190,.223,.156,.166,.024,77.1,30.9,0,0,0,87.692375,12.5,53.3,50,25,25,50,0
"Pauley, Graham",688363,L,2026,142,154,30,16,9,1,4,37,8,24,5.2,.211,.373,.257,0.630,0.162,.194,.311,.274,.243,.240,.118,84.4,18.3,34.3,6.5,25.9,96.051487358,22.3,47.7,54.6,17.6,40.7,28.7,18.5
"Fry, David",681807,R,2026,184,214,37,23,6,0,8,59,28,27.6,13.1,.201,.364,.313,0.677,0.163,.181,.294,.304,.271,.293,.113,86.3,19.2,25.6,6.5,34.4,97.873392459,28.9,43.8,53.6,16.8,36.8,29.6,16.8
"Castellanos, Nick",592206,R,2026,115,122,22,13,5,0,4,34,5,27.9,4.1,.191,.339,.221,0.560,0.148,.244,.400,.239,.285,.265,.156,87.7,13,42.2,8.4,37.3,98.254014286,33.5,57,55.4,16.9,32.5,37.3,28.9
"Kennedy, Buddy",671083,R,2026,43,49,5,4,1,0,0,15,5,30.6,10.2,.116,.140,.224,0.364,0.024,.167,.264,.185,.249,.269,.097,84.4,28.1,28.6,10.7,32.1,96.505633571,27,46.1,39.3,25,25,28.6,17.9
"Seager, Corey",608369,L,2026,384,436,87,51,16,0,20,103,45,23.6,10.3,.227,.424,.312,0.736,0.197,.251,.484,.320,.350,.328,.233,91.7,12.4,35.6,14.8,48.9,102.113554366,32.9,52.6,44,21.5,44.4,30.6,21.5
