"last_name, first_name",player_id,pitch_hand,year,pa,k_percent,bb_percent,batting_avg,slg_percent,on_base_percent,on_base_plus_slg,xba,xslg,woba,xwoba,xobp,exit_velocity_avg,launch_angle_avg,sweet_spot_percent,barrel_batted_rate,hard_hit_percent,whiff_percent,swing_percent,pull_percent,opposite_percent,groundballs_percent,flyballs_percent,linedrives_percent
"Bellozo, Valente",678368,R,2026,48,16.7,14.6,.256,.641,.383,1.024,.316,.737,.420,.475,.408,91.3,20,43.8,15.6,50,29.5,45.9,43.8,25,28.1,40.6,21.9
"Maton, Phil",664208,R,2026,136,22.8,11.8,.306,.514,.407,0.921,.293,.487,.398,.389,.402,88.7,10,44,11.9,42.9,25.7,47.1,36.9,33.3,41.7,19,35.7
"Kremer, Dean",665152,R,2026,364,23.6,8,.224,.445,.287,0.732,.232,.426,.316,.313,.295,87.8,16.7,37.1,8.9,35.1,28.4,46.1,39.1,20.2,35.9,33.5,24.2
"Richards, Trevor",670950,R,2026,345,21.2,7.5,.224,.407,.282,0.689,.242,.421,.294,.313,.294,90.8,21.9,37.1,9,41.2,21.7,49.2,35.1,28.2,29.4,37.6,22.4
"Roa, Christian",685005,R,2026,43,14,16.3,.313,.500,.465,0.965,.297,.492,.424,.415,.454,91.8,23.8,44.4,7.4,63,24.7,45.5,40.7,29.6,33.3,25.9,25.9
"Cantillo, Joey",676282,L,2026,687,24.9,11.8,.244,.387,.339,0.726,.226,.360,.324,.308,.324,88.2,11.2,32.4,7.5,39.4,29.1,44.4,40.8,24.7,45,26.6,21.4
"VanWey, Logan",701121,R,2026,46,19.6,2.2,.256,.326,.267,0.593,.243,.337,.259,.255,.255,91,22.8,25,5.6,44.4,23.8,54.1,27.8,30.6,38.9,27.8,22.2
"Emanuel, Kent",592288,L,2026,23,17.4,13,.263,.474,.391,0.865,.206,.321,.379,.308,.344,91.4,19.7,33.3,6.7,40,20.9,44.8,40,26.7,33.3,20,33.3
"Manoah, Alek",666201,R,2026,39,12.8,20.5,.258,.516,.410,0.926,.228,.473,.402,.379,.386,87.1,15.2,34.6,11.5,34.6,19.7,37.9,50,19.2,34.6,30.8,23.1
"Mears, Nick",683232,R,2026,83,18.1,13.3,.257,.443,.354,0.797,.298,.506,.344,.382,.381,90.3,14.5,38.6,12.5,50.9,18.7,44,42.1,22.8,47.4,24.6,22.8
"Perdomo, Cesar",702885,L,2026,104,13.5,6.7,.284,.453,.327,0.780,.267,.427,.337,.324,.316,89.4,13.1,37.3,7.2,42.2,19.9,49.6,39.8,22.9,42.2,30.1,21.7
"Alcantara, Sandy",645261,R,2026,894,17.1,6.6,.248,.389,.305,0.694,.250,.376,.306,.301,.307,88.7,13.7,32.7,5.5,36.1,21.1,50.7,34.6,26.9,42.3,24.8,23.6
"Weissert, Greg",669711,R,2026,255,23.5,7.8,.240,.389,.307,0.696,.228,.363,.304,.293,.294,86.9,11.6,30.4,5.3,30.4,23.7,49.4,38.6,21.1,42.1,31.6,19.9
"Blewett, Scott",656240,R,2026,160,21.3,6.9,.276,.407,.321,0.728,.257,.361,.315,.301,.309,87.7,8.2,32.2,5.2,34.8,25.9,54.1,38.3,20,51.3,20,23.5
"Severino, Luis",622663,R,2026,271,24,11.4,.258,.432,.349,0.781,.231,.388,.346,.318,.326,88.8,11.6,34.1,8.7,38.7,23,47.6,36.4,22.5,45.1,26.6,23.7
"Voth, Austin",608723,R,2026,56,5.4,10.7,.396,.646,.446,1.092,.338,.557,.459,.402,.397,90.8,22.2,38.3,8.5,40.4,15.6,44.7,31.9,27.7,25.5,36.2,31.9
"Gallen, Zac",668678,R,2026,472,13.6,7.4,.298,.499,.355,0.854,.311,.529,.369,.384,.366,90.8,12.2,35.2,10.8,44.1,19,46.2,46.1,20.1,43.9,27.4,25.2
"King, Michael",650633,R,2026,757,21,9.2,.221,.346,.306,0.652,.240,.403,.295,.322,.325,87,14.1,33.7,8.2,32.7,24.5,46.5,39.7,22.4,45.1,26.5,20.8
"Gilbert, Tyler",656457,L,2026,32,12.5,12.5,.429,.821,.500,1.321,.343,.635,.552,.450,.425,95.1,11.7,41.7,12.5,62.5,20,44.8,54.2,16.7,37.5,33.3,29.2
"Gervase, Paul",801434,R,2026,34,23.5,14.7,.241,.241,.353,0.594,.238,.313,.286,.306,.350,89,14.7,19,4.8,42.9,28,40.3,38.1,14.3,47.6,28.6,14.3
"Clarke, Taylor",664199,R,2026,288,15.6,4.9,.223,.352,.269,0.621,.260,.436,.270,.322,.305,87.6,12.5,34.2,8.9,34.7,22.7,49.7,45.3,21.3,45.8,24.9,20.4
"Herget, Jimmy",623474,R,2026,237,19.8,11,.279,.493,.362,0.855,.237,.414,.366,.325,.324,88.3,17.6,32.3,9.9,37.3,24.8,47.4,39.1,21.1,34.8,30.4,25.5
"Sugano, Tomoyuki",608372,R,2026,656,14.6,5.5,.276,.523,.315,0.838,.303,.538,.356,.377,.342,91,15.5,37.4,11.7,43.2,19.6,47.4,39.3,21.3,37.8,31.3,26.3
"Murray, Jayden",681151,R,2026,79,17.7,11.4,.362,.594,.430,1.024,.273,.495,.438,.363,.352,91.4,20.9,41.1,14.3,42.9,27.7,48.7,44.6,32.1,26.8,42.9,28.6
"Gómez, Yoendrys",672782,R,2026,297,21.9,13.1,.229,.375,.338,0.713,.259,.441,.317,.355,.361,88.7,21.8,41.6,8.4,43.7,26.2,47,37.9,28.4,27.4,32.1,26.8
"Bratt, Mitch",683352,L,2026,194,15.5,13.9,.244,.415,.354,0.769,.227,.356,.341,.312,.336,87,25.3,30.9,6.6,33.8,14.9,47.2,39,25,28.7,31.6,22.1
"Javier, Cristian",664299,R,2026,276,21.4,10.1,.261,.433,.341,0.774,.254,.421,.340,.333,.336,89.3,23.3,40.1,9.1,33.7,29,51.3,42.8,24.6,24.6,41.2,25.7
"Go, Woo-Suk",808970,R,2026,22,22.7,9.1,.400,.850,.455,1.305,.280,.559,.543,.386,.345,94.9,9.8,26.7,20,53.3,25,51.2,73.3,6.7,46.7,26.7,26.7
"Keller, Mitch",656605,R,2026,503,17.7,8.3,.259,.426,.332,0.758,.288,.455,.334,.355,.358,89.5,13.9,38.7,7.4,42.3,20.5,47.4,34.1,27.2,37.9,25.8,29.9
"Heuer, Codi",676051,R,2026,46,13,10.9,.308,.410,.391,0.801,.269,.382,.355,.335,.361,92.6,12.9,20.6,2.9,52.9,25.3,43.9,35.3,32.4,41.2,32.4,23.5
"Weathers, Ryan",677960,L,2026,568,25.2,6.7,.249,.394,.302,0.696,.255,.424,.306,.319,.309,89.2,9.1,32,8.6,40.6,27,44.8,38.8,20.6,49.5,21.4,24.5
"Young, Danny",664849,L,2026,65,23.1,20,.313,.563,.484,1.047,.240,.468,.449,.391,.412,96,7.5,32.4,17.6,61.8,24.7,33.6,23.5,20.6,47.1,26.5,23.5
"Walker, Ryan",676254,R,2026,155,14.8,12.3,.310,.473,.397,0.870,.254,.393,.375,.323,.338,86.5,8.4,31.3,6.3,34.8,14.9,42.9,25,31.3,46.4,24.1,24.1
"Hoffman, Jeff",656546,R,2026,292,34.9,10.3,.228,.348,.323,0.671,.199,.307,.296,.283,.296,88.5,10.8,35.9,8.6,36.6,38,49.7,36.6,26.1,44.4,22.2,24.8
"Castro, Kervin",665645,R,2026,23,34.8,8.7,.143,.190,.217,0.407,.195,.245,.193,.235,.265,92.5,5.2,46.2,0,30.8,25,51.1,46.2,15.4,61.5,15.4,15.4
"Ferguson, Tyler",621053,R,2026,78,26.9,5.1,.211,.507,.282,0.789,.223,.456,.338,.324,.293,91.3,18,36,16,46,28.5,49.1,40,18,34,42,20
"Romero, JoJo",668941,L,2026,238,22.7,7.6,.238,.383,.309,0.692,.256,.418,.305,.323,.320,90.2,8.2,34,7.5,38.9,22.1,41.8,42,18.5,51.2,21,22.8
"Henriquez, Edgardo",683618,R,2026,242,29.3,10.3,.177,.239,.283,0.522,.170,.237,.248,.244,.278,84.1,15.4,24.3,2.9,27.1,30.3,49.1,42.1,25.7,43.6,23.6,19.3
"Hancock, Emerson",676106,R,2026,566,22.3,5.7,.240,.399,.292,0.691,.242,.410,.302,.308,.294,89.7,13.5,30.9,8.8,41.6,23.7,51.9,36.2,24.7,43.9,28.9,20
"Loáisiga, Jonathan",642528,R,2026,261,18.4,5,.231,.322,.270,0.592,.237,.335,.257,.269,.270,85.2,5,28.1,3.5,31.7,23.1,52.6,37.7,21.1,55.8,17.6,22.1
"Messick, Parker",800048,L,2026,747,25.8,6.6,.217,.352,.272,0.624,.225,.340,.274,.275,.278,87.6,14.5,30.7,5,34.3,25.5,48.6,36.7,27.3,45.1,21.8,22.2
"Simpson, Jared",688692,L,2026,20,20,35,.077,.077,.400,0.477,.291,.366,.289,.431,.539,91.1,11.1,66.7,0,22.2,16.1,33.3,33.3,22.2,22.2,22.2,55.6
"Morris, Kade",695034,R,2026,89,11.2,7.9,.390,.649,.449,1.098,.289,.417,.465,.359,.373,88.6,9,30.4,5.8,44.9,18.2,49.4,44.9,30.4,52.2,20.3,23.2
"Hoffman, Nolan",676510,R,2026,67,17.9,9,.309,.364,.394,0.758,.296,.371,.343,.343,.387,83.9,8.6,30.4,0,34.8,23.3,45,30.4,32.6,47.8,10.9,34.8
"Jump, Gage",695611,L,2026,437,24.7,10.5,.272,.429,.352,0.781,.262,.402,.343,.329,.341,89.6,15.5,40.5,6.8,39.8,25.2,48.3,40.1,20.8,39.1,26.2,28.3
"Frasso, Nick",693308,R,2026,99,22.2,7.1,.284,.466,.347,0.813,.251,.399,.354,.321,.322,90.4,14.3,36.8,4.4,35.3,24.2,48.7,33.8,30.9,35.3,32.4,30.9
"Vest, Will",676684,R,2026,116,23.3,8.6,.275,.382,.348,0.730,.244,.365,.326,.307,.322,89,2.8,22.1,5.3,35.1,27.5,48.1,39,33.8,62.3,19.5,16.9
"Lodolo, Nick",666157,L,2026,486,17.1,9.5,.279,.498,.368,0.866,.297,.484,.374,.380,.387,89.9,12,37.6,9,40.3,21.5,45.1,32.9,23.5,41.8,25.6,28.2
"Lazar, Max",676661,R,2026,45,17.8,6.7,.286,.524,.333,0.857,.212,.390,.369,.286,.266,90.5,3.1,23.5,9.1,35.3,20.8,49.4,35.3,20.6,55.9,26.5,17.6
"Fedde, Erick",607200,R,2026,606,16.3,8.6,.256,.427,.323,0.750,.258,.442,.327,.334,.324,88.7,15.7,36.5,8.3,40.5,18.2,42.4,40.1,24.5,37.9,29.8,24.9
"Davitt, Duncan",701474,R,2026,37,13.5,10.8,.303,.667,.378,1.045,.332,.561,.433,.407,.388,90.2,10.5,46.4,14.3,53.6,20.7,47.9,50,25,42.9,28.6,25
"Megill, Trevor",656730,R,2026,242,28.5,6.2,.181,.235,.233,0.468,.201,.333,.208,.252,.242,90.5,18.8,28.7,6.4,42,30.5,54,31.2,31.2,35,31.2,23.6
"Thornton, Zac",804267,L,2026,337,18.7,5.3,.248,.420,.295,0.715,.261,.444,.312,.325,.306,89,15.7,36,9.5,41.1,17.8,52.2,38.7,20.6,38.3,30.8,24.5
"Okert, Steven",595345,L,2026,261,26.1,5.4,.190,.325,.244,0.569,.210,.361,.251,.274,.263,87.6,26.7,33.7,6.9,35.4,30.9,50,39.4,22.9,28,35.4,20.6
"Black, Mason",696131,R,2026,142,13.4,14.1,.252,.429,.366,0.795,.284,.482,.353,.387,.398,91.3,17.3,38.6,9.9,46.5,18.5,41.7,30.7,29.7,33.7,30.7,27.7
"Smith-Shawver, AJ",700363,R,2026,144,18.8,11.1,.256,.472,.347,0.819,.241,.423,.357,.335,.336,88.4,16.5,32.3,9.1,37.4,23.3,50.1,39.4,18.2,40.4,25.3,22.2
"Wacha, Michael",608379,R,2026,812,19.5,6.7,.226,.416,.283,0.699,.242,.409,.303,.308,.298,88.3,18.5,34.9,7.1,36.9,21.6,49,39.3,22.9,36.4,29.5,24.3
"Bradish, Kyle",680694,R,2026,669,21.2,10.5,.264,.433,.342,0.775,.245,.403,.340,.324,.327,88.4,10.8,33.3,8.5,38.8,23.6,45.6,33.9,27.3,46,24.2,22.7
"Maxwell, Zach",687209,R,2026,67,17.9,14.9,.321,.518,.418,0.936,.274,.452,.406,.366,.383,91.3,22.3,37.8,11.4,39.5,16.4,43.7,26.7,31.1,26.7,31.1,28.9
"Krook, Matt",640454,L,2026,46,19.6,21.7,.265,.500,.457,0.957,.293,.448,.423,.411,.466,87.5,9.8,44,4,36,25.7,41.3,48,12,48,12,32
"Hanner, Bradley",690440,R,2026,34,20.6,2.9,.333,.818,.353,1.171,.281,.550,.487,.361,.302,93.7,25.3,38.5,15.4,57.7,15.9,49.2,46.2,26.9,30.8,30.8,26.9
"Castellano, Eiberson",682769,R,2026,12,16.7,0,.364,.455,.417,0.872,.354,.445,.388,.376,.408,92.6,0.3,44.4,0,44.4,31.6,54.3,66.7,0,55.6,0,44.4
"Silseth, Chase",681217,R,2026,271,27.3,12.9,.242,.379,.353,0.732,.221,.368,.324,.311,.325,87.3,14.2,39.5,9.6,32.5,32.8,47.3,33.1,31.8,38.9,31.2,26.1
"Strzelecki, Peter",657265,R,2026,61,13.1,9.8,.250,.385,.344,0.729,.201,.318,.326,.294,.311,91,16.8,20,4.4,37.8,17,42.2,42.2,22.2,40,37.8,15.6
"Duarte, Daniel",650960,R,2026,112,26.8,6.3,.163,.269,.223,0.492,.206,.332,.223,.263,.263,83.2,20.3,36.5,6.8,24.3,22.5,52.7,35.1,35.1,31.1,31.1,25.7
"Baker, Bryan",641329,R,2026,244,25.8,9,.161,.266,.243,0.509,.205,.319,.231,.272,.282,87,17.4,33.1,7,35.7,27.2,52.6,43.9,27.4,40.1,26.8,22.9
"Soriano, George",666277,R,2026,290,22.8,12.1,.231,.405,.330,0.735,.231,.400,.323,.327,.331,90.5,13.4,28,9.1,39.5,29,48,45.2,19.4,45.2,25.3,21
"Seelinger, Matt",676910,R,2026,15,13.3,26.7,.455,1.000,.600,1.600,.226,.495,.634,.409,.432,91.1,16.1,33.3,22.2,44.4,29.2,46.2,33.3,11.1,33.3,44.4,22.2
"Burke, Brock",656271,L,2026,314,23.6,12.7,.202,.318,.314,0.632,.216,.338,.282,.295,.315,88,17.4,33.2,7.9,32.7,28.7,45.8,31.6,24.5,39.8,31.1,21.9
"Foster, Cameron",671382,R,2026,49,18.4,16.3,.415,.537,.510,1.047,.254,.358,.462,.336,.379,87,16.1,28.1,6.5,28.1,27.9,45.5,37.5,25,50,6.3,21.9
"Alexander, Jason",669920,R,2026,84,16.7,9.5,.280,.560,.357,0.917,.257,.415,.391,.332,.338,87.1,12.9,31.1,10,37.7,20.3,44.5,52.5,18,44.3,27.9,21.3
"Paez, Jedixson",699151,R,2026,57,14,8.8,.340,.640,.386,1.026,.330,.628,.428,.418,.377,90.9,11.4,34.1,15.9,47.7,21.7,50.2,47.7,18.2,45.5,36.4,13.6
"Finnegan, Kyle",640448,R,2026,270,17.4,12.6,.289,.470,.381,0.851,.272,.461,.374,.362,.366,90.1,10.6,32.4,9.6,44.7,25.2,47.5,40.4,20.7,46.3,25,23.4
"García, Luis",472610,R,2026,74,8.1,8.1,.348,.545,.411,0.956,.329,.522,.415,.397,.396,88.4,17.6,34.4,5.2,44.3,20.9,52.5,31.1,29.5,39.3,26.2,27.9
"Morales, Luis",806960,R,2026,90,14.4,15.6,.365,.730,.467,1.197,.303,.522,.499,.407,.416,88.5,14.5,38.7,11.3,40.3,18.5,43.6,46.8,17.7,38.7,21,27.4
"Pearson, Nate",663878,R,2026,200,20.5,13,.222,.311,.345,0.656,.222,.357,.306,.321,.347,87.7,13.1,33.1,7.1,35.4,23,44.6,44.1,23.6,45.7,26.8,20.5
"Rodríguez, Yariel",684320,R,2026,45,13.3,15.6,.324,.514,.444,0.958,.295,.495,.422,.402,.421,87.2,16.1,38.7,12.9,32.3,15.7,40.7,38.7,32.3,38.7,22.6,29
"Boyle, Joe",671212,R,2026,81,25.9,11.1,.186,.314,.275,0.589,.234,.361,.262,.307,.321,86.5,19,39.2,4,39.2,24.2,45.2,33.3,23.5,41.2,21.6,19.6
"Walker, Taijuan",592836,R,2026,115,14.8,9.6,.353,.657,.417,1.074,.312,.582,.455,.411,.383,87.5,13.4,37.2,12.9,36,16.8,45,24.4,27.9,39.5,33.7,22.1
"Nelson, Ryne",669194,R,2026,374,17.6,6.4,.251,.468,.308,0.776,.262,.496,.335,.349,.317,90.6,18.3,34.5,10.1,43.9,21.3,53.9,34.2,27.7,33.8,36.3,22.3
"Corniell, Jose",692030,R,2026,28,14.3,14.3,.478,1.043,.556,1.599,.273,.487,.645,.365,.357,91.5,25.6,35,10,45,26.9,50,45,20,20,40,30
"Legumina, Casey",668984,R,2026,305,18,6.2,.270,.415,.330,0.745,.263,.404,.322,.316,.317,87.4,11.9,35.9,6.3,38.8,20.8,52,36.3,28.3,41.7,28.7,24.7
"Rivera, Eduardo",700842,L,2026,44,22.7,13.6,.211,.342,.318,0.660,.205,.341,.300,.296,.313,91.8,12.7,32.1,3.6,42.9,25,45.7,46.4,17.9,50,21.4,17.9
"Muñoz, Rolddy",691548,R,2026,12,25,8.3,.455,.727,.500,1.227,.312,.636,.526,.426,.369,94.2,-5.9,25,25,62.5,33.3,42.9,37.5,25,75,25,0
"Koenig, Jared",657649,L,2026,41,17.1,17.1,.364,.576,.488,1.064,.246,.416,.443,.337,.345,92.8,10.1,26.9,7.7,46.2,20.6,42.2,46.2,19.2,50,23.1,23.1
"Singer, Brady",663903,R,2026,725,17.4,8.6,.295,.497,.368,0.865,.284,.481,.376,.368,.361,91.1,13.8,37.5,10.8,43.5,23.9,44,38.5,23,42,26.8,27.4
"Hagenman, Justin",663795,R,2026,33,12.1,6.1,.258,.452,.303,0.755,.278,.560,.328,.375,.321,90.7,22.3,37,14.8,37,12.3,49.2,40.7,11.1,29.6,37,22.2
"Bautista, Félix",642585,R,2026,10,30,10,.444,.889,.500,1.389,.310,.491,.579,.376,.379,96.2,14.2,66.7,16.7,66.7,52.4,56.8,66.7,0,16.7,16.7,66.7
"Houck, Tanner",656557,R,2026,13,7.7,0,.308,.769,.308,1.077,.368,.739,.452,.468,.368,86.3,4.8,33.3,16.7,50,4.2,48,41.7,16.7,58.3,25,8.3
"Medina, Luis",665622,R,2026,317,29.3,12.3,.236,.363,.337,0.700,.217,.358,.311,.303,.316,90,12.4,37,7.9,38.7,32.4,43.5,38.7,23.8,39.2,31.5,23.8
"Granillo, Andre",701552,R,2026,50,6,16,.333,.538,.449,0.987,.295,.440,.427,.394,.426,91,21.3,36.8,13.2,39.5,9.5,37.4,42.1,15.8,34.2,36.8,23.7
"Gibson, Cade",806188,L,2026,221,19.9,9.5,.261,.367,.347,0.714,.232,.309,.319,.288,.321,85.9,7.6,30,3.3,36,22.1,44.4,33.3,24.7,52,20,22.7
"Fernandez, Ryan",681676,R,2026,100,28,11,.216,.364,.300,0.664,.218,.347,.295,.291,.303,87.1,7.5,41,6.6,39.3,33.5,48.6,39.3,23,41,27.9,26.2
"Barnett, Mason",686930,R,2026,229,21.8,13.1,.270,.526,.371,0.897,.246,.431,.386,.343,.348,89.9,18.3,34.7,8.8,40.1,22.3,43.3,32,29.3,34,33.3,25.2
"Schreiber, John",670167,R,2026,246,16.3,10.6,.227,.380,.310,0.690,.245,.386,.300,.309,.315,88.7,10.4,33.5,5.1,38,20.9,44.6,40.8,25.1,46.9,23.5,24.6
"Cerantola, Eric",672021,R,2026,28,25,39.3,.235,.588,.536,1.124,.181,.315,.484,.402,.503,89.6,9,20,20,60,40.5,30.3,80,0,50,30,20
"Scholtens, Jesse",669947,R,2026,209,17.7,7.2,.261,.516,.321,0.837,.274,.468,.355,.346,.331,87.8,17.6,36.4,10.4,36.4,20.1,50.3,43.5,22.1,39,27.3,23.4
"Sims, Lucas",608371,R,2026,46,21.7,15.2,.257,.400,.386,0.786,.220,.356,.353,.330,.363,86.8,12.3,28.6,7.1,39.3,21.6,43.3,53.6,14.3,42.9,25,21.4
"Gonzalez, Domingo",682445,R,2026,36,13.9,13.9,.300,.467,.400,0.867,.355,.618,.383,.453,.448,92.9,19,48,12,52,19.7,47.3,48,8,24,32,36
"Orze, Eric",679358,R,2026,189,19,11.1,.264,.377,.348,0.725,.253,.367,.318,.313,.335,86.3,12.8,36.2,7,29.2,21.8,43.4,43.8,18.5,43.8,19.2,27.7
"Franco, Jose",683742,R,2026,92,16.3,16.3,.250,.461,.370,0.831,.236,.392,.363,.347,.367,88,19.7,30.6,10,33.9,20.6,44.5,41.9,29,33.9,33.9,22.6
"Hernández, Carlos",672578,R,2026,14,28.6,7.1,.385,.692,.429,1.121,.437,.769,.477,.525,.477,92.4,10,66.7,22.2,55.6,23.1,51,44.4,22.2,22.2,11.1,66.7
"Aldegheri, Sam",691951,L,2026,151,14.6,11.3,.238,.400,.325,0.725,.271,.450,.319,.355,.357,86.8,20.7,35.1,9,35.1,20.4,45.7,42.3,21.6,37.8,31.5,20.7
"Schultz, Noah",702273,L,2026,324,20.7,9.6,.244,.419,.338,0.757,.269,.455,.335,.358,.360,89.3,16.5,38.7,9.7,41.9,21,45.2,37.3,27.2,36.9,27.6,26.7
"Yesavage, Trey",702056,R,2026,401,24.2,11.7,.186,.352,.284,0.636,.198,.333,.284,.284,.296,88.3,21.2,36.5,6.7,34.1,30.2,47.3,38.4,25.1,34.9,29.4,24.7
"Santa, Alimber",695001,R,2026,59,15.3,10.2,.160,.240,.237,0.477,.207,.272,.218,.267,.290,83.8,9.9,29.5,2.3,34.1,18.5,45.4,43.2,20.5,52.3,27.3,18.2
"Kriske, Brooks",621139,R,2026,10,20,0,.200,.200,.200,0.400,.249,.319,.178,.244,.249,88.1,37.3,25,12.5,37.5,22.2,47.4,62.5,0,25,0,25
"Nardi, Andrew",677053,L,2026,99,27.3,11.1,.244,.442,.337,0.779,.241,.465,.343,.348,.334,89.6,12.4,31.7,13.3,45,30.4,47.9,36.7,30,43.3,31.7,21.7
"Ramírez, Yohan",670990,R,2026,362,28.2,12.2,.188,.280,.318,0.598,.207,.286,.272,.282,.317,84.7,9.2,32.2,4.5,30.7,27.9,44.2,42.6,19.3,50,18.3,24.8
"Kuhnel, Joel",669270,R,2026,202,13.9,8.9,.277,.446,.351,0.797,.295,.449,.348,.362,.369,88.9,9,33.6,6.7,39.5,22.8,45.7,46.7,16.4,50.7,17.8,25
"Morillo, Juan",666661,R,2026,264,28,8.7,.194,.280,.278,0.558,.179,.258,.254,.243,.265,86,9.7,26.5,3.1,32.1,29.4,49.4,36.4,27.2,51.9,20.4,19.8
"Díaz, Yilber",700270,R,2026,34,17.6,14.7,.414,.793,.500,1.293,.362,.666,.539,.475,.456,91.7,23.3,47.8,13,43.5,22.2,43.2,52.2,13,21.7,39.1,30.4
"Hentges, Sam",656529,L,2026,173,23.7,14.5,.246,.296,.370,0.666,.222,.305,.308,.301,.340,87.7,13.4,29.1,3.9,30.1,27.2,42.8,30.1,34,47.6,23.3,22.3
"Webb, Logan",657277,R,2026,668,20.1,6.1,.240,.356,.299,0.655,.259,.386,.292,.311,.317,88.3,7.4,31,5.8,38.9,21.5,47.6,40.3,24.9,51.8,20.6,23.1
"Sánchez, Cristopher",650911,L,2026,857,27,5.3,.255,.370,.299,0.669,.237,.366,.296,.285,.282,89.4,3.2,31.9,7.5,42,31.3,50.5,40.4,21.6,58,16.9,21.6
"Pagés, Pedro",686780,R,2026,7,0,0,.286,.714,.286,1.000,.407,.991,.420,.584,.407,95.2,19,28.6,28.6,42.9,0,62.5,42.9,0,42.9,57.1,0
"Zuñiga, Guillo",670871,R,2026,4,25,25,.000,.000,.250,0.250,.019,.019,.175,.187,.264,59.9,51.8,0,0,0,25,44.4,0,50,0,50,0
"Sandoval, Patrick",663776,L,2026,321,22.7,10,.305,.440,.375,0.815,.270,.423,.359,.336,.344,87.5,14.3,34.1,6.5,34.6,25.3,47.7,36.9,25.7,38.8,26.6,25.2
"Hurter, Brant",676428,L,2026,143,16.8,10.5,.194,.258,.282,0.540,.240,.322,.247,.296,.325,86,3.1,28.2,3,32,20.8,43.6,39.8,17.5,59.2,13.6,23.3
"King, Bryan",687911,L,2026,278,18.3,8.3,.282,.441,.355,0.796,.252,.372,.348,.311,.325,86.9,7.1,32.3,5.1,35.9,18.3,49.8,38.9,28.3,50,16.7,26.8
"Pivetta, Nick",601713,R,2026,140,30,5.7,.206,.298,.257,0.555,.216,.366,.249,.277,.266,89.6,21.2,34.8,10.1,38.2,22.8,47.8,38.2,28.1,32.6,34.8,22.5
"Snelling, Robby",702281,L,2026,22,9.1,18.2,.278,.500,.409,0.909,.261,.445,.399,.371,.395,88.5,7.6,37.5,6.3,43.8,28.6,48.8,62.5,12.5,50,12.5,31.3
"Teodo, Emiliano",693713,R,2026,10,10,20,.375,.500,.500,1.000,.287,.413,.444,.380,.430,91.5,16.4,28.6,0,42.9,20,46.5,28.6,14.3,42.9,14.3,28.6
"Hoppe, Alex",695380,R,2026,192,24.5,10.4,.247,.367,.335,0.702,.253,.350,.311,.309,.335,88.2,3.6,33.6,4.1,39.3,25.9,46.4,45.1,18.9,46.7,18,31.1
"Stallings, Garrett",668831,R,2026,51,33.3,9.8,.087,.109,.176,0.285,.119,.135,.146,.169,.205,86.7,26.8,17.2,0,17.2,33,46.9,37.9,37.9,34.5,44.8,10.3
"De los Santos, Yerry",660787,R,2026,94,18.1,8.5,.238,.393,.304,0.697,.272,.437,.304,.334,.328,90.9,13.1,30.4,7.2,43.5,16,47.2,36.2,17.4,46.4,23.2,18.8
"Allen, Logan",671106,L,2026,81,19.8,7.4,.319,.500,.383,0.883,.242,.400,.384,.315,.316,90.9,12.5,22.8,8.9,47.4,19.7,48.3,47.4,19.3,49.1,36.8,12.3
"Jobe, Jackson",695549,R,2026,193,26.4,8.3,.222,.409,.301,0.710,.225,.375,.311,.302,.304,88.8,11.4,30.3,9.1,37.7,25.3,47.6,44.3,22.1,47.5,27,20.5
"Gray, Josiah",680686,R,2026,15,13.3,6.7,.214,.286,.267,0.553,.207,.260,.249,.237,.260,87.8,18.2,25,0,25,23.1,44.8,41.7,33.3,41.7,33.3,16.7
"Civale, Aaron",650644,R,2026,493,18.5,7.1,.279,.473,.337,0.810,.254,.417,.350,.320,.313,88.5,19,37.4,8,40.2,20.7,46.2,45.4,20.8,31.6,30.7,27.7
"Soto, Gregory",642397,L,2026,285,27.7,10.2,.199,.325,.301,0.626,.196,.291,.283,.270,.294,86.1,13.4,30.2,4.1,33.1,27.3,43.2,39.1,26.6,46.2,23.7,18.9
"Leasure, Jordan",673929,R,2026,78,23.1,10.3,.217,.507,.295,0.802,.269,.624,.337,.406,.337,92.4,26.9,44.2,25,44.2,26.5,51.8,40.4,19.2,23.1,50,17.3
"Devenski, Chris",606965,R,2026,38,13.2,2.6,.389,.667,.421,1.088,.282,.451,.467,.334,.320,92.9,12.5,38.7,9.7,54.8,17.6,50.7,38.7,12.9,41.9,19.4,25.8
"Santos, Gregory",666619,R,2026,22,4.5,13.6,.263,.474,.364,0.838,.327,.428,.363,.376,.418,91.6,1.7,38.9,0,55.6,8.1,43,38.9,22.2,50,16.7,27.8
"Mayza, Tim",641835,L,2026,271,23.6,6.6,.233,.378,.286,0.664,.233,.377,.289,.288,.281,89.3,8.2,33,6.4,45.2,22.2,45.3,28.7,26.1,49.5,21.8,25
"Soriano, José",667755,R,2026,745,22.7,9.8,.235,.347,.319,0.666,.249,.392,.301,.323,.332,88.5,5.3,30.4,7.5,37.4,28.6,46.8,41.1,19.2,53.8,20.6,22.3
"Ross, Joe",605452,R,2026,57,12.3,10.5,.314,.549,.386,0.935,.307,.524,.404,.391,.380,86.2,15.5,31.8,11.4,36.4,30,53.7,50,18.2,43.2,20.5,20.5
"Garcia, Rico",670329,R,2026,265,25.7,8.3,.180,.335,.255,0.590,.204,.327,.258,.265,.268,86.9,17.9,24.9,5.2,34.1,31.9,49,39.3,29.5,42.2,25.4,19.7
"Garcia, Brandyn",805299,L,2026,192,31.3,5.7,.156,.231,.236,0.467,.164,.250,.216,.225,.239,87,1.3,21.9,5.3,29.8,26.9,43.8,39.5,28.1,58.8,18.4,14.9
"Casparius, Ben",676508,R,2026,23,17.4,17.4,.316,.474,.435,0.909,.281,.467,.404,.385,.406,88.8,20,40,13.3,26.7,35,40.4,46.7,33.3,26.7,53.3,20
"Burnes, Corbin",669203,R,2026,47,17,8.5,.286,.738,.340,1.078,.271,.596,.441,.389,.331,91,25.2,51.4,17.1,40,28.4,48,42.9,28.6,17.1,45.7,28.6
"Povich, Cade",700249,L,2026,160,17.5,9.4,.278,.444,.350,0.794,.254,.426,.350,.331,.329,90,16.1,25,6.9,39.7,22.6,46.3,36.2,28.4,44,29.3,18.1
"Blalock, Bradley",687134,R,2026,48,25,8.3,.250,.545,.313,0.858,.244,.484,.367,.340,.307,90.8,9.5,28.1,12.5,40.6,20.2,52,46.9,15.6,50,34.4,12.5
"Bruihl, Justin",677865,L,2026,346,15.3,8.1,.253,.355,.335,0.690,.258,.382,.308,.324,.340,86.9,9.4,30.8,5.9,34.8,17.8,45.7,36.4,26.5,51.8,19.4,22.5
"Wolfram, Grant",664991,L,2026,226,27,7.1,.262,.396,.327,0.723,.231,.353,.318,.289,.296,88.8,13.7,31,6.3,36.6,25.2,48.8,33.8,27.6,46.2,26.9,20.7
"Martin, Trevor",694680,R,2026,73,12.3,9.6,.313,.563,.397,0.960,.258,.472,.415,.359,.350,87.9,5.1,34.5,9.1,41.8,20.9,48.7,30.9,16.4,49.1,32.7,16.4
"Varland, Louis",686973,R,2026,307,31.6,7.5,.196,.246,.255,0.501,.204,.269,.228,.239,.260,87.6,4.1,26.2,3.7,36.9,29.4,52,25.7,28.3,55.6,18.2,21.9
"Avila, Luinder",679883,R,2026,309,19.7,13.6,.272,.425,.375,0.800,.251,.396,.355,.339,.360,88,11.3,32.8,5.9,35.3,23.9,42.4,40.7,23,47.5,25.5,22.1
"Scott, Tanner",656945,L,2026,251,32.7,6,.207,.323,.257,0.580,.234,.346,.250,.270,.271,88.5,15.9,35.9,6.5,34.6,35.5,56.4,35.3,35.9,39.9,28.8,23.5
"Festa, Matt",670036,R,2026,289,23.9,7.3,.255,.402,.322,0.724,.235,.384,.319,.305,.306,87.8,19.6,38.9,7.8,38.3,27.6,48.3,38.3,27.5,37.3,25.4,24.4
"Matsui, Yuki",673513,L,2026,260,26.2,13.8,.171,.304,.288,0.592,.170,.300,.267,.270,.283,86.8,24.6,26.6,7.2,30.5,33.1,47.2,39.6,26,36.4,27.9,16.9
"Straw, Myles",664702,R,2026,20,0,5,.421,.579,.450,1.029,.319,.485,.449,.365,.353,83.2,8.6,26.3,5.3,26.3,8,46.3,52.6,31.6,52.6,15.8,21.1
"Juenger, Hayden",696522,R,2026,81,7.4,9.9,.358,.478,.418,0.896,.313,.473,.387,.371,.382,88.7,21.3,43.1,7.7,35.4,14.8,46.2,35.4,26.2,29.2,26.2,33.8
"Eflin, Zach",621107,R,2026,17,41.2,11.8,.267,.533,.353,0.886,.202,.404,.382,.307,.296,99.1,8.7,12.5,25,75,35.3,45.9,75,0,62.5,25,12.5
"Warren, Will",701542,R,2026,677,23.3,8,.261,.434,.322,0.756,.257,.407,.329,.320,.320,90.9,12.2,33.1,7.2,44,22.7,44.1,39.7,24.4,45.5,22.9,25.1
"Dobbins, Hunter",690928,R,2026,231,22.5,10.4,.240,.397,.326,0.723,.233,.366,.322,.306,.320,88.4,12.1,35.9,7.2,39.2,23.1,44.5,45.1,20.9,43.8,26.8,24.8
"Romano, Jordan",605447,R,2026,153,25.5,12.4,.221,.374,.320,0.694,.216,.332,.307,.294,.315,87.2,17.9,35.1,5.3,34,28.2,45.3,42.6,23.4,31.9,26.6,28.7
"Jansen, Kenley",445276,R,2026,180,28.3,12.8,.156,.305,.267,0.572,.194,.363,.259,.293,.295,89.2,28,32.4,9.5,38.1,26.6,48.8,35.2,30.5,24.8,39,20
"Rangel, Alan",660604,R,2026,123,23.6,10.6,.290,.495,.374,0.869,.249,.370,.378,.317,.339,88.1,21.8,29.1,5.1,30.4,24.4,50.1,57,16.5,32.9,29.1,24.1
"Freeland, Kyle",607536,L,2026,613,17.6,4.7,.308,.556,.347,0.903,.290,.496,.386,.356,.331,90.7,14.5,35,11.1,43.5,22.2,51.1,42.6,19.2,40.5,28.4,26.4
"Blach, Ty",621389,L,2026,9,22.2,0,.111,.111,.111,0.222,.292,.338,.099,.269,.292,93.9,1.7,28.6,0,57.1,28.6,46.7,14.3,28.6,71.4,0,28.6
"Halvorsen, Seth",678020,R,2026,141,16.3,12.1,.270,.484,.369,0.853,.295,.475,.368,.375,.381,90.2,11.5,34.3,7.1,39.4,21,48.3,40.4,28.3,44.4,21.2,28.3
"Kent, Jackson",800600,L,2026,170,17.6,14.7,.276,.400,.382,0.782,.274,.409,.352,.353,.380,87.7,9.8,35.7,6.1,40,23.8,45.3,43.5,20.9,49.6,20,25.2
"Lee, Chase",695445,R,2026,42,11.9,19,.242,.515,.390,0.905,.227,.331,.379,.312,.346,87.1,10.1,24.1,10.3,34.5,21.4,38.4,37.9,20.7,48.3,31,13.8
"Law, Derek",571882,R,2026,34,14.7,5.9,.267,.333,.324,0.657,.317,.462,.294,.364,.372,89.2,4,46.2,3.8,42.3,20.6,43.9,57.7,15.4,46.2,19.2,34.6
"Gonsolin, Tony",664062,R,2026,15,33.3,20,.333,.667,.467,1.134,.206,.463,.479,.365,.365,78.9,-14.8,28.6,14.3,28.6,27.3,34.9,28.6,42.9,57.1,14.3,14.3
"Davila, Nick",689546,R,2026,119,10.9,10.9,.240,.350,.345,0.695,.273,.386,.315,.340,.373,88.2,9.5,28.1,4.5,28.1,15.8,45.5,47.2,23.6,51.7,20.2,21.3
"Martinez, Seth",661527,R,2026,6,16.7,0,.400,.600,.500,1.100,.283,.380,.480,.360,.402,82.8,13,50,0,50,36.4,50,25,0,25,0,50
"Espada, Jose",664744,R,2026,4,0,0,.500,.500,.500,1.000,.364,.412,.445,.340,.364,95.4,12.2,0,0,50,14.3,46.7,75,25,50,25,25
"Roxby, Braxton",694820,R,2026,25,12,8,.286,.286,.360,0.646,.235,.289,.299,.279,.319,88.3,13.4,26.3,0,42.1,26.5,47.1,47.4,15.8,52.6,26.3,10.5
"Kelly, Zack",677161,R,2026,71,19.7,9.9,.233,.300,.314,0.614,.290,.432,.280,.368,.376,88.1,7.8,36.7,8.2,38.8,21.1,43.5,30.6,24.5,46.9,18.4,30.6
"Wantz, Andrew",681806,R,2026,20,5,15,.333,.600,.500,1.100,.326,.582,.477,.463,.495,87,19.6,50,7.1,35.7,14,53.1,42.9,21.4,21.4,28.6,35.7
"Kay, Anthony",641743,L,2026,710,18.2,7.9,.262,.423,.346,0.769,.265,.419,.339,.342,.351,88.3,12.4,34.3,8.1,38.9,23.4,47.3,46.7,17.4,43.7,22,26.1
"Painter, Andrew",691725,R,2026,552,20.8,8.5,.268,.437,.336,0.773,.250,.413,.339,.322,.320,87.4,13.7,29.9,8.1,35.1,25.6,49.2,40.5,23.6,43.6,25.7,21.3
"Holderman, Colin",670059,R,2026,222,22.5,9,.185,.243,.294,0.537,.219,.341,.254,.303,.323,87.5,7.8,23.9,7.8,44.4,27,44.3,28.9,25.4,55.6,22.5,16.2
"Chandler, Bubba",696149,R,2026,674,20.8,11.9,.234,.373,.332,0.705,.236,.380,.316,.318,.332,89.1,15.9,31.4,6.1,39.2,22.2,46.7,37.2,26.9,39.5,28.9,22.4
"Sanders, Cam",676742,R,2026,131,30.5,15.3,.208,.274,.354,0.628,.205,.293,.298,.302,.347,88,13.7,26.9,4.5,31.3,37,44.4,41.8,22.4,44.8,25.4,23.9
"Raquet, Nick",675919,L,2026,17,5.9,11.8,.214,.500,.353,0.853,.328,.498,.372,.416,.447,88.6,20.8,46.2,7.7,30.8,6.3,42.7,38.5,23.1,23.1,46.2,23.1
"Weiman, Blake",676620,L,2026,79,20.3,3.8,.301,.479,.325,0.804,.231,.390,.332,.270,.233,86.9,17.1,30,10,33.3,23.4,49.6,36.7,28.3,36.7,31.7,21.7
"Cease, Dylan",656302,R,2026,685,34.9,11.4,.180,.270,.276,0.546,.192,.290,.253,.265,.288,85.5,13.5,34.5,5.5,31.5,33.3,45.8,42.7,23.8,42.5,23,23.6
"Basso, Brady",669620,L,2026,200,15.5,5,.328,.516,.362,0.878,.278,.382,.374,.307,.312,88.3,14.2,39.2,5.1,37.3,20.2,52,39.2,22.8,43,25.3,27.2
"Sinclair, Jack",695378,R,2026,46,17.4,8.7,.158,.237,.283,0.520,.230,.310,.249,.310,.346,89.4,8.4,25.8,3.2,38.7,17.9,46.7,32.3,22.6,51.6,25.8,22.6
"Varland, Gus",681402,R,2026,155,20.6,9.7,.316,.574,.377,0.951,.296,.565,.401,.392,.358,93.7,19.4,45.4,15.9,50,21.8,49.9,45.4,25.9,29.6,31.5,29.6
"Wilkinson, Matt",683363,L,2026,110,18.2,4.5,.210,.410,.245,0.655,.218,.375,.282,.272,.253,89.4,27.9,29.4,7.1,41.2,18.5,43.9,30.6,31.8,28.2,36.5,18.8
"Baumler, Carter",691945,R,2026,27,22.2,22.2,.200,.400,.407,0.807,.206,.353,.371,.359,.412,91.8,20.9,35.7,7.1,50,30,42.7,57.1,35.7,28.6,42.9,21.4
"Cabrera, Jose",703615,R,2026,129,15.5,8.5,.281,.482,.359,0.841,.255,.456,.368,.347,.336,89.4,15.4,24.2,9.5,35.8,19,44.3,38.9,22.1,45.3,27.4,16.8
"Stewart, Brock",592779,R,2026,103,24.3,9.7,.183,.333,.262,0.595,.186,.301,.258,.248,.251,81.3,11.1,23.5,4.4,27.9,28.2,49.2,41.2,26.5,55.9,22.1,8.8
"Rajcic, Max",691008,R,2026,39,20.5,15.4,.182,.394,.308,0.702,.168,.318,.311,.281,.296,87,19.5,24,8,36,23.9,41.1,52,16,36,32,16
"Sabrowski, Erik",681870,L,2026,203,37.4,15.3,.157,.265,.292,0.557,.143,.246,.258,.251,.278,89.3,27.4,39.4,6.5,34,30.8,46.1,34,41.5,20.2,39.4,25.5
"Sears, Andrew",808825,L,2026,92,16.3,8.7,.300,.525,.391,0.916,.234,.386,.399,.323,.334,89.8,22.8,36.9,6.2,33.8,27,44.8,29.2,27.7,29.2,35.4,26.2
"Strowd, Kade",669704,R,2026,14,7.1,35.7,.222,.222,.500,0.722,.406,.479,.377,.496,.618,88,14.5,62.5,0,25,0,28.8,37.5,25,12.5,12.5,62.5
"Sewald, Paul",623149,R,2026,219,24.2,5.9,.202,.449,.261,0.710,.218,.460,.302,.312,.273,89.8,28.9,38.9,13.4,38.9,26.2,51.8,40.3,24.8,21.5,43,19.5
"Anderson, Kade",807739,L,2026,146,21.9,6.2,.259,.400,.301,0.701,.257,.394,.305,.304,.302,87.7,12.4,35.2,7.6,41,24.4,54.5,47.6,20,43.8,25.7,23.8
"Carrasco, Carlos",471911,R,2026,73,9.6,4.1,.318,.485,.366,0.851,.371,.586,.373,.432,.416,89.4,10.7,47.5,9.8,41,19,55.7,50.8,16.4,44.3,14.8,34.4
"Harris, Hogan",663687,L,2026,311,28.3,13.5,.229,.347,.345,0.692,.204,.330,.314,.298,.320,87.4,12.3,32.6,6.9,33.7,25.3,43.2,32.6,25.7,48.6,24.6,19.4
"Vodnik, Victor",680767,R,2026,266,16.5,12.4,.259,.366,.355,0.721,.239,.356,.322,.312,.339,90.6,3.7,28.5,4.3,39.8,25.2,46.7,33.9,23.1,56.5,16.1,24.2
"Tolle, Payton",801139,L,2026,603,28.4,6.6,.222,.366,.281,0.647,.199,.312,.285,.255,.259,87.6,17.5,30.6,6,34.5,27.9,55.1,37.3,25.9,38.1,27.2,22.5
"Bello, Brayan",678394,R,2026,503,18.3,7.2,.272,.394,.331,0.725,.282,.437,.319,.337,.337,89.1,6.9,32.1,7.3,40.2,24.8,49.7,50,16.8,53.5,21.5,22
"Harris, Trent",805345,R,2026,94,28.7,7.4,.230,.345,.287,0.632,.197,.280,.281,.241,.257,84.7,10.4,30,1.7,25,23.4,42.9,45,23.3,51.7,16.7,25
"Aguiar, Julian",687924,R,2026,14,14.3,7.1,.308,.308,.357,0.665,.200,.303,.304,.251,.257,82.6,19,45.5,0,36.4,12,46.3,18.2,27.3,45.5,27.3,18.2
"Karinchak, James",675916,R,2026,37,21.6,13.5,.129,.258,.243,0.501,.158,.299,.232,.268,.276,88.4,22.1,20.8,8.3,33.3,26.6,39.5,33.3,37.5,29.2,37.5,16.7
"Payamps, Joel",606303,R,2026,36,25,11.1,.281,.594,.361,0.955,.252,.548,.405,.377,.335,92.5,19.3,52.2,17.4,39.1,22.9,46.4,52.2,13,21.7,52.2,26.1
"Snell, Blake",605483,L,2026,173,31.8,9.2,.203,.248,.279,0.527,.182,.228,.245,.228,.261,82.9,17.3,28.7,2,15.8,34.8,49.7,36.6,28.7,43.6,24.8,18.8
"Sousa, Bennett",656986,L,2026,141,22.7,12.8,.298,.455,.386,0.841,.226,.371,.371,.313,.326,88.9,19.5,36.3,9.9,36.3,31,49,41.8,25.3,33,40.7,22
"Waldrep, Hurston",694462,R,2026,56,16.1,17.9,.295,.500,.446,0.946,.231,.389,.419,.359,.396,89.3,-3.4,20,8.6,34.3,23.3,40,54.3,5.7,71.4,14.3,5.7
"Kahnle, Tommy",592454,R,2026,43,11.6,14,.324,.595,.419,1.014,.285,.489,.434,.381,.385,93.1,17.1,31.3,15.6,56.3,17.4,51.2,43.8,15.6,40.6,18.8,25
"Woodford, Jake",663765,R,2026,134,18.7,6,.352,.557,.383,0.940,.333,.493,.401,.374,.370,91.3,12.8,45.5,8.9,48.5,20.6,46,29.7,22.8,39.6,25.7,30.7
"Kochanowicz, Jack",686799,R,2026,296,15.9,12.2,.259,.382,.358,0.740,.272,.439,.331,.358,.371,89.4,4.7,30.3,7.4,42.8,23.6,45.2,41.8,23.6,57.2,19.7,18.8
"Saucedo, Tayler",642048,L,2026,87,29.9,8,.200,.267,.291,0.558,.178,.289,.260,.256,.272,86.7,14.6,29.4,5.9,29.4,37.2,47.8,41.2,19.6,39.2,29.4,21.6
"Houser, Adrian",605288,R,2026,470,16,7.2,.257,.434,.315,0.749,.268,.453,.326,.339,.328,89.7,11.4,33.9,8.7,42,18.1,46.3,38.4,25.8,44.8,24.4,24.4
"Kirby, George",669923,R,2026,741,20,6.3,.287,.448,.334,0.782,.263,.408,.341,.315,.312,89.4,12.2,33,6.6,40.1,22.5,51.9,35.2,25.8,44.2,24.3,23.8
"Bowden, Ben",641386,L,2026,8,0,25,.400,.600,.625,1.225,.387,.632,.535,.538,.617,88.6,25.9,40,20,40,14.3,35,40,20,20,40,20
"Curtis, Khristian",694753,R,2026,87,14.9,13.8,.205,.301,.322,0.623,.196,.346,.289,.298,.314,85.5,23.1,34.4,8.2,29.5,23.5,46.4,36.1,23,34.4,27.9,16.4
"Johnson, Seth",686751,R,2026,158,25.3,12.7,.272,.463,.373,0.836,.241,.393,.369,.331,.347,89.5,13.7,40.6,11.6,43.8,27.8,45.8,44.8,20.8,37.5,22.9,32.3
"Bradford, Cody",674003,L,2026,193,11.4,5.2,.306,.472,.344,0.816,.283,.480,.355,.346,.323,89.8,19.6,33.1,10.1,38.8,18.1,50.1,38.1,20.6,35.6,35.6,21.3
"Rodríguez, José",692064,R,2026,16,31.3,0,.188,.250,.188,0.438,.266,.341,.190,.264,.266,83.8,20.9,45.5,0,27.3,40,44.1,45.5,18.2,27.3,27.3,27.3
"Phillips, Evan",623465,R,2026,106,31.1,5.7,.227,.433,.274,0.707,.236,.498,.292,.321,.262,91,21.8,33.3,16.7,39.4,26.7,48.7,27.3,31.8,31.8,43.9,16.7
"Peralta, Sammy",671111,L,2026,112,20.5,8,.347,.531,.423,0.954,.300,.451,.417,.368,.382,88.4,14.5,42.1,5.3,42.1,19.8,45.5,35.5,18.4,38.2,26.3,30.3
"Antone, Tejay",622088,R,2026,235,24.3,7.7,.211,.363,.294,0.657,.224,.366,.290,.297,.302,87.7,16.8,30.9,8.2,33.6,27.9,46.2,38.8,25.7,42.8,27,21.1
"Rom, Drew",680723,L,2026,83,20.5,8.4,.301,.466,.354,0.820,.279,.458,.349,.346,.334,94.4,18.1,45.8,10.2,49.2,18.9,44,33.9,28.8,28.8,30.5,37.3
"Kelly, Merrill",518876,R,2026,704,16.1,9.9,.268,.464,.343,0.807,.292,.510,.350,.377,.364,89.6,13.4,37.8,11,41.5,21.6,49.4,45,18.2,41.5,26.7,26.6
"Nance, Tommy",667297,R,2026,258,26.4,9.3,.259,.390,.327,0.717,.256,.413,.314,.323,.322,88.8,9,32.7,7.3,38.2,26.5,47.7,31.5,20.6,48.5,21.8,24.8
"Fuentes, Didier",800311,R,2026,297,31,7.1,.223,.327,.281,0.608,.223,.347,.269,.275,.277,88.1,14,36.3,6.6,34.6,30.4,52.7,34.1,31.3,39,26.4,26.9
"Díaz, Edwin",621242,R,2026,96,29.2,11.5,.321,.519,.417,0.936,.256,.381,.400,.328,.350,90.7,18.2,42.6,7.5,46.3,24.9,44.8,44.4,22.2,31.5,31.5,31.5
"Muñoz, Andrés",662253,R,2026,240,37.1,10,.216,.371,.296,0.667,.200,.333,.296,.280,.287,89.3,6.2,29.4,8.7,43.7,39.6,48,35.7,24.6,50.8,21.4,21.4
"Montgomery, Jordan",656756,L,2026,104,19.2,5.8,.206,.330,.260,0.590,.232,.365,.258,.282,.277,85.9,3.7,28.6,7.8,32.5,21.2,46.6,41.6,19.5,58.4,23.4,14.3
"Samaniego, Tyler",701719,L,2026,90,18.9,8.9,.286,.351,.364,0.715,.271,.403,.324,.335,.352,90,12.3,28.6,3.2,36.5,21.6,44.3,41.3,25.4,49.2,20.6,23.8
"Pintaro, Jonathan",702752,R,2026,130,23.1,12.3,.239,.413,.352,0.765,.220,.370,.342,.319,.337,89.2,17.3,25.9,6.3,39.5,25.7,46,27.2,28.4,43.2,27.2,21
"Curry, Xzavion",675540,R,2026,94,16,9.6,.262,.560,.340,0.900,.226,.482,.385,.341,.308,91.1,31.7,26.1,13,42,17.6,45.7,34.8,27.5,26.1,43.5,15.9
"Simpson, Josh",681006,L,2026,38,26.3,10.5,.333,.727,.421,1.148,.227,.532,.482,.369,.329,92.2,26.5,39.1,17.4,43.5,20.3,41.8,47.8,17.4,30.4,43.5,13
"Herget, Kevin",643361,R,2026,3,0,0,.000,.000,.000,0.000,.125,.178,.000,.128,.125,93.6,18.9,33.3,0,33.3,0,45.5,100,0,33.3,33.3,33.3
"Harvey, Hunter",640451,R,2026,18,22.2,5.6,.294,.647,.333,0.980,.216,.563,.415,.345,.260,93.2,8.9,38.5,23.1,38.5,20,46.1,30.8,46.2,46.2,46.2,7.7
"Lange, Alex",656638,R,2026,275,21.8,12,.277,.506,.378,0.884,.252,.445,.385,.353,.357,90.8,9.9,35.8,13.6,43.8,27.3,46.5,48.9,17,45.5,27.3,25
"Hoffmann, Andrew",694851,R,2026,59,20.3,13.6,.333,.583,.431,1.014,.243,.399,.434,.336,.356,89.9,18.1,29.7,8.1,43.2,19.1,38.7,40.5,32.4,35.1,29.7,27
"Olds, Wyatt",681544,R,2026,68,29.4,11.8,.190,.328,.309,0.637,.184,.323,.293,.288,.304,88.1,19.5,31.6,7.9,28.9,33.1,49.3,34.2,10.5,42.1,28.9,15.8
"Lambert, Peter",663567,R,2026,664,23.2,8.9,.232,.357,.314,0.671,.221,.360,.301,.297,.305,88.1,18.7,34.2,6.8,35.5,25.4,48.8,38.7,26.2,37.6,32.1,22.3
"Rolison, Ryan",669020,L,2026,256,21.5,10.9,.235,.363,.318,0.681,.238,.376,.303,.309,.317,88.1,12.3,35.8,7,38.6,19.7,45.6,38.2,26.6,43.9,28.9,22
"Sands, Cole",663485,R,2026,56,19.6,8.9,.313,.583,.382,0.965,.268,.507,.409,.364,.343,95,15.9,33.3,10.3,56.4,23.3,49.3,38.5,20.5,41,35.9,23.1
"Wiemer, Joey",686894,R,2026,16,0,12.5,.583,.917,.625,1.542,.423,.632,.618,.473,.505,90.6,25.9,53.8,7.7,30.8,0,40,53.8,30.8,15.4,46.2,30.8
"Abel, Mick",690953,R,2026,93,24.7,10.8,.275,.350,.376,0.726,.273,.413,.329,.349,.368,87.7,14.6,42.1,5.3,40.4,28.8,49.6,38.6,26.3,40.4,24.6,28.1
"McCambley, Zach",685112,R,2026,60,23.3,10,.250,.346,.350,0.696,.275,.480,.312,.367,.361,90.2,6.2,31.6,10.5,50,29.1,46,42.1,7.9,50,31.6,18.4
"Oviedo, Johan",670912,R,2026,18,16.7,5.6,.400,.933,.444,1.377,.338,.767,.546,.484,.402,92.4,16.4,38.5,23.1,61.5,13.5,51.4,53.8,15.4,46.2,38.5,7.7
"Abbott, Andrew",671096,L,2026,729,18,10.4,.257,.431,.332,0.763,.261,.437,.334,.338,.338,89.7,17.3,32.9,8.3,38.7,22.4,46,33.5,25.4,39.8,28.5,22.9
"Williams, Gavin",668909,R,2026,746,33.2,8.2,.213,.379,.284,0.663,.220,.396,.294,.302,.291,90.2,11.1,35,11.4,46.6,32.8,49.1,39.2,27.1,44.5,25.5,23.2
"Smith, Burch",572143,R,2026,73,27.4,9.6,.277,.462,.347,0.809,.217,.347,.354,.287,.294,90.3,5.3,34.8,4.4,47.8,22.7,46,32.6,26.1,52.2,26.1,19.6
"Muñoz, Roddery",682610,R,2026,25,24,24,.368,.947,.520,1.467,.291,.556,.586,.440,.461,95.5,19.6,38.5,15.4,76.9,43.5,41.1,15.4,23.1,23.1,38.5,30.8
"Kelly, Kevin",687330,R,2026,279,22.6,3.9,.209,.319,.248,0.567,.251,.370,.246,.284,.281,89.6,2.2,31.2,6,44.6,24,49.4,38.1,17.8,57.9,13.4,26.7
"McGee, Easton",668834,R,2026,52,17.3,9.6,.362,.681,.423,1.104,.297,.456,.468,.360,.365,90.3,15.4,42.1,10.5,47.4,18.9,57.6,52.6,18.4,34.2,34.2,28.9
"Slaten, Justin",686580,R,2026,137,28.5,5.8,.276,.417,.319,0.736,.223,.331,.323,.266,.269,88.3,7.7,36.7,4.4,36.7,25.2,50.8,41.1,25.6,43.3,25.6,27.8
"Peterson, David",656849,L,2026,663,20.7,9.8,.267,.397,.342,0.739,.267,.403,.328,.333,.345,88.8,7.5,34.1,6.4,39.6,22.7,46.3,38.3,21.4,50.8,19.7,25.6
"Latz, Jacob",656641,L,2026,271,30.6,8.5,.143,.273,.215,0.488,.188,.332,.207,.253,.239,89.2,20,28.5,8.5,41.2,31.5,52.8,41.8,24.2,37,30.3,19.4
"Kerry, Brett",695049,R,2026,54,22.2,3.7,.212,.385,.241,0.626,.230,.360,.269,.270,.259,88.5,12.1,25,5,42.5,26.7,49.5,40,30,47.5,20,20
"Fairbanks, Pete",664126,R,2026,183,31.1,11.5,.222,.424,.322,0.746,.211,.421,.327,.322,.311,91.3,23.6,37.3,11.9,43.1,31.9,45,37.3,24.5,24.5,43.1,22.5
"Hedges, Austin",595978,R,2026,20,5,0,.350,.350,.350,0.700,.250,.304,.312,.240,.250,90.2,15,21.1,0,26.3,6.9,52.7,26.3,31.6,47.4,26.3,21.1
"Gray, Peyton",682608,R,2026,249,24.1,6.8,.251,.430,.309,0.739,.236,.375,.317,.292,.289,87,17.8,33.9,7.2,34.5,25.4,50.1,38.1,22.6,36.9,25,27.4
"Cruz, Yovanny",672442,R,2026,70,21.4,12.9,.271,.407,.386,0.793,.263,.405,.358,.352,.379,88.5,15.3,43.2,2.3,43.2,25.9,45.3,38.6,20.5,36.4,22.7,31.8
"Roupp, Landen",694738,R,2026,657,21.8,11.4,.220,.334,.315,0.649,.232,.344,.294,.302,.326,86.4,10.6,32.7,5.1,30,24.4,43.5,41,21.4,50.7,22.8,21.4
"Ginn, J.T.",669372,R,2026,580,20.9,9.8,.225,.368,.311,0.679,.241,.372,.303,.312,.326,87.4,10.1,31,6.1,35.4,26.7,45.7,42.2,19.3,46.3,24.2,23.2
"Beck, Brendan",694341,R,2026,58,22.4,13.8,.260,.680,.362,1.042,.271,.573,.435,.401,.372,92.3,21.8,56.8,24.3,54.1,35.5,43.5,56.8,24.3,24.3,45.9,29.7
"Funderburk, Kody",681892,L,2026,222,22.1,12.2,.229,.303,.329,0.632,.225,.328,.290,.298,.325,85.1,5.4,27.8,4.9,29.2,22.9,43.9,38.2,27.1,58.3,20.1,16.7
"Holmes, Clay",605280,R,2026,419,18.6,10,.213,.302,.295,0.597,.244,.348,.272,.303,.325,89.5,3.3,26,4.4,40.5,21.9,45.3,40.5,17.9,60.8,18.6,17.9
"Urquidy, José",664353,R,2026,164,18.3,4.3,.305,.455,.341,0.796,.247,.353,.347,.286,.290,87.8,16.3,35.2,5.6,36.8,22,51.6,45.6,20.8,39.2,27.2,26.4
"Seymour, Carson",693313,R,2026,140,16.4,11.4,.256,.455,.348,0.803,.294,.490,.348,.374,.372,88.6,6.7,36,9,41,23.8,46.8,44,28,50,24,22
"Matz, Steven",571927,L,2026,342,17.8,7.3,.238,.444,.296,0.740,.274,.458,.320,.342,.331,88,13.4,40.6,10.6,35.4,20.8,47.9,35.4,26,39,25.6,28.7
"Gil, Luis",661563,R,2026,124,13.7,14.5,.206,.412,.347,0.759,.249,.430,.341,.362,.382,92.3,18.3,27.1,7.1,47.1,19.7,40.9,41.2,17.6,42.4,32.9,16.5
"Alexander, Tyler",641302,L,2026,313,19.2,7.7,.260,.349,.325,0.674,.233,.329,.301,.283,.300,86.7,9.6,29.8,4,33.3,20.9,46.2,43.1,24.4,51.1,22.2,20.4
"Ashby, Aaron",676879,L,2026,383,30.3,10.7,.225,.322,.311,0.633,.203,.297,.287,.268,.291,88.4,4.1,28.1,4.9,40.2,32.1,40.5,36.2,23.2,56.3,19.2,20.1
"Banks, Tanner",621383,L,2026,176,21.6,8.5,.329,.557,.389,0.946,.253,.402,.405,.315,.317,86.9,14.6,41,6.6,33.6,22.8,49.2,32.8,31.1,38.5,30.3,26.2
"Waldron, Matt",663362,R,2026,194,17,5.7,.322,.520,.363,0.883,.235,.374,.379,.291,.286,88.2,16.2,27,5.4,36.5,17.8,49.6,38.5,23,44.6,29.7,18.2
"Pomeranz, Drew",519141,L,2026,135,12.6,11.9,.278,.496,.373,0.869,.267,.463,.369,.351,.344,88.5,26.7,30,9.1,37,17.6,49.8,26,33,28,32,22
"Lord, Brad",695418,R,2026,357,21.6,9.2,.222,.350,.311,0.661,.228,.366,.295,.305,.313,87.6,5.8,27.3,6.4,37,19.7,49.8,35.3,26.9,55.5,20.2,17.6
"De León, Luis",801725,L,2026,36,16.7,5.6,.152,.242,.194,0.436,.192,.281,.195,.226,.232,86.1,0.7,17.9,7.1,35.7,15.3,46.8,35.7,28.6,60.7,28.6,10.7
"Suter, Brent",608718,L,2026,377,20.7,6.9,.248,.398,.302,0.700,.252,.396,.305,.306,.302,86.6,8.3,33.6,6.7,31,23.6,46.6,36.5,27.3,50.6,21.4,23.2
"Dollander, Chase",801403,R,2026,189,24.9,9.5,.238,.409,.319,0.728,.217,.387,.320,.307,.305,90.6,12.9,24,9.9,52.1,28,48,29.8,27.3,49.6,24.8,17.4
"Fluharty, Mason",689254,L,2026,263,24.7,10.6,.218,.323,.304,0.627,.189,.307,.281,.261,.273,85.9,18.2,37.3,5.9,32,28.7,49.1,36.7,22.5,36.7,30.8,24.3
"Thielbar, Caleb",573204,L,2026,211,28.4,8.1,.246,.450,.311,0.761,.244,.461,.327,.328,.299,88.7,20.4,34.6,10.6,38.3,28.9,51.8,49.6,18,31.6,33.8,23.3
"Ashcraft, Braxton",677952,R,2026,667,25.9,5.2,.235,.386,.281,0.667,.232,.369,.292,.287,.281,89.7,11,32.1,6.2,41.6,25.6,52,36.1,23,46.5,25.4,21.5
"Misiorowski, Jacob",694819,R,2026,665,37.9,6.6,.157,.246,.224,0.470,.174,.255,.216,.226,.240,87.2,13.2,33.9,3.6,33.3,37.3,51.3,31.7,33.3,44.2,24.4,22.5
"Taylor, Grant",691799,R,2026,336,31.5,8.9,.198,.304,.271,0.575,.199,.320,.260,.267,.274,89.7,10.1,31.2,7.6,41.2,29.4,46.5,37.2,27.6,47.2,26.6,21.6
"Lavender, Nate",681320,L,2026,79,32.9,5.1,.160,.280,.203,0.483,.187,.290,.213,.228,.228,87.4,23.4,32.7,8.2,34.7,26.6,48.6,28.6,32.7,30.6,34.7,18.4
"Kerr, Ray",678061,L,2026,66,16.7,3,.150,.267,.200,0.467,.238,.357,.209,.281,.282,88,16.4,27.5,5.9,31.4,23.4,52.4,47.1,27.5,43.1,19.6,17.6
"Burgos, Raymond",670103,L,2026,82,19.5,1.2,.212,.362,.222,0.584,.232,.402,.252,.275,.242,89.2,11.9,21.5,6.3,35.4,18.8,52.7,52.3,9.2,53.8,29.2,12.3
"López, Reynaldo",625643,R,2026,346,21.1,9.8,.261,.430,.334,0.764,.262,.428,.336,.335,.336,87.6,15,39.2,7.2,35.9,22.3,45.5,35.9,27.8,38,26.2,28.3
"Criswell, Cooper",681867,R,2026,172,18,9.3,.272,.377,.341,0.718,.253,.362,.313,.301,.314,86.9,5.9,26.6,4.8,37.9,20.7,47.5,40.3,23.4,58.9,19.4,17.7
"Falter, Bailey",663559,L,2026,69,11.6,8.7,.413,.667,.464,1.131,.332,.502,.485,.386,.390,90.9,13.3,45.5,7.3,43.6,18.8,46.5,49.1,14.5,36.4,16.4,40
"Ragans, Cole",666142,L,2026,151,29.8,15.2,.213,.488,.331,0.819,.218,.452,.355,.344,.336,89.6,20.2,32.5,15.7,39.8,31.7,45.4,41,25.3,34.9,37.3,19.3
"Hanifee, Brenan",669724,R,2026,93,10.8,7.5,.286,.512,.348,0.860,.301,.500,.369,.370,.355,90.5,3.6,28,8.1,45.3,14.4,45.5,41.3,21.3,61.3,21.3,14.7
"Melton, Troy",675512,R,2026,470,20,7.9,.217,.374,.290,0.664,.239,.369,.294,.302,.310,88.9,13.9,31.3,6,38.3,23.4,49.6,42.8,21.4,43.4,23.2,24.7
"Kolek, Stephen",663568,R,2026,224,15.2,5.4,.262,.448,.308,0.756,.262,.380,.328,.303,.309,88.5,10.3,33,6.9,36.9,19.8,48.3,38.6,21,46,22.7,24.4
"Alvarado, José",621237,L,2026,273,25.6,11.4,.279,.408,.382,0.790,.240,.349,.350,.312,.339,87.2,18.8,37.8,4.3,31.7,27,46,29.9,25.6,36,23.8,29.3
"Graceffo, Gordon",700669,R,2026,326,19.3,11,.190,.301,.284,0.585,.243,.415,.262,.328,.327,90.7,11,34.1,9,43.5,21.2,45.5,39.5,21.5,47.5,27.4,21.1
"Jax, Griffin",643377,R,2026,459,25.3,7.6,.235,.381,.295,0.676,.253,.407,.296,.317,.312,88.6,10.8,33.7,8.5,39.2,30,48.1,40.5,22.2,47.1,23.5,24.2
"Moll, Sam",594580,L,2026,257,21.8,11.7,.252,.379,.357,0.736,.238,.359,.329,.324,.349,88.9,8.6,31.1,5.9,37.8,22.6,42.1,32.3,23.8,53.7,18.3,23.2
"Ober, Bailey",641927,R,2026,561,17.1,6.6,.256,.438,.308,0.746,.255,.457,.325,.330,.307,89,21.4,30.6,9.9,38.1,20.3,49.2,46.6,21.4,34.8,32.7,20.5
"Solesky, Chase",686678,R,2026,17,23.5,5.9,.375,.688,.412,1.100,.291,.488,.467,.353,.332,89.4,10.2,41.7,8.3,33.3,9.1,37.9,41.7,33.3,50,16.7,25
"Boyd, Matthew",571510,L,2026,520,18.5,7.5,.241,.372,.308,0.680,.264,.423,.303,.330,.329,88.4,14.2,33.1,7.7,37.6,22.3,49.2,40.2,22.5,43.1,24.6,22.8
"Davis, Tyler",699823,R,2026,128,21.1,12.5,.191,.300,.289,0.589,.219,.338,.262,.286,.302,89.9,20,30.6,5.9,41.2,22.7,52.3,36.5,27.1,37.6,27.1,23.5
"Nikhazy, Doug",680951,L,2026,9,11.1,22.2,.143,.143,.333,0.476,.190,.208,.254,.291,.370,89,-8.3,0,0,33.3,33.3,30.8,100,0,83.3,16.7,0
"Borucki, Ryan",621366,L,2026,104,14.4,8.7,.293,.478,.365,0.843,.252,.372,.364,.310,.323,88.3,14.2,23.1,5.1,39.7,28.2,49.5,44.9,21.8,44.9,29.5,19.2
"Fitzpatrick, Brian",702153,L,2026,30,16.7,10,.259,.296,.333,0.629,.212,.265,.290,.257,.291,80.8,8.7,18.2,4.5,22.7,23.2,51.4,54.5,18.2,50,18.2,22.7
"Smith, Dylan",681916,R,2026,177,25.4,12.4,.238,.333,.337,0.670,.221,.368,.298,.306,.316,89.6,19.7,36.1,6.5,46.3,25.1,48.2,43.5,19.4,36.1,25.9,24.1
"Raya, Marco",694397,R,2026,25,16,12,.227,.364,.320,0.684,.274,.407,.308,.341,.361,87,10.3,38.9,5.6,27.8,26.2,42,44.4,11.1,44.4,33.3,22.2
"Thompson, Ryan",657044,R,2026,186,15.6,7,.304,.435,.362,0.797,.275,.381,.345,.311,.325,88.3,7.5,33.3,4.3,34,19.2,48.6,43.3,15.6,51.8,14.9,24.8
"Topa, Justin",623437,R,2026,108,13.9,11.1,.337,.511,.417,0.928,.288,.464,.403,.367,.377,90,8.1,25.3,7.8,43,16.6,43.7,30.4,19,54.4,22.8,19
"Rasmussen, Drew",656876,R,2026,669,26,4.8,.199,.298,.245,0.543,.227,.343,.243,.271,.272,88.2,12.7,32.5,5.9,33.8,25.1,50.1,40.4,23,45,23.5,24.6
"Sandlin, Nick",680704,R,2026,40,15,12.5,.290,.548,.425,0.973,.238,.463,.419,.377,.387,87,13,30.8,7.7,38.5,31.1,38.9,53.8,3.8,42.3,38.5,15.4
"Luzardo, Jesús",666200,L,2026,730,30.3,7.1,.214,.329,.281,0.610,.204,.303,.274,.261,.274,87.3,9.4,32.3,5.9,33.2,31.9,46.3,40.6,22.2,50.2,22.2,22
"Domínguez, Seranthony",622554,R,2026,260,25,11.9,.204,.356,.308,0.664,.207,.346,.296,.295,.308,87.1,16.1,30.4,6.9,32.9,27.9,46.8,39.1,25.5,41.6,26.1,20.5
"Vanasco, Ricky",676568,R,2026,40,10,15,.412,.706,.500,1.206,.294,.519,.511,.399,.400,87.6,13,30,6.7,43.3,20.6,40,40,33.3,43.3,30,20
"Tolman, Erik",680899,L,2026,67,25.4,13.4,.232,.321,.328,0.649,.209,.340,.295,.293,.312,84.3,6.8,29.3,4.9,26.8,29.1,51,29.3,46.3,51.2,26.8,14.6
"Mize, Casey",663554,R,2026,549,20,6.9,.247,.436,.300,0.736,.238,.395,.318,.303,.295,89.2,18.4,35.2,8.3,39.4,23.2,47.4,39.4,26.9,33.7,31.2,25.1
"Estrada, Jeremiah",669093,R,2026,126,30.2,12.7,.183,.266,.288,0.554,.210,.315,.259,.286,.311,85.4,15.4,37.5,6.9,33.3,31.7,46.9,34.7,22.2,37.5,26.4,27.8
"Rock, Joe",697812,L,2026,56,21.4,23.2,.293,.317,.482,0.799,.270,.402,.385,.401,.466,94.1,17.7,37.9,3.4,55.2,27,42.2,24.1,24.1,27.6,31,31
"Adams, Mason",690279,R,2026,124,25,9.7,.282,.509,.355,0.864,.259,.457,.372,.343,.334,92.7,13,41.3,10,56.3,22.2,47.2,37.5,17.5,40,28.7,27.5
"Smith, Hagen",696146,L,2026,110,37.3,14.5,.117,.181,.245,0.426,.159,.224,.211,.243,.282,87.3,10,35.8,1.9,34,36.2,42.4,49.1,13.2,43.4,18.9,30.2
"Quantrill, Cal",615698,R,2026,443,18.3,5.6,.218,.350,.271,0.621,.242,.402,.274,.303,.293,88.9,17.2,33,7.3,36.4,19.6,48.1,37,23,40.3,27.9,23.6
"Backhus, Kyle",679775,L,2026,94,21.3,6.4,.294,.447,.351,0.798,.247,.385,.349,.308,.311,86,9,40.9,4.6,30.3,19.6,43.2,37.9,31.8,45.5,22.7,27.3
"Dobnak, Randy",677976,R,2026,321,15.3,8.1,.273,.395,.339,0.734,.291,.402,.325,.336,.357,90.2,8.9,34.3,4.6,40.9,19.1,45.6,50,19,51.2,22.3,24
"Brebbia, John",605154,R,2026,21,9.5,0,.333,.667,.333,1.000,.317,.673,.425,.414,.317,89.5,22.3,47.4,10.5,42.1,17,56.4,47.4,26.3,31.6,52.6,15.8
"Pfaadt, Brandon",694297,R,2026,562,16.7,5.7,.248,.383,.298,0.681,.252,.394,.299,.305,.302,88.5,13.1,32.8,7.2,34.9,21.3,49.6,43.3,23.3,45.3,22.3,23.3
"Baz, Shane",669358,R,2026,769,20,8.2,.262,.395,.323,0.718,.255,.399,.315,.317,.320,90,14,35.5,6.8,41.2,21.5,48.2,35.2,27.8,39,26.9,27.8
"Marinaccio, Ron",676760,R,2026,260,18.5,10.4,.270,.482,.365,0.847,.260,.426,.371,.347,.357,88.9,16,34.3,7.9,41,25.3,47.1,45.5,19.7,39.3,26.4,25.8
"Irvin, Jake",663623,R,2026,470,23.4,10.2,.247,.438,.336,0.774,.252,.457,.340,.351,.343,89.5,16.9,35.3,10.9,44.9,24,46.6,39.9,25.7,38,28.7,23.8
"Weston, Cameron",687721,R,2026,3,33.3,33.3,.000,.000,.333,0.333,.241,.262,.233,.381,.494,99.6,1.5,0,0,100,12.5,47.1,100,0,100,0,0
"Blackburn, Paul",621112,R,2026,336,20.5,9.8,.195,.291,.277,0.568,.236,.352,.259,.296,.311,87,7.2,27.5,5.6,35.2,22.8,45.7,36.5,19.7,54.9,21.5,18.5
"Rocker, Kumar",677958,R,2026,645,21.4,9.5,.255,.425,.329,0.754,.251,.412,.330,.324,.326,89.2,12.9,32.1,7.5,40,26.1,47.9,42.5,19.2,42.8,24,26
"Morris, Andrew",702193,R,2026,321,21.5,8.4,.257,.365,.323,0.688,.234,.337,.302,.283,.294,86.6,11.8,31.1,4.5,34.7,23,48.6,33.3,30.2,45.5,26.6,22.1
"Brogdon, Connor",641401,R,2026,70,21.4,4.3,.238,.524,.284,0.808,.256,.504,.345,.345,.300,91.8,18.8,33.3,13.7,45.1,26.1,49.1,39.2,29.4,41.2,35.3,15.7
"Keller, Brad",641745,R,2026,135,23.7,9.6,.246,.364,.326,0.690,.226,.313,.309,.284,.311,85.5,12.7,27.3,4.6,31.8,22.5,45,28.4,30.7,44.3,28.4,22.7
"Rogers, Tyler",643511,R,2026,294,13.6,7.5,.229,.282,.292,0.574,.229,.305,.255,.263,.281,84.4,-1.3,23.2,1.8,26.8,14.5,50.3,26.3,37.3,63.2,14.9,15.8
"Allard, Kolby",663465,L,2026,45,20,6.7,.390,.659,.444,1.103,.317,.533,.467,.385,.363,89.9,10.1,50,15.6,43.8,17.4,52,53.1,15.6,40.6,21.9,31.3
"Gray, Sonny",543243,R,2026,683,21.8,6.7,.236,.372,.292,0.664,.249,.385,.293,.303,.305,89.2,10.6,34.4,6.9,38.3,23.1,47.5,46.6,20.1,46.4,23.6,25.9
"Strider, Spencer",675911,R,2026,165,27.9,12.1,.232,.500,.327,0.827,.188,.359,.355,.290,.291,89.1,22.2,35.7,11.2,36.7,30.7,46.6,39.8,31.6,29.6,37.8,22.4
"Rogers, Taylor",573124,L,2026,276,19.6,11.2,.277,.404,.370,0.774,.240,.364,.338,.312,.326,86.1,16.2,38.7,5.9,28,18.9,42.8,41.4,21.5,37.1,31.2,25.3
"Mattson, Isaac",676755,R,2026,176,20.5,10.2,.282,.436,.358,0.794,.292,.498,.349,.374,.367,92.1,17,46.3,12.4,52.1,21,49.7,30.6,34.7,27.3,31.4,33.9
"Martin, Corbin",656686,R,2026,25,16,20,.250,.550,.400,0.950,.248,.509,.410,.396,.399,93.3,22.9,25,12.5,56.3,34,47.7,31.3,31.3,37.5,25,18.8
"Petty, Chase",695534,R,2026,139,10.8,6.5,.248,.448,.309,0.757,.278,.470,.328,.361,.348,88.5,15.8,35.7,9.1,37.5,19.6,48.2,36.6,28.6,38.4,30.4,25
"Gastelum, Luis",703725,R,2026,152,28.9,7.9,.241,.438,.309,0.747,.243,.441,.325,.327,.312,86.8,10.5,39.4,9.6,30.9,34.7,48.1,38.3,25.5,40.4,22.3,27.7
"Bivens, Spencer",702352,R,2026,42,28.6,14.3,.371,.486,.452,0.938,.264,.449,.412,.355,.364,88.6,17.4,54.2,8.3,25,24.1,43.4,33.3,29.2,33.3,29.2,33.3
"Yamamoto, Yoshinobu",808967,R,2026,708,25.7,5.9,.182,.308,.237,0.545,.211,.335,.242,.266,.264,87.7,9.2,29.1,6.5,35.5,27.9,49.6,43,23.5,48.6,22.9,21.4
"Castaño, Blas",680604,R,2026,111,18.9,8.1,.273,.465,.342,0.807,.288,.493,.351,.367,.357,91.3,8.4,38,9,48.1,18.6,46.7,40.5,19,44.3,30.4,22.8
"Hamilton, Ian",641656,R,2026,23,17.4,13,.300,.400,.391,0.791,.307,.356,.356,.342,.397,93,-1,31.3,0,50,28.6,45.7,37.5,31.3,56.3,12.5,31.3
"Burns, Chase",695505,R,2026,630,29.4,8.9,.218,.360,.288,0.648,.207,.347,.288,.279,.280,89.6,18.8,34.4,8.2,38.2,32,48.9,39.8,25.1,38,28.9,23.5
"Minter, A.J.",621345,L,2026,186,22,4.3,.227,.432,.265,0.697,.240,.427,.298,.302,.273,87.2,18.9,30.9,10.3,36.8,23.4,52.4,38.2,19.9,37.5,33.1,17.6
"Sproat, Brandon",687075,R,2026,422,23.9,12.3,.246,.436,.357,0.793,.245,.407,.352,.341,.357,90,13.1,34.7,8.6,42.7,25,45.6,37.5,25.5,43.2,27.8,23.2
"Mushinski, Parker",656786,L,2026,34,0,14.7,.310,.379,.412,0.791,.325,.459,.360,.390,.424,90.1,17.4,41.4,3.4,37.9,12.1,41.7,41.4,31,34.5,27.6,31
"Nunez, Anthony",689296,R,2026,255,25.9,10.2,.213,.344,.306,0.650,.228,.373,.290,.305,.314,87.9,12.7,40.3,6.3,40.9,32.8,48.1,39.6,25.8,42.1,24.5,25.8
"Skubal, Tarik",669373,L,2026,620,30,4.4,.217,.343,.257,0.600,.226,.338,.264,.266,.266,87.1,12.1,34.6,6.7,34.8,31.7,53.4,37.3,23.4,45,24.4,24.1
"Waldichuk, Ken",686610,L,2026,40,20,12.5,.235,.588,.350,0.938,.243,.577,.399,.397,.356,89.3,18,26.9,19.2,38.5,27.4,41.6,42.3,38.5,42.3,34.6,11.5
"Dotel, Wilber",696062,R,2026,182,22.5,8.8,.258,.356,.320,0.676,.249,.365,.300,.301,.312,90.2,13.1,25.6,4,44.8,24.8,48.6,40.8,25.6,47.2,27.2,20
"Estes, Joey",683155,R,2026,34,14.7,5.9,.387,.935,.412,1.347,.337,.576,.545,.396,.366,90.7,25.5,40.7,14.8,37,24.6,52,48.1,22.2,14.8,48.1,33.3
"Miller, Bobby",676272,R,2026,33,24.2,12.1,.192,.385,.364,0.749,.239,.456,.331,.373,.381,91.6,5.5,27.8,11.1,44.4,27.6,40.8,44.4,11.1,55.6,22.2,16.7
"Helsley, Ryan",664854,R,2026,68,30.9,13.2,.220,.407,.324,0.731,.185,.296,.319,.265,.282,89.5,5,15.8,5.3,47.4,37.9,45.4,55.3,18.4,60.5,26.3,10.5
"Cameron, Noah",702070,L,2026,746,21.2,7.8,.238,.398,.301,0.699,.245,.405,.306,.312,.308,88.9,15.5,37.1,8.2,37.7,25.8,48.3,44.4,23.4,40,28,25.5
"Fried, Max",608331,L,2026,434,24,7.6,.201,.274,.264,0.538,.199,.272,.245,.246,.266,85.9,9.8,28.5,2.4,29.8,25,46,33.2,25.4,49.8,25.1,17.3
"Madden, Ty",680744,R,2026,189,24.3,7.4,.191,.324,.259,0.583,.206,.312,.261,.263,.273,86.7,17.9,23.6,5.5,29.9,25.1,49,38.6,26.8,37.8,29.1,22
"Eder, Jake",671109,L,2026,15,6.7,6.7,.231,.308,.267,0.575,.363,.746,.249,.459,.387,95.3,23.3,53.8,30.8,69.2,9.1,58.9,23.1,53.8,30.8,38.5,30.8
"Martinez, Justin",679885,R,2026,55,32.7,18.2,.116,.163,.291,0.454,.114,.145,.234,.229,.290,86.2,7,11.5,0,26.9,30.2,37.1,23.1,26.9,53.8,30.8,7.7
"Rainey, Tanner",663432,R,2026,31,19.4,25.8,.136,.182,.387,0.569,.156,.213,.302,.317,.401,84.9,24.2,43.8,0,18.8,39.5,33.9,37.5,37.5,18.8,37.5,31.3
"Foley, Jason",671345,R,2026,117,12.8,9.4,.267,.410,.333,0.743,.257,.390,.320,.309,.313,87.2,5.1,28.6,5.5,38.5,15.6,42.9,36.3,26.4,51.6,23.1,22
"Hughes, Gabriel",687312,R,2026,283,19.8,8.5,.271,.434,.338,0.772,.242,.380,.336,.305,.311,87.5,13.7,37.5,6,32,20.7,47.9,41.5,23,41.5,26.5,27.5
"Barco, Hunter",682995,L,2026,87,16.1,14.9,.296,.535,.414,0.949,.280,.466,.411,.381,.402,89.3,12.6,32.8,7,43.1,16.3,38.5,34.5,32.8,46.6,22.4,20.7
"Cruz, Fernando",518585,R,2026,234,28.6,13.7,.207,.369,.321,0.690,.185,.324,.306,.281,.296,86.7,21.6,29.3,9,27.1,39.1,43.6,42.9,21.1,32.3,36.1,18
"Scherzer, Max",453286,R,2026,364,18.7,9.6,.240,.415,.317,0.732,.240,.399,.323,.316,.317,87.4,22.3,34.4,8.1,33.6,21.3,49.8,46.7,25.1,30.9,32.4,21.6
"Cabrera, Edward",665795,R,2026,350,20.3,10.3,.270,.466,.348,0.814,.273,.454,.355,.352,.352,90.9,11,35.4,11.7,42.5,26.5,47.7,47.5,20.4,44.6,23.8,26.7
"Farris, Mitch",815083,L,2026,258,24.4,11.2,.263,.465,.349,0.814,.258,.430,.355,.339,.342,89.5,13.5,40.6,9.2,46.5,28.8,44.2,48.5,17.6,40.6,24.2,28.5
"Mey, Luis",682825,R,2026,165,30.3,13.3,.259,.370,.374,0.744,.219,.384,.338,.327,.345,92.2,11.6,30.7,8.2,45.5,31,41.2,39.8,12.5,48.9,28.4,17
"Mantiply, Joe",573009,L,2026,111,19.8,4.5,.265,.402,.303,0.705,.286,.494,.308,.352,.324,89,3.9,37.3,10.8,38.6,16.8,49.4,38.6,15.7,50.6,14.5,28.9
"Curvelo, Luis",681168,R,2026,54,11.1,11.1,.354,.708,.426,1.134,.307,.544,.470,.387,.360,91.1,22.6,38.1,9.5,50,21.8,54,42.9,23.8,23.8,35.7,31
"Drake, Kohl",684442,L,2026,95,17.9,7.4,.293,.585,.368,0.953,.298,.597,.403,.412,.376,91.4,19.2,44.8,16.4,49.3,22,44,31.3,23.9,29.9,37.3,26.9
"Weiss, Ryan",680802,R,2026,131,22.9,15.3,.315,.568,.420,0.988,.269,.488,.426,.379,.381,90.3,16.8,39.5,11.1,49.4,23.7,44.5,42,27.2,33.3,27.2,30.9
"Pallette, Peyton",688883,R,2026,97,22.7,16.5,.218,.346,.371,0.717,.250,.384,.333,.356,.397,89.5,16.1,35.7,7.1,42.9,28.4,39.8,37.5,32.1,35.7,17.9,32.1
"Crochet, Garrett",676979,L,2026,138,26.8,8,.270,.467,.350,0.817,.262,.442,.358,.344,.344,89.6,14.3,41.9,10.7,45.3,24,49,39.5,23.3,37.2,24.4,36
"Heasley, Jonathan",669169,R,2026,19,10.5,0,.421,.842,.421,1.263,.352,.791,.536,.479,.352,95.1,16.8,41.2,11.8,58.8,7.9,59.4,47.1,17.6,29.4,47.1,23.5
"Englert, Mason",669438,R,2026,179,21.2,5,.313,.614,.348,0.962,.286,.563,.402,.373,.315,89.4,18.4,35.1,16.3,39.8,24.2,52.6,48.9,20.6,32.8,32.8,25.2
"France, J.P.",641585,R,2026,31,12.9,16.1,.240,.400,.387,0.787,.293,.534,.358,.420,.430,89.9,17.4,23.8,14.3,42.9,15.1,45.3,42.9,14.3,47.6,33.3,14.3
"Jacob, Alek",689690,R,2026,23,26.1,8.7,.250,.450,.348,0.798,.179,.305,.352,.272,.286,85.5,22,14.3,7.1,35.7,37.8,51.7,35.7,35.7,42.9,35.7,7.1
"Suarez, José",660761,L,2026,277,22,9.7,.298,.450,.371,0.821,.267,.360,.359,.317,.344,87.9,16,38.2,2.7,32.3,26.7,48.7,45.2,17.2,40.9,23.7,28.5
"Manfredi, Mark",815081,L,2026,75,21.3,12,.227,.348,.320,0.668,.228,.417,.301,.325,.321,91.2,15.2,24,8,46,25.4,42.3,38,20,40,32,22
"Vaughn, Andrew",683734,R,2026,26,3.8,19.2,.600,1.200,.692,1.892,.428,.764,.751,.552,.560,91.3,20,57.9,15.8,42.1,17.2,34.5,63.2,0,42.1,36.8,21.1
"Nola, Aaron",605400,R,2026,744,23.8,7.9,.262,.482,.321,0.803,.243,.419,.346,.314,.303,88.5,13.3,35,9.3,40.3,27.1,46.3,42.1,21.7,41.1,27.9,24.5
"Eovaldi, Nathan",543135,R,2026,613,23.5,5.7,.253,.434,.306,0.740,.254,.422,.322,.318,.308,88.7,10.8,31,8.3,41.6,29.4,51.8,46.1,17.5,48,24.8,21.7
"Lawrence, Justin",664875,R,2026,177,24.3,15.8,.275,.549,.412,0.961,.267,.455,.414,.380,.403,90,12.4,40,10,43,26.3,40.6,44,23,43,25,26
"Lorenzen, Michael",547179,R,2026,619,14.5,8.7,.339,.546,.398,0.944,.300,.493,.406,.372,.366,91.2,11.9,34.5,9.2,46.3,18,44.5,45,21.3,43.7,24.7,26.7
"Martin, Riley",702303,L,2026,32,31.3,9.4,.179,.286,.258,0.544,.169,.312,.249,.250,.249,90.9,26.2,26.3,5.3,42.1,20.3,50,26.3,26.3,36.8,31.6,15.8
"Pagán, Emilio",641941,R,2026,174,25.9,6.3,.213,.400,.277,0.677,.200,.395,.293,.286,.264,90.1,26,35.1,10.5,45.6,25.9,52,43.9,18.4,26.3,40.4,18.4
"Molina, Anthony",683627,R,2026,136,22.8,5.1,.225,.372,.265,0.637,.241,.403,.278,.297,.280,87.7,15.6,42.9,7.1,36.7,23.2,51.8,33.7,25.5,37.8,30.6,26.5
"Meyer, Max",676974,R,2026,462,26.2,8.9,.207,.339,.289,0.628,.227,.375,.282,.304,.308,89.7,14.2,32.1,8.6,42,28.6,46.7,38.2,24.2,43.3,26.6,21.8
"Verlander, Justin",434378,R,2026,39,17.9,7.7,.306,.639,.359,0.998,.271,.572,.422,.382,.327,92.3,27.2,31,13.8,44.8,18.6,50.3,55.2,20.7,17.2,41.4,27.6
"Feltner, Ryan",663372,R,2026,548,16.8,9.7,.275,.486,.344,0.830,.254,.450,.357,.337,.327,87.3,14.3,30.9,9.5,35.9,23.6,49.1,41.9,21.2,42.9,29.4,20.9
"Adam, Jason",592094,R,2026,142,15.5,7,.233,.388,.303,0.691,.227,.380,.307,.300,.298,87.8,11.6,26.2,7.5,37.4,28.5,52.3,44.9,19.6,46.7,31.8,14
"Bird, Jake",656234,R,2026,172,23.8,7.6,.276,.454,.349,0.803,.234,.410,.351,.318,.312,89,15.1,34.5,8.8,36.3,27.1,41.3,41.6,23.9,38.9,27.4,22.1
"Gusto, Ryan",687473,R,2026,392,18.9,7.1,.277,.437,.337,0.774,.282,.438,.339,.341,.341,89.5,14.6,39.3,8.8,43.2,20.7,49.4,37.2,26.3,39.6,25.6,28.1
"Bednar, David",670280,R,2026,280,27.1,7.1,.205,.299,.264,0.563,.215,.309,.249,.263,.272,87.3,8.7,26.4,4.9,35.7,30.8,53.1,47.8,15.9,51.6,20.9,17.6
"Zimmermann, Bruce",669145,L,2026,21,9.5,4.8,.300,.450,.333,0.783,.235,.324,.341,.261,.271,87.2,22.6,33.3,0,27.8,10.3,40.3,27.8,27.8,33.3,33.3,22.2
"Winquest, Cade",685464,R,2026,57,28.1,14,.196,.283,.316,0.599,.155,.212,.278,.242,.287,87,10.3,21.9,3.1,28.1,26.5,41.6,37.5,31.3,53.1,28.1,15.6
"Santana, Dennis",642701,R,2026,250,19.6,10,.253,.452,.337,0.789,.251,.423,.344,.331,.330,88.7,18.6,38.2,8.1,40.5,25.8,49.2,43.9,22.5,33.5,32.9,24.9
"Winn, Keaton",676775,R,2026,176,18.8,9.7,.222,.340,.309,0.649,.240,.360,.290,.308,.324,86.8,7,27.6,4.9,33.3,23,47.4,42.3,22.8,49.6,21.1,23.6
"Blanco, Ronel",669854,R,2026,143,20.3,11.2,.240,.496,.331,0.827,.243,.434,.358,.337,.334,89.3,18.8,33,9.3,36.1,25.9,49.5,48.5,17.5,36.1,37.1,19.6
"Sandlin, David",689818,R,2026,167,24,7.8,.235,.425,.299,0.724,.238,.397,.317,.307,.302,87.6,10.3,36.3,8.8,34.5,24.5,45.5,42.5,21.2,46,25.7,24.8
"Booser, Cam",592155,L,2026,152,29.6,3.9,.174,.306,.204,0.510,.204,.347,.222,.252,.234,90.2,23.1,32.7,5.9,37.6,28.6,55.5,42.6,25.7,30.7,33.7,22.8
"Ohtani, Shohei",660271,R,2026,340,27.9,7.6,.180,.262,.257,0.519,.201,.287,.239,.257,.276,87.4,11.2,26.8,3.8,33.8,30.4,47.5,39.9,25.4,52.1,20.2,18.8
"Bernardino, Brennan",657514,L,2026,267,18.4,5.6,.247,.381,.302,0.683,.246,.382,.299,.298,.299,87.1,11.2,30.5,5.6,30.5,22.2,46.4,36.5,24.9,46.2,25.9,22.3
"Tur, Yunior",814305,R,2026,78,17.9,14.1,.379,.742,.474,1.216,.307,.618,.510,.438,.415,89.5,22.3,46.2,13.7,38.5,30,44.2,36.5,26.9,30.8,36.5,21.2
"Blubaugh, AJ",805123,R,2026,401,23.4,10.5,.218,.394,.303,0.697,.226,.397,.306,.317,.315,89.3,18.9,37,10.3,37,28.1,48.8,37.4,27.1,34.7,34,23.3
"Smith, Cade",671922,R,2026,295,36.3,7.8,.183,.278,.255,0.533,.189,.315,.241,.261,.262,91.4,13.8,35.4,8.7,42.8,34.5,49.6,36,27.3,41,29.8,21.7
"Glasnow, Tyler",607192,R,2026,288,34,8.7,.175,.304,.247,0.551,.190,.332,.245,.263,.259,90.1,16.7,32.3,8.5,38.4,32.1,42.3,40.9,25.6,41.5,29.3,23.2
"Eisert, Brandon",685126,L,2026,189,25.9,7.4,.254,.432,.315,0.747,.239,.378,.327,.299,.301,89.5,14.4,34.4,6.4,39.2,30.6,45.9,42.4,31.2,41.6,27.2,26.4
"Headrick, Brent",687396,L,2026,326,30.1,8.3,.231,.364,.295,0.659,.219,.322,.290,.271,.284,88.1,16.3,38.8,4.5,37.3,31.8,52.6,38.3,25.9,37.3,24.4,30.8
"Bidois, Brandan",684049,R,2026,80,25,15,.297,.547,.405,0.952,.253,.469,.407,.363,.370,90.9,22.2,38.3,17,46.8,37.7,48.9,44.7,21.3,25.5,44.7,21.3
"Lauer, Eric",641778,L,2026,466,15.5,7.5,.256,.486,.318,0.804,.256,.475,.347,.342,.319,88.7,22,34.8,11,36,18.6,51.9,39.7,25.8,31.7,38.2,20.4
"Hernández, Jonathan",642546,R,2026,109,20.2,11.9,.219,.385,.312,0.697,.255,.389,.304,.321,.332,88.4,14.8,27,5.5,40.5,19.9,43.8,39.2,25.7,40.5,31.1,24.3
"Walston, Blake",686796,L,2026,13,15.4,23.1,.125,.250,.308,0.558,.222,.517,.178,.323,.289,85.7,12.8,50,12.5,12.5,33.3,35.7,25,25,50,37.5,12.5
"Littell, Zack",641793,R,2026,540,13.5,7.2,.278,.511,.330,0.841,.299,.539,.360,.384,.353,91.7,18.6,37.2,11.3,43.8,16.2,50.1,39.3,23.3,35.1,33.9,23.5
"Doval, Camilo",666808,R,2026,273,24.2,12.1,.250,.382,.342,0.724,.223,.333,.319,.299,.322,90.9,7.3,28.1,6.5,47.4,28.5,46.1,39.8,25.1,52,19.3,22.2
"Nicolas, Kyle",693312,R,2026,42,16.7,31,.276,.414,.500,0.914,.272,.444,.422,.434,.509,87.2,27.5,36.4,5,31.8,23.7,29.8,40.9,27.3,27.3,31.8,27.3
"Bolton, Cody",675989,R,2026,95,23.2,14.7,.269,.462,.383,0.845,.276,.472,.371,.380,.392,90.7,15.4,36.2,10.3,48.3,19.6,41.7,34.5,22.4,37.9,29.3,27.6
"King, John",667463,L,2026,197,16.8,8.6,.192,.372,.276,0.648,.229,.404,.281,.310,.303,89.3,11.3,32.2,8.5,37.8,21.7,47.2,41.3,22.4,47.6,26.6,21
"Ritchie, JR",702275,R,2026,326,20.9,13.2,.237,.431,.351,0.782,.246,.417,.345,.345,.357,89.4,11.4,31.6,9.6,41.6,22.4,42.9,44,23.4,47.4,27.3,20.1
"Cano, Yennier",666974,R,2026,203,22.2,5.9,.214,.278,.271,0.549,.228,.342,.250,.283,.289,89.3,1.8,26.6,5.8,39.9,25.7,44.6,48.3,16.1,62.2,16.8,18.2
"Yarbrough, Ryan",642232,L,2026,268,18.3,8.6,.226,.331,.305,0.636,.233,.325,.285,.285,.308,83.7,17.7,37,3.6,25,25,47.9,39.6,24.5,35.4,28.6,25.5
"Lowder, Rhett",695076,R,2026,603,17.1,9.3,.274,.447,.348,0.795,.274,.463,.349,.353,.348,90,14.3,37.4,9.8,38.1,18.6,44.1,40.8,24.5,41.5,27.1,25.9
"Perkins, Jack",678022,R,2026,541,25.9,9.4,.263,.462,.344,0.806,.234,.390,.351,.311,.314,88.5,14,35.9,8.9,36.7,27.3,48.1,34.7,26.8,37.4,32.1,25
"Kingham, Nolan",663884,R,2026,6,16.7,33.3,.333,.333,.500,0.833,.152,.175,.381,.333,.433,83.7,19.6,33.3,0,0,25,36.4,33.3,33.3,33.3,33.3,33.3
"Johnson, Ryan",696270,R,2026,437,18.1,9.8,.251,.426,.333,0.759,.252,.434,.333,.336,.333,87.2,19.6,32.7,9.4,35.3,23.1,46.7,40.5,24.3,35,34.6,22.3
"Rutledge, Jackson",671131,R,2026,12,16.7,16.7,.600,.900,.667,1.567,.315,.527,.651,.418,.429,85.2,3.4,25,12.5,37.5,34.8,52.3,50,25,75,12.5,12.5
"Rea, Colin",607067,R,2026,587,17.2,8,.256,.420,.324,0.744,.272,.472,.328,.351,.338,90,12.2,36.1,10.2,41.7,19.8,46.9,34.5,28.2,44,28.7,22.2
"Phillips, Connor",683175,R,2026,145,20,21.4,.209,.355,.393,0.748,.233,.399,.347,.373,.414,90.2,21.4,36.6,8.5,40.2,25.1,39.8,31.7,30.5,25.6,36.6,26.8
"Speier, Gabe",642100,L,2026,190,23.7,7.9,.211,.355,.293,0.648,.214,.388,.285,.297,.289,88.1,13.5,28,10.5,36.8,24.5,52,32,26.4,44,28.8,20
"Hall, DL",669084,L,2026,241,26.6,14.5,.144,.238,.275,0.513,.193,.300,.246,.286,.318,88.5,11.2,31.4,6.5,32.9,28,42.2,35.7,27.9,44.3,28.6,19.3
"Peralta, Freddy",642547,R,2026,730,21.4,8.6,.247,.413,.320,0.733,.234,.371,.323,.302,.309,87.6,16.5,35.2,5.8,37.2,26.1,48,38,26,40.4,28.2,23.9
"Kikuchi, Yusei",579328,L,2026,305,22,9.8,.278,.447,.351,0.798,.257,.417,.346,.333,.336,90.7,11.9,33.2,8.3,44.4,23.5,48.8,45.4,18.5,43.9,21,26.3
"Wells, Tyler",669330,R,2026,277,26,6.5,.187,.331,.244,0.575,.201,.346,.251,.266,.256,88.1,25.9,35.1,7,33,30.6,52.3,36.8,25.4,27.6,33,23.2
"Leiter Jr., Mark",643410,R,2026,144,26.4,7.6,.258,.344,.333,0.677,.269,.365,.304,.316,.339,86.8,14.4,37.4,3.3,31.9,30.3,46.1,45.1,13.2,42.9,24.2,27.5
"Sisk, Evan",681895,L,2026,197,25.4,12.7,.226,.327,.359,0.686,.206,.293,.318,.299,.343,85.6,11.6,31,3.5,31,27.4,40.7,33.6,19.5,45.1,14.2,26.5
"Monteverde, Patrick",687287,L,2026,18,11.1,5.6,.294,.647,.333,0.980,.255,.409,.410,.307,.296,88.6,29.1,40,6.7,33.3,10.8,56.9,40,26.7,20,46.7,26.7
"Mejia, Juan",675848,R,2026,323,20.4,12.4,.285,.398,.378,0.776,.262,.384,.344,.332,.356,88.9,13,33.2,3.8,38.8,23.7,47,33.6,30.8,42.5,25.2,26.2
"Sheehan, Emmet",686218,R,2026,472,28,7,.232,.441,.297,0.738,.218,.379,.320,.292,.285,88.7,20.3,34.4,9.7,38.5,31.6,50.7,45.8,18.7,35.8,29.8,23.1
"Gibson, Trey",694346,R,2026,185,20,14.6,.265,.432,.375,0.807,.279,.457,.357,.372,.390,90.8,7.4,30.8,8.5,45,21.5,41.8,40,25.8,54.2,18.3,25
"Buehler, Walker",621111,R,2026,651,20.1,8.8,.256,.419,.329,0.748,.245,.402,.329,.317,.318,89.3,11.6,30.9,8.4,38.7,19.5,45.1,38.6,22.4,47.4,23.2,22.1
"Knack, Landon",689017,R,2026,50,16,4,.261,.587,.300,0.887,.221,.445,.370,.311,.271,90.6,23.1,35.9,12.8,43.6,20.9,48.7,46.2,30.8,28.2,38.5,23.1
"Griffin, Foster",656492,L,2026,721,21.9,6.2,.248,.404,.305,0.709,.262,.414,.311,.320,.318,87.8,11.9,36.6,8.3,37,23.2,48.4,41.1,21.7,45.5,24.8,24.2
"Duran, Carlos",679922,R,2026,9,11.1,33.3,.333,.333,.556,0.889,.166,.199,.431,.334,.444,75.9,-3.4,40,0,0,30,28.6,20,40,80,0,20
"Bender, Anthony",669622,R,2026,140,29.3,8.6,.169,.226,.257,0.483,.193,.283,.224,.253,.273,88.4,12.2,28.6,7.1,33.3,24,40.3,40.5,21.4,44,32.1,20.2
"Manaea, Sean",640455,L,2026,653,22.1,6.7,.262,.477,.327,0.804,.252,.441,.347,.333,.320,89.5,15.3,34.3,11,42.5,22.2,50.4,41,25.8,40.1,30.5,22.9
"Henry, Cole",669371,R,2026,71,21.1,11.3,.288,.542,.400,0.942,.256,.478,.409,.374,.373,88.9,27,36.4,13.6,40.9,23.3,47.2,43.2,20.5,27.3,38.6,22.7
"Scott, Christian",681035,R,2026,474,28.3,9.9,.224,.356,.314,0.670,.221,.344,.302,.297,.313,86.8,18.1,38.4,6.3,34.5,27,49.5,38,28.5,32.7,29.6,28.5
"Ferguson, Caleb",657571,L,2026,150,20.7,12.7,.287,.473,.376,0.849,.253,.421,.367,.334,.339,88.5,8.3,35.4,7.1,38.4,19.7,45.9,38.4,26.3,50.5,22.2,22.2
"Armstrong, Shawn",542888,R,2026,154,22.1,12.3,.229,.366,.333,0.699,.216,.383,.313,.315,.322,88.5,16.7,31.3,7.1,35.4,23.7,49,32.3,34.3,44.4,28.3,19.2
"Iglesias, Raisel",628452,R,2026,239,26.8,7.1,.217,.344,.276,0.620,.231,.370,.274,.289,.286,88.2,17.1,35,9.6,37.6,30,52.4,40.8,21,38.2,26.8,26.1
"Peguero, Joel",666711,R,2026,48,10.4,8.3,.238,.310,.333,0.643,.192,.247,.297,.255,.293,84.5,6.8,24.3,0,24.3,18.1,55.6,24.3,35.1,56.8,21.6,18.9
"Leahy, Kyle",681517,R,2026,596,22.1,6.9,.269,.418,.325,0.743,.272,.445,.327,.337,.328,91,9.7,36.2,9.8,47,22.7,46.3,40,22.3,45.8,23.7,26.1
"Little, Brendon",663893,L,2026,132,33.3,18.9,.274,.472,.412,0.884,.184,.304,.377,.282,.308,90,-0.3,25.4,6.3,41.3,41.6,42.2,39.7,17.5,60.3,19,17.5
"Stratton, Hunter",676702,R,2026,15,20,0,.400,.467,.400,0.867,.403,.476,.381,.383,.403,87,1.7,33.3,0,25,16.7,53.6,50,16.7,50,0,41.7
"Senga, Kodai",673540,R,2026,283,26.5,14.5,.253,.494,.371,0.865,.239,.432,.377,.351,.359,89.9,19.9,43.6,13.5,39.3,29.1,44.4,38,28.2,29.4,34.4,30.1
"Callihan, Tyler",682997,R,2026,15,6.7,20,.250,.250,.400,0.650,.282,.415,.318,.380,.425,91.8,20.6,27.3,0,54.5,0,35.8,18.2,36.4,36.4,36.4,18.2
"Irvin, Cole",608344,L,2026,30,16.7,10,.308,.500,.400,0.900,.288,.512,.395,.390,.383,89.2,5.3,33.3,9.5,52.4,18.2,53.9,57.1,14.3,52.4,28.6,19
"Jones, Jared",683003,R,2026,415,29.6,7.5,.209,.365,.273,0.638,.209,.351,.281,.276,.273,89.1,17.2,34.1,7.4,37.6,32.6,49.5,39.1,27.1,37.2,28.3,25.2
"Rodriguez, Bradgley",699134,R,2026,301,26.9,6.6,.212,.342,.264,0.606,.190,.297,.266,.239,.242,87.1,9.9,27,4.5,30,30.1,51.6,43.5,22.5,51,25.5,17
"Banda, Anthony",607455,L,2026,156,21.2,9.6,.235,.402,.348,0.750,.234,.375,.334,.325,.344,90.2,16.1,32,7.1,39,26.7,44.9,31,27,41,32,22
"Stanek, Ryne",592773,R,2026,267,24.3,12,.225,.381,.323,0.704,.228,.375,.314,.311,.323,89,14.1,29.9,7.8,35.9,29.7,48.7,44.9,29.9,40.7,26.9,22.8
"McFarlane, Alex",686934,R,2026,79,25.3,8.9,.211,.324,.282,0.606,.240,.350,.273,.294,.308,87.4,9.4,32.7,7.7,40.4,27.9,47.1,32.7,17.3,48.1,19.2,23.1
"Sullivan, Sean",807743,L,2026,114,14,9.6,.343,.677,.421,1.098,.241,.431,.461,.335,.334,88.5,28.6,44,9.5,34.5,16.2,47.8,35.7,38.1,20.2,40.5,29.8
"Shook, TJ",669298,R,2026,36,19.4,5.6,.353,.765,.389,1.154,.261,.464,.484,.328,.303,91.4,17.1,44.4,7.4,40.7,21.9,47.8,40.7,29.6,29.6,37,33.3
"Cole, Gerrit",543037,R,2026,519,25.2,4.8,.235,.422,.275,0.697,.248,.401,.302,.300,.288,90.8,19.7,36.2,9,44.6,21.3,49.2,39.3,26.2,34.3,27,28.1
"Cuas, Jose",621016,R,2026,108,23.1,13.9,.283,.337,.380,0.717,.297,.392,.325,.352,.390,85.2,19.5,39.7,2.9,35.3,27.3,46.5,36.8,33.8,27.9,20.6,36.8
"Anderson, Shaun",641312,R,2026,93,18.3,10.8,.309,.469,.391,0.860,.303,.515,.380,.391,.386,88.2,14.2,33.8,9.2,38.5,26.6,45,43.1,24.6,46.2,21.5,24.6
"Gore, MacKenzie",669022,L,2026,750,23.2,9.5,.241,.395,.318,0.713,.244,.390,.315,.314,.320,89.2,15.4,34.1,8.6,41.4,24.9,48.9,38.2,23.7,40.2,26.9,26.3
"Kilian, Caleb",668873,R,2026,209,26.8,10.5,.238,.359,.322,0.681,.216,.360,.302,.292,.297,87.8,12,30.2,8.6,34.9,27.9,48.7,35.7,26.4,48.8,27.1,17.1
"Quintana, Jose",500779,L,2026,212,11.8,9.4,.283,.527,.348,0.875,.279,.483,.370,.357,.345,88.7,19.9,35.5,9.6,34.9,20.9,46.9,45.8,22.9,34.3,33.7,22.3
"Vesia, Alex",681911,L,2026,237,31.2,13.5,.147,.245,.262,0.507,.164,.279,.233,.254,.270,87.4,21.4,29,6.1,33.6,33.6,48.3,34.4,29,29.8,38.2,19.8
"Strahm, Matt",621381,L,2026,161,18.6,8.7,.269,.572,.342,0.914,.225,.428,.388,.316,.298,89.5,24.4,28.7,11.3,39.1,23.2,49.8,42.6,27.8,27.8,44.3,17.4
"Morejon, Adrian",670970,L,2026,352,30.4,8,.205,.271,.278,0.549,.195,.267,.244,.237,.255,86.4,1.6,28.3,2.8,32.5,34.2,52.6,31.6,27.4,58,16,22.2
"Crow, Coleman",689441,R,2026,85,11.8,7.1,.276,.474,.329,0.803,.269,.448,.340,.340,.326,89.2,17.2,36.8,7.4,36.8,16.3,51.9,36.8,23.5,36.8,26.5,25
"Bassitt, Chris",605135,R,2026,460,16.1,8.3,.293,.423,.363,0.786,.279,.413,.348,.338,.352,88.3,10.8,31.9,5,37.8,20.9,46.4,37.8,25.1,45.4,24.5,23.6
"Burgos, Juan",686228,R,2026,17,0,0,.214,.286,.267,0.553,.196,.374,.251,.274,.249,84.6,27.7,12.5,6.3,25,10.3,54.7,43.8,18.8,50,18.8,6.3
"Espino, Daniel",682982,R,2026,65,38.5,10.8,.207,.379,.292,0.671,.182,.317,.299,.264,.270,85.3,19.2,27.3,12.1,36.4,36.8,48.7,57.6,18.2,36.4,39.4,21.2
"Adams, Blake",687060,R,2026,9,0,22.2,.714,1.286,.778,2.064,.535,1.109,.820,.698,.638,93.7,17,57.1,28.6,57.1,17.6,45.9,42.9,14.3,14.3,42.9,42.9
"Natera Jr., Samy",696519,L,2026,131,36.6,9.9,.193,.272,.282,0.554,.178,.261,.256,.246,.271,88.9,27.7,33.8,4.4,35.3,35.7,47.8,35.3,26.5,22.1,36.8,30.9
"Ross, Dylan",697811,R,2026,3,0,0,.000,.000,.000,0.000,.119,.141,.000,.108,.119,62.6,28.1,33.3,0,0,16.7,54.5,0,33.3,66.7,0,0
"Myers, Tobias",668964,R,2026,230,17.8,7,.268,.483,.316,0.799,.259,.407,.341,.313,.309,91.1,21.9,31.2,5.2,44.5,20.3,52.5,37.6,24.9,32.4,28.3,26
"Mlodzinski, Carmen",669387,R,2026,537,18.1,8.2,.257,.374,.323,0.697,.280,.424,.310,.337,.343,90.7,13.4,33.8,6.9,46.5,20.9,45,41.7,25.1,43.2,23.5,26.6
"Cornielle, Alexander",529017,R,2026,7,28.6,14.3,.500,1.167,.571,1.738,.334,1.089,.700,.602,.429,98.9,11.3,50,50,50,21.1,55.9,50,25,25,50,25
"Vásquez, Randy",681190,R,2026,587,14.8,6.3,.262,.422,.312,0.734,.288,.489,.319,.356,.337,91.3,16.4,36.2,9.6,43.2,19.1,50.7,43.7,20.1,39.5,27.7,25.8
"Flaherty, Jack",656427,R,2026,396,26,10.6,.238,.411,.330,0.741,.236,.392,.326,.321,.329,90.3,21.9,39.8,8.2,45.5,27.1,45.1,42.2,25.4,31.6,31.1,26.6
"Pop, Zach",647315,R,2026,31,19.4,9.7,.200,.320,.290,0.610,.248,.358,.271,.317,.338,93.3,11.1,23.8,4.8,47.6,15.4,40,33.3,28.6,52.4,28.6,19
"Cleavinger, Garrett",664076,L,2026,181,29.8,12.2,.243,.414,.337,0.751,.239,.377,.325,.317,.330,86.9,11.7,36.9,7.8,40.8,28.3,47.7,41.7,26.2,39.8,22.3,29.1
"Ribalta, Orlando",687377,R,2026,178,23.6,10.1,.217,.344,.294,0.638,.209,.382,.285,.296,.289,84.6,18.2,27.1,7.6,32.2,26.7,51.5,41.5,19.5,39.8,31.4,16.1
"Cornelio, Riley",683000,R,2026,160,25,18.1,.206,.294,.346,0.640,.198,.305,.297,.306,.340,88.1,18.8,31.9,7.7,45.1,34.5,47,37.4,28.6,41.8,31.9,16.5
"Gonzales, Marco",594835,L,2026,29,10.3,13.8,.280,.360,.379,0.739,.208,.294,.324,.267,.293,84.8,18.4,31.8,4.5,22.7,17.3,44.1,45.5,18.2,36.4,27.3,27.3
"Wilson, Bryse",669060,R,2026,151,20.5,2,.301,.445,.325,0.770,.286,.435,.336,.322,.310,92,14.1,37.4,4.4,47.8,18.1,53.6,35.7,29.6,39.1,25.2,29.6
"Paredes, Mike",702474,R,2026,154,12.3,8.4,.269,.470,.342,0.812,.279,.445,.352,.348,.352,91.5,16.3,33.9,6.8,50.8,19.3,49.7,48.3,19.5,39,29.7,26.3
"Parker, Mitchell",680730,L,2026,178,19.1,7.3,.289,.503,.351,0.854,.272,.462,.371,.347,.335,90.9,14.5,34.1,8.5,41.9,28.1,50.3,45,24.8,40.3,27.9,25.6
"Bachman, Sam",696147,R,2026,217,22.6,13.4,.223,.380,.341,0.721,.221,.337,.324,.309,.338,86.2,6.8,30.4,8.3,33.3,33.3,43.7,48.9,21.5,50.4,20,24.4
"Martin, Davis",663436,R,2026,617,19.8,7.5,.262,.391,.328,0.719,.271,.414,.319,.331,.338,90.4,12.3,34.2,6.5,45.1,23.4,48.4,40.8,21.2,43.3,23,27.6
"Montero, Keider",672456,R,2026,625,17.1,5.9,.216,.359,.269,0.628,.231,.381,.275,.290,.282,88.5,16.8,30.5,7.2,36.4,18.4,47.7,36.2,25.3,40.2,27.2,20.6
"Sears, JP",676664,L,2026,143,17.5,7.7,.258,.422,.324,0.746,.263,.441,.328,.345,.334,90.6,16,27.9,8.7,45.2,20.7,47.4,39.4,22.1,43.3,33.7,20.2
"Van Eyk, CJ",669310,R,2026,55,5.5,3.6,.300,.500,.345,0.845,.303,.557,.364,.395,.358,87.9,16.1,33.3,12.5,43.8,15.9,50.2,50,25,43.8,33.3,18.8
"Shugart, Chase",663767,R,2026,223,26.5,9,.223,.430,.300,0.730,.214,.390,.314,.300,.294,87.1,17.4,35.7,10,33.6,23.4,40.4,33.6,30,35.7,38.6,20
"Taillon, Jameson",592791,R,2026,370,20.5,8.6,.253,.527,.322,0.849,.261,.532,.364,.367,.327,89.2,18.7,36.9,14.6,39.6,26.5,46.3,46.9,25,34.2,38.1,20.8
"Suárez, Albert",544150,R,2026,262,17.6,7.6,.238,.414,.294,0.708,.249,.399,.307,.311,.306,89.3,18,39.8,7.1,39.3,23.7,50,37.2,30.6,33.7,27.6,29.6
"Seymour, Ian",693855,L,2026,551,28.7,6.5,.227,.437,.283,0.720,.220,.396,.308,.291,.273,88.3,20.5,34.4,9.9,36.9,29.4,51.7,44.6,19.3,35.2,30.4,23.3
"Edwards Jr., Carl",605218,R,2026,25,44,16,.143,.286,.280,0.566,.159,.250,.265,.258,.293,93.6,15.9,40,10,40,51.2,43.4,50,30,40,40,20
"McLean, Nolan",690997,R,2026,747,26,9.4,.214,.331,.303,0.634,.219,.339,.288,.294,.310,87.9,10.4,32.5,6.5,35.5,23.6,44.3,38.7,27.6,45.9,23.9,23.7
"Burrows, Mike",681347,R,2026,423,17.7,8.3,.292,.508,.357,0.865,.263,.440,.375,.335,.330,88.3,15.7,35.6,8.4,38.8,21.6,49.3,42.4,23.9,37.9,28.5,25.6
"Pushard, Matt",690155,R,2026,32,18.8,12.5,.240,.280,.355,0.635,.278,.390,.298,.347,.386,89.2,13.1,40,0,50,16,41.7,35,15,35,30,35
"Suarez, Ranger",624133,L,2026,612,22.9,7.5,.235,.339,.300,0.639,.243,.349,.286,.294,.308,86.8,13,36.8,5.3,33.7,21.7,45.1,38.2,22.4,43.4,22.7,26.7
"Wesneski, Hayden",669713,R,2026,246,18.7,8.1,.221,.338,.290,0.628,.247,.363,.281,.301,.312,88,11,33.1,5.1,39.9,23.6,49.1,42.7,20.2,44.9,19.7,27
"Kelly, Michael",547184,R,2026,32,18.8,18.8,.462,.769,.563,1.332,.349,.522,.557,.436,.471,88.3,18.8,55,15,45,24.1,44.6,55,20,20,20,45
"Hjerpe, Cooper",687309,L,2026,55,27.3,16.4,.163,.209,.327,0.536,.211,.260,.268,.302,.366,85.1,17.6,24.1,0,27.6,24.8,44.5,48.3,24.1,48.3,17.2,20.7
"Spence, Mitch",687765,R,2026,56,10.7,16.1,.413,.717,.500,1.217,.279,.409,.509,.361,.393,91.6,15.9,26.8,2.4,41.5,20,45,53.7,9.8,46.3,17.1,26.8
"Trevino, Jose",624431,R,2026,49,6.1,2,.468,.745,.490,1.235,.379,.635,.530,.444,.404,89.8,18.5,43.2,13.6,43.2,7.7,51.2,50,15.9,34.1,27.3,34.1
"Yoho, Craig",684974,R,2026,164,25,11,.206,.397,.309,0.706,.227,.385,.314,.318,.329,86.1,14.2,43.1,9,31.4,28.4,46,45.1,17.6,41.2,23.5,29.4
"Bigge, Hunter",685801,R,2026,85,16.5,16.5,.200,.329,.329,0.658,.230,.340,.297,.311,.346,89.6,18.8,35.1,5.3,36.8,25.9,43.6,45.6,21.1,42.1,29.8,15.8
"Brito, Jhony",666745,R,2026,35,17.1,2.9,.206,.412,.229,0.641,.225,.419,.275,.285,.247,88.1,15.5,25,10.7,32.1,27.8,58.5,42.9,14.3,42.9,39.3,10.7
"Cook, Alex",702047,R,2026,24,20.8,8.3,.182,.364,.250,0.614,.153,.276,.270,.222,.224,89.6,26.7,47.1,5.9,35.3,22.5,40.8,29.4,35.3,17.6,29.4,35.3
"Perales, Luis",691384,R,2026,60,21.7,21.7,.319,.681,.467,1.148,.246,.488,.483,.394,.409,90.7,18.2,44.1,14.7,50,33.6,50,38.2,23.5,38.2,35.3,20.6
"Schultz, Paxton",687606,R,2026,153,20.9,7.8,.314,.489,.371,0.860,.275,.453,.372,.342,.333,91,20.2,35.5,8.4,39.3,18.7,44.8,33.6,27.1,34.6,36.4,22.4
"Roberts, Ethan",681799,R,2026,110,15.5,12.7,.237,.376,.355,0.731,.255,.391,.332,.342,.370,91.1,14,26.3,3.9,44.7,22.6,43.6,43.4,25,47.4,21.1,22.4
"Brzykcy, Zach",694350,R,2026,12,16.7,16.7,.300,.400,.417,0.817,.244,.276,.370,.304,.370,91.6,1.3,12.5,0,37.5,16.7,37.5,75,12.5,75,12.5,12.5
"Murdock, Noah",668716,R,2026,15,26.7,20,.273,.273,.400,0.673,.153,.222,.318,.259,.312,90.6,0.1,0,0,62.5,23.1,40.6,37.5,0,75,25,0
"Whisenhunt, Carson",687931,L,2026,164,15.9,12.8,.293,.464,.384,0.848,.272,.467,.372,.368,.372,91.3,16.4,39.7,7.8,44.8,28.2,45.4,46.6,16.4,33.6,33.6,27.6
"McCullers Jr., Lance",621121,R,2026,195,24.6,13.8,.247,.458,.359,0.817,.236,.378,.359,.328,.350,90.5,13.4,37.3,7.6,47.5,27.9,41.6,48.3,21.2,44.1,24.6,22
"Barlow, Scott",605130,R,2026,153,19,13.1,.210,.435,.346,0.781,.236,.448,.341,.358,.362,87.9,18.9,30.9,9.3,36.1,33.1,42.7,46.4,17.5,37.1,35.1,20.6
"Zeferjahn, Ryan",666171,R,2026,303,31,12.9,.195,.323,.322,0.645,.183,.281,.291,.273,.301,88.9,13.3,30,5.7,35.6,32,42.1,39.4,21.9,45,21.9,22.5
"Montgomery, Mason",682254,L,2026,278,37.8,9.4,.180,.292,.259,0.551,.186,.283,.247,.247,.260,88.1,8.5,26.7,6.2,42.5,32.5,49.2,32.9,30.1,53.4,19.9,19.9
"Bazardo, Eduard",660825,R,2026,297,23.6,8.4,.278,.471,.339,0.810,.263,.450,.348,.339,.327,89.9,17.5,38.5,9.5,40.5,21.9,44.8,34.5,22,35.5,30.5,25.5
"Imanaga, Shota",684007,L,2026,706,24.6,5.2,.233,.432,.281,0.713,.235,.410,.309,.301,.282,88.4,17.6,34.2,9.8,36.9,30,51.8,42.2,25.2,37.7,32.4,21.1
"Yean, Eddy",678868,R,2026,45,15.6,4.4,.190,.333,.244,0.577,.240,.319,.256,.273,.290,89.3,10.6,28.6,2.9,34.3,14.1,46.4,51.4,25.7,57.1,20,14.3
"Bummer, Aaron",607481,L,2026,88,14.8,12.5,.324,.676,.414,1.090,.271,.521,.457,.382,.369,91.7,14.2,34.9,12.7,49.2,19.5,47,44.4,20.6,47.6,30.2,15.9
"Rojas, Kendry",696070,L,2026,130,26.2,16.9,.221,.327,.362,0.689,.179,.282,.321,.288,.328,85.6,14,34.2,6.8,31.5,28.1,43.8,28.8,35.6,43.8,28.8,16.4
"Martinez, Nick",607259,R,2026,722,15.1,3.6,.249,.400,.278,0.678,.263,.412,.295,.307,.293,87,18.2,34.6,6.8,32.9,17.4,50.9,42.3,22.9,36.5,29.5,24.3
"O'Brien, Riley",676617,R,2026,276,23.2,10.5,.227,.335,.337,0.672,.257,.406,.303,.340,.355,88.9,7.1,34.1,7.6,42.2,26.8,44.3,31.8,26.6,47.4,20.8,29.5
"Criswell, Jeff",676105,R,2026,18,16.7,16.7,.267,.667,.389,1.056,.300,.613,.443,.436,.417,84.8,15.6,41.7,16.7,25,27,46.8,50,8.3,33.3,25,25
"Springs, Jeffrey",605488,L,2026,630,17.8,9,.270,.521,.340,0.861,.253,.450,.369,.339,.327,87.6,16.8,36.2,9.5,34.9,22.9,46.4,37.9,23.2,34.6,33.1,25.9
"Pallante, Andre",669467,R,2026,679,16.2,7.4,.253,.366,.314,0.680,.262,.383,.303,.313,.324,87.2,5.1,30.9,4.9,34.2,21,45,37.8,24.7,56.2,16.2,23.5
"Joyce, Ben",690829,R,2026,61,29.5,14.8,.157,.235,.295,0.530,.206,.335,.249,.301,.325,85.6,18.4,36.4,9.1,30.3,31.5,41.7,33.3,21.2,27.3,36.4,24.2
"Phillips, Tyler",663969,R,2026,538,18.8,10.4,.235,.384,.319,0.703,.256,.414,.313,.332,.338,89.5,9.7,32.4,8,42.2,26.4,45.8,41.9,22.8,47.7,27.9,22
"Estrada, Lazaro",681751,R,2026,57,15.8,17.5,.178,.311,.333,0.644,.217,.366,.294,.334,.359,89.2,14.6,32.4,8.1,40.5,23.8,44.3,43.2,16.2,43.2,29.7,21.6
"Williams, Trevor",592866,R,2026,120,28.3,8.3,.229,.381,.300,0.681,.233,.351,.299,.302,.313,86.1,11.1,35.1,6.8,36.5,27.9,48.1,47.3,21.6,47.3,25.7,21.6
"Sterner, Justin",686993,R,2026,184,21.7,7.1,.274,.524,.322,0.846,.224,.399,.359,.292,.275,90.3,14.9,30.5,9.2,45,29.9,52.1,38.2,22.9,41.2,32.1,19.8
"Hendrickson, Josh",681973,L,2026,9,33.3,0,.222,.222,.222,0.444,.215,.292,.198,.219,.215,98,19.1,33.3,0,66.7,40,42.9,33.3,0,33.3,33.3,33.3
"Smith, Shane",681343,R,2026,49,22.4,18.4,.316,.500,.458,0.958,.246,.293,.424,.333,.403,82.2,14.2,29.6,0,33.3,26,42.7,33.3,29.6,44.4,22.2,29.6
"Hollowell, Gavin",668970,R,2026,64,20.3,14.1,.204,.370,.328,0.698,.247,.450,.316,.359,.365,87.6,26.1,39,14.6,36.6,27.5,42.1,26.8,26.8,22,41.5,24.4
"Brieske, Beau",689225,R,2026,102,23.5,6.9,.245,.436,.297,0.733,.238,.395,.320,.301,.291,90.6,15.7,25.4,7,46.5,22.3,52.2,49.3,15.5,45.1,25.4,21.1
"Rodriguez, Eduardo",593958,L,2026,788,18.1,7.9,.240,.376,.301,0.677,.251,.415,.300,.318,.312,87.2,16,33.7,7.6,32.8,21.9,48.9,36.4,27.1,40,29,23.9
"Brown, Ben",676962,R,2026,265,24.5,7.2,.186,.248,.249,0.497,.223,.335,.228,.279,.286,90.3,10.1,31.3,7.3,43,27.3,47.1,36.3,22.3,44.7,25.1,23.5
"Cannon, Jonathan",686563,R,2026,18,22.2,27.8,.308,.462,.500,0.962,.252,.450,.433,.409,.460,87.5,11.2,33.3,11.1,22.2,30,50,22.2,22.2,33.3,33.3,33.3
"Johnson, Ty",694494,R,2026,34,32.4,11.8,.250,.429,.333,0.762,.230,.337,.331,.303,.326,86.8,24.5,52.6,10.5,31.6,29.1,49.1,26.3,36.8,15.8,36.8,36.8
"Sommers, Drew",805427,L,2026,169,36.7,8.3,.233,.327,.311,0.638,.175,.245,.285,.229,.250,85.3,2.3,24.4,3.3,30,31.1,49.5,32.2,27.8,63.3,14.4,18.9
"Seabold, Connor",657756,R,2026,113,17.7,8,.306,.429,.372,0.801,.253,.364,.352,.308,.328,88.1,12.2,35.8,6.3,37,20,47.3,29.6,27.2,43.2,28.4,24.7
"Kimbrel, Craig",518886,R,2026,196,20.4,11.2,.238,.375,.333,0.708,.244,.374,.313,.316,.333,89.8,19.2,31.3,5.3,36.6,23.1,47.9,39.7,23.7,33.6,33.6,25.2
"Shuster, Jared",694363,L,2026,44,9.1,13.6,.289,.447,.386,0.833,.239,.367,.362,.311,.328,91,12,17.6,2.9,50,13.6,39.8,32.4,23.5,50,29.4,14.7
"Gausman, Kevin",592332,R,2026,750,24.5,6.3,.259,.420,.305,0.725,.250,.410,.316,.309,.297,88.9,14.3,34.2,7.7,40,27.7,50.2,38.8,23.9,41.7,23.9,25.9
"Zerpa, Angel",672582,L,2026,55,14.5,10.9,.333,.521,.407,0.928,.327,.530,.405,.405,.402,92.4,0.3,24.4,7.3,51.2,17.8,41.7,39,22,61,14.6,19.5
"Bradley, Taj",671737,R,2026,748,27.4,10.2,.214,.360,.298,0.658,.227,.380,.294,.307,.311,90.9,15.2,40.2,9.1,45.4,27.4,47.2,36.9,27.6,35.6,29.2,27.4
"Yan, Jefry",642376,L,2026,96,27.1,15.6,.260,.390,.379,0.769,.225,.345,.346,.320,.353,87.8,6.7,29.6,7.4,42.6,35.3,46.3,50,20.4,53.7,24.1,16.7
"Bibee, Tanner",676440,R,2026,780,19,7.1,.246,.419,.304,0.723,.252,.420,.316,.320,.311,89,17.3,35.4,8.5,39.3,23.6,47.2,38.1,25.6,37.7,28.6,24.2
"Tong, Jonah",804636,R,2026,134,25.4,10.4,.211,.298,.301,0.599,.197,.311,.273,.274,.293,89.7,14.6,29.8,6,36.9,30.2,49.2,36.9,23.8,45.2,34.5,15.5
"Murphy, Luke",684665,R,2026,89,22.5,12.4,.273,.429,.371,0.800,.236,.372,.355,.320,.339,87.5,14.8,42.1,5.3,36.8,22,45.4,35.1,35.1,36.8,24.6,26.3
"Kelly, Antwone",699008,R,2026,81,17.3,9.9,.268,.549,.346,0.895,.273,.423,.380,.344,.356,89.5,8.9,36.2,6.9,41.4,16.2,50.5,41.4,22.4,50,20.7,25.9
"Fulton, Dax",690978,L,2026,122,23.8,12.3,.219,.333,.320,0.653,.226,.320,.296,.298,.329,89.4,4.3,31.2,5.3,41.6,26.8,43.6,37.7,23.4,55.8,11.7,28.6
"Miles, Spencer",693686,R,2026,388,24,6.4,.222,.297,.274,0.571,.232,.327,.256,.271,.282,87.1,7,28.6,3.7,35.3,18.8,47.9,36.1,27.5,50.9,19.7,23.4
"Aleman, Franco",680916,R,2026,103,27.2,9.7,.281,.438,.379,0.817,.233,.384,.364,.324,.337,89.4,23.8,39.3,6.6,39.3,26.7,45.7,32.8,29.5,29.5,29.5,26.2
"Johnston, Troy",687859,L,2026,9,0,11.1,.143,.143,.333,0.476,.177,.207,.257,.289,.360,89.2,19.7,0,0,42.9,10.5,54.3,42.9,42.9,57.1,28.6,0
"Morgan, David",688158,R,2026,162,24.1,13.6,.282,.389,.396,0.785,.232,.310,.349,.301,.341,86.6,8.2,38.5,3.1,32.3,30.6,49.7,31.3,22.9,51,20.8,24
"Hudson, Bryan",663542,L,2026,282,20.9,6.4,.274,.367,.326,0.693,.235,.331,.304,.277,.289,87.8,12.5,29.5,4,37,23.1,47.9,37.5,28.5,47,25.5,22.5
"Rodríguez, Elmer",695684,R,2026,125,16.8,12.8,.255,.353,.379,0.732,.257,.387,.337,.357,.385,87.8,10.1,32.9,8.5,36.6,29.3,39.8,30.5,29.3,47.6,22,26.8
"Schweitzer, Tyler",805326,L,2026,154,11.7,7.8,.262,.404,.320,0.724,.290,.484,.319,.359,.346,90.7,14.1,40.3,8.9,46.8,21.3,52.3,35.5,25,37.9,31.5,27.4
"Peterson, Austin",804926,R,2026,27,29.6,7.4,.160,.400,.222,0.622,.237,.557,.269,.360,.294,92.3,10.4,29.4,17.6,58.8,29.5,41.9,58.8,11.8,52.9,35.3,11.8
"Kinley, Tyler",641755,R,2026,232,20.7,11.2,.200,.380,.300,0.680,.205,.354,.296,.288,.292,84.9,21.2,32.3,6.5,27.7,27.1,45,50.3,23.2,34.2,31.6,21.3
"Murphy, Chris",669684,L,2026,150,23.3,10.7,.250,.430,.347,0.777,.216,.357,.342,.303,.318,87.5,23.7,27.4,8.4,35.8,30.1,50.3,35.8,26.3,26.3,38.9,24.2
"Acton, Garrett",670183,R,2026,51,27.5,11.8,.238,.405,.353,0.758,.212,.396,.330,.317,.320,92.8,18.8,41.4,10.3,51.7,36.6,45.8,44.8,24.1,34.5,34.5,27.6
"Schlittler, Cam",693645,R,2026,761,31.4,6.4,.185,.300,.244,0.544,.206,.326,.243,.262,.263,88.4,13.1,32.5,7.3,38.3,29.4,52,32.3,28.6,44.3,25.4,21.9
"Beeter, Clayton",690925,R,2026,209,22.5,14.8,.212,.376,.338,0.714,.226,.379,.314,.334,.345,90.3,9.2,28.1,6.3,43,28.2,44.5,36.7,25.8,48.4,28.1,20.3
"Pannone, Thomas",623381,L,2026,14,14.3,14.3,.250,.500,.357,0.857,.317,.508,.373,.401,.415,88.2,5.1,70,10,30,10.7,50,50,10,40,20,40
"Lovelady, Richard",663992,L,2026,172,18,14,.293,.464,.411,0.875,.280,.421,.381,.361,.388,85.8,8.9,35.4,6.3,28.3,22.3,45.5,31.9,21.2,46,20.4,27.4
"Marte, Yunior",805074,R,2026,103,14.6,9.7,.258,.495,.330,0.825,.276,.485,.356,.360,.346,89.3,13.9,32.1,11.5,46.2,20.1,45.7,53.8,16.7,41,26.9,24.4
"Bowlan, Jonathan",680742,R,2026,229,31.9,6.6,.207,.351,.271,0.622,.193,.323,.276,.262,.261,87.1,11.7,35.8,7.3,36.5,31.3,50,32.1,28.5,46.7,28.5,20.4
"Peralta, Wandy",593974,L,2026,321,15.6,7.2,.271,.418,.329,0.747,.275,.394,.327,.319,.329,88,9.1,37.1,4.5,35.9,22.3,51.2,38.4,24.5,47.8,18,28.2
"Macko, Adam",671936,L,2026,145,22.1,9.7,.304,.456,.386,0.842,.267,.438,.364,.343,.343,88.2,14.9,37.9,6.3,37.9,28.2,47.2,45.3,26.3,36.8,28.4,27.4
"Martin, Chris",455119,R,2026,66,13.6,3,.403,.710,.424,1.134,.344,.568,.479,.408,.374,91.3,18.8,51.9,11.1,44.4,15.9,53.2,27.8,27.8,31.5,25.9,37
"McDermott, Chayce",694646,R,2026,36,16.7,11.1,.258,.548,.343,0.891,.224,.466,.380,.336,.313,90.9,27.5,34.6,15.4,34.6,23.6,46.5,26.9,42.3,26.9,46.2,15.4
"Ryan, Joe",657746,R,2026,614,25.9,5,.242,.414,.295,0.709,.228,.394,.309,.297,.284,89.3,18.2,35,10,40.9,25.8,49.9,46.7,24.6,37.2,29.2,23.6
"Lucchesi, Joey",664192,L,2026,24,16.7,25,.412,.647,.583,1.230,.286,.491,.528,.430,.473,95.2,3.5,30.8,15.4,69.2,17.1,36.9,30.8,30.8,69.2,15.4,15.4
"Liberatore, Matthew",669461,L,2026,674,22.8,8.2,.285,.473,.346,0.819,.266,.455,.356,.341,.330,90.2,16.1,40.2,9.3,42.4,23.9,46.2,43.3,25.2,38,28.7,25.9
"Jameson, Drey",686753,R,2026,86,15.1,11.6,.257,.378,.349,0.727,.275,.397,.325,.341,.367,87.1,13.4,40.3,4.8,30.6,27.1,47.1,43.5,19.4,35.5,24.2,35.5
"Assad, Javier",665871,R,2026,378,16.7,7.1,.235,.397,.295,0.692,.261,.421,.304,.324,.319,89.7,11.7,32.6,6.7,43.5,15.9,44.6,33.7,26,47.7,27.4,18.6
"Abner, Philip",691769,L,2026,86,11.6,12.8,.284,.568,.372,0.940,.298,.570,.400,.408,.386,89.8,10.8,38.5,15.4,38.5,18.2,47.3,43.1,21.5,41.5,32.3,24.6
"Garcia, Robert",676395,L,2026,71,15.5,12.7,.210,.290,.310,0.600,.229,.337,.278,.302,.327,86.2,13.5,27.5,3.9,29.4,24,43.6,37.3,19.6,49,29.4,15.7
"Svanson, Matt",694335,R,2026,207,19.8,10.1,.306,.450,.379,0.829,.301,.467,.364,.369,.376,90.7,16.8,38.5,7,44.8,18.8,48.7,30.8,34.3,37.8,27.3,26.6
"Ullola, Miguel",699044,R,2026,62,25.8,8.1,.127,.273,.226,0.499,.150,.289,.230,.245,.246,86.3,27.8,17.9,10.3,33.3,27.4,47.9,51.3,17.9,25.6,41,17.9
"Gage, Matt",657424,L,2026,126,17.5,13.5,.267,.505,.368,0.873,.257,.430,.376,.352,.363,86.6,12.3,33.7,10.5,31.4,24.4,47.5,46.5,16.3,41.9,27.9,25.6
"Garrett, Braxton",666129,L,2026,49,14.3,22.4,.306,.417,.469,0.886,.259,.360,.402,.370,.439,86,16.3,36.7,6.9,30,20.8,38.7,46.7,26.7,50,23.3,20
"Carrillo, Gerardo",672629,R,2026,81,25.9,19.8,.222,.302,.388,0.690,.184,.277,.323,.299,.349,87.4,9.3,38.1,7.1,28.6,28.8,39.6,57.1,16.7,45.2,21.4,26.2
"Patrick, Chad",694477,R,2026,442,21,10.9,.219,.366,.313,0.679,.239,.387,.302,.318,.328,88.8,16.5,32.8,6.4,37.5,26.1,47.6,34.5,29.7,39.9,30.1,20.3
"Mathews, Quinn",687273,L,2026,211,21.8,9.5,.259,.384,.330,0.714,.246,.359,.317,.302,.319,89.1,14.7,32.6,4.9,36.8,26.8,45.7,39.6,27.8,43.1,25.7,25
"Cruz, Steven",674444,R,2026,246,26.4,8.1,.244,.462,.316,0.778,.240,.402,.336,.310,.303,89.2,14.2,36.1,11.4,37.3,28.6,53,40.5,24.7,46.2,22.8,22.8
"Whitlock, Garrett",676477,R,2026,198,29.8,4.5,.204,.285,.239,0.524,.219,.319,.233,.251,.253,88.3,17.2,30,3.8,33.8,31.5,57.3,35.4,30.8,40,28.5,20.8
"Enns, Dietrich",608650,L,2026,70,18.6,15.7,.236,.327,.348,0.675,.211,.335,.306,.300,.330,91.6,20,39.1,6.5,39.1,23.1,46,32.6,28.3,34.8,34.8,21.7
"Beck, Tristan",663941,R,2026,83,10.8,6,.280,.427,.329,0.756,.253,.428,.330,.321,.307,89.3,10.8,25,8.8,35.3,18.2,49.2,39.7,22.1,51.5,29.4,14.7
"Henderson, Logan",701656,R,2026,371,29.6,5.1,.183,.349,.227,0.576,.201,.342,.252,.257,.244,88.3,21.4,32.4,8.3,36.9,26.5,53.2,41.5,25.7,32,30.7,25.3
"McDonald, Trevor",686790,R,2026,310,18.4,7.4,.255,.384,.338,0.722,.246,.359,.323,.311,.332,89,3.7,27.6,4.2,37.8,21.3,44.5,39.6,21.7,54.4,17.5,24
"Ahlstrom, Robby",695239,L,2026,164,20.7,9.1,.264,.465,.346,0.811,.253,.397,.348,.319,.324,86.4,16.1,37.8,7.2,30.6,25.6,47.7,32.4,29.7,37.8,27.9,27
"Thomas, Connor",671162,L,2026,118,15.3,7.6,.308,.462,.364,0.826,.259,.413,.359,.325,.326,88.9,3.7,27,5.6,41.6,21.2,47.4,32.6,28.1,56.2,21.3,18
"Mahle, Tyler",641816,R,2026,614,22.3,7.5,.248,.402,.306,0.708,.245,.391,.311,.306,.305,89.6,12.7,32,6.8,37.1,22.9,45.6,39,22.2,44.4,26.6,22.2
"Bieber, Shane",669456,R,2026,242,18.2,9.9,.253,.438,.326,0.764,.282,.500,.335,.368,.353,89.9,12.8,34.5,10.9,46,23.5,43,42,22.4,43.7,25.3,22.4
"Santos, Winston",692437,R,2026,9,11.1,11.1,.250,.625,.333,0.958,.285,.545,.404,.387,.365,82.6,31.2,57.1,14.3,14.3,15.4,39.4,42.9,42.9,14.3,28.6,42.9
"Kranick, Max",668820,R,2026,94,11.7,13.8,.342,.608,.441,1.049,.280,.446,.449,.369,.388,88.4,20.3,37.7,5.8,34.8,23.3,47.9,39.1,21.7,31.9,26.1,29
"Thornton, Trent",663423,R,2026,196,15.8,8.7,.234,.417,.313,0.730,.254,.457,.318,.339,.324,90.4,13.2,31.7,10.3,44.4,20.6,48.9,37.9,25.5,46.9,27.6,17.9
"Keller, Brian",662144,R,2026,11,27.3,0,.182,.455,.182,0.637,.252,.616,.267,.361,.252,94.5,22.1,62.5,25,37.5,16,64.1,25,37.5,25,37.5,37.5
"Coulombe, Danny",543056,L,2026,96,10.4,15.6,.225,.275,.354,0.629,.251,.311,.300,.321,.376,82.1,8.9,27.1,1.4,21.4,17.1,44,41.4,22.9,42.9,24.3,22.9
"Richardson, Lyon",680689,R,2026,16,25,18.8,.167,.667,.375,1.042,.230,.727,.433,.478,.436,88.8,6.1,25,28.6,25,32,36.8,62.5,0,62.5,25,0
"May, Dustin",669160,R,2026,621,23.2,8.1,.256,.384,.328,0.712,.251,.397,.317,.323,.326,90,12.7,36.1,7.8,44.3,23,47.6,35.7,27.2,41.9,25.1,25.5
"Kerkering, Orion",689147,R,2026,268,23.5,12.7,.222,.360,.341,0.701,.215,.327,.317,.303,.333,85.7,17.7,36.6,6.1,31.1,26.1,42,37.8,28,34.8,29.9,25.6
"Raley, Brooks",548384,L,2026,224,22.8,8.9,.240,.398,.315,0.713,.236,.374,.312,.307,.313,87.5,17.1,38.7,6.7,32,23.4,46.7,36,22,36.7,23.3,29.3
"Brazobán, Huascar",623211,R,2026,267,21,10.9,.189,.326,.279,0.605,.221,.335,.271,.289,.306,86.4,9.3,27.6,5,30.9,25.6,49.5,48.1,15.5,50.8,22.7,18.8
"Spiers, Carson",686730,R,2026,24,25,0,.250,.750,.250,1.000,.307,.749,.416,.438,.307,90.1,18.9,27.8,22.2,50,18.4,57.6,50,11.1,44.4,22.2,16.7
"Imai, Tatsuya",837227,R,2026,338,28.7,15.1,.207,.336,.335,0.671,.221,.379,.308,.328,.347,88.7,13,37.6,9.1,44.1,32.7,43.9,38.2,28,41.9,27.4,23.7
"Arrighetti, Spencer",681293,R,2026,492,21.5,13,.219,.387,.344,0.731,.239,.412,.329,.349,.363,86.9,18.2,36.6,9.2,31.4,25.5,42,46.7,18.6,36.6,31.4,23.9
"Hernández, Elieser",622694,R,2026,53,24.5,11.3,.217,.413,.321,0.734,.185,.283,.319,.259,.279,87.9,30,27.3,9.1,36.4,29.3,45.6,54.5,24.2,33.3,27.3,18.2
"Rodriguez, Carlos",692230,R,2026,42,19,9.5,.263,.395,.333,0.728,.228,.327,.324,.282,.302,83.5,23.2,33.3,3.3,16.7,26.4,50,50,23.3,23.3,36.7,30
"Kelly, Antoine",681520,L,2026,4,25,25,.000,.000,.250,0.250,.396,.448,.175,.454,.547,99.4,4.3,0,0,100,14.3,38.9,50,0,100,0,0
"De Los Santos, Enyel",660853,R,2026,301,22.3,6.6,.250,.442,.301,0.743,.224,.374,.321,.286,.277,88.2,19.2,33.3,5.6,37.6,27.1,53.9,39,26.3,35.7,31,22.5
"Palmquist, Carson",687223,L,2026,78,19.2,10.3,.323,.431,.416,0.847,.271,.374,.378,.337,.373,85.3,18.6,40.4,3.8,23.1,22.5,48.2,21.2,32.7,36.5,28.8,26.9
"Dreyer, Jack",676263,L,2026,261,28,8.8,.206,.330,.283,0.613,.226,.365,.270,.290,.291,89.5,12.9,26.4,7.5,41.7,28,48.6,34.4,23.9,47.9,27,17.8
"Murphy, Owen",702566,R,2026,56,16.1,5.4,.327,.615,.375,0.990,.328,.567,.423,.403,.376,92.4,23.4,44.2,11.6,48.8,19.2,56.6,46.5,16.3,20.9,39.5,34.9
"Ureña, Walbert",700712,R,2026,625,22.7,10.9,.210,.307,.306,0.613,.208,.312,.280,.281,.303,87.2,4.8,25.9,5.4,35.2,27.7,46.8,41.9,22.4,55.9,21.9,18.7
"Pecko, Ethan",814490,R,2026,140,16.4,10,.202,.363,.293,0.656,.229,.412,.294,.322,.318,89.2,18.9,31.7,10,39.6,21.2,46.2,41.6,25.7,36.6,29.7,21.8
"Pérez, Eury",691587,R,2026,660,25.8,10.3,.214,.371,.306,0.677,.218,.384,.303,.310,.310,88.6,19.3,33,10,39.6,28.6,51.3,40.8,22.3,39.3,27.7,21.6
"Brubaker, JT",664141,R,2026,250,15.6,10.4,.225,.349,.308,0.657,.274,.427,.294,.341,.352,88.1,13.3,36.1,5.5,36.1,20.9,45,42.1,16.4,41.5,25.7,27.9
"Drohan, Shane",675660,L,2026,528,23.7,8.3,.255,.409,.323,0.732,.231,.375,.322,.301,.303,88.7,13.9,35.6,8.5,38.7,27.3,48.1,38.4,25.7,41.2,29.7,23.4
"Skenes, Paul",694973,R,2026,712,28.1,6.9,.227,.379,.291,0.670,.216,.350,.296,.281,.282,88,16.2,35.5,7.3,38.6,28.2,51,36.8,27.3,42.1,22.8,24.8
"Lopez, Jacob",682052,L,2026,551,20.3,10.5,.262,.453,.343,0.796,.214,.357,.348,.295,.302,84.6,21.6,33.2,6.9,31.5,24.1,46,37.7,24.7,32.4,34.7,18.6
"Leiter, Jack",683004,R,2026,355,23.4,9.9,.255,.439,.335,0.774,.257,.430,.340,.336,.338,88,16.2,37.8,10.3,39.9,25.4,47.9,39.5,24,37.3,31.3,24.5
"Warren, Austin",681810,R,2026,216,25.5,11.1,.239,.404,.333,0.737,.247,.403,.328,.330,.341,89,10.5,43.3,11.4,39.6,27.3,40.1,36.6,22.4,43.3,22.4,29.9
"Morán, Jovani",663558,L,2026,272,26.8,12.1,.180,.335,.285,0.620,.196,.332,.277,.283,.294,87,16.2,30.5,8,29.3,32.1,45.8,35.4,26.8,40.9,29.9,19.5
"Cavalli, Cade",676917,R,2026,706,28.3,6.8,.232,.352,.301,0.653,.232,.361,.292,.296,.302,89.3,8.2,32.6,7,40.5,27.4,47.6,38,26.9,50.7,24.2,21.3
"Anderson, Jack",681252,R,2026,48,25,6.3,.222,.333,.271,0.604,.229,.417,.269,.301,.277,86.9,17.9,36.4,9.1,36.4,30.5,52.8,48.5,27.3,36.4,33.3,24.2
"Senzatela, Antonio",622608,R,2026,311,19.3,8.4,.261,.379,.326,0.705,.259,.375,.310,.310,.321,88.7,9.1,32.3,6.3,40.4,23.5,49.4,29.1,27.4,48.9,23.8,22
"Bubic, Kris",663460,L,2026,226,24.8,11.5,.202,.313,.301,0.614,.234,.376,.281,.315,.329,89.3,10.9,36.6,7.1,38.7,25.9,48.1,43,19,48.6,27.5,20.4
"Rodriguez, Grayson",680570,R,2026,444,19.1,9.7,.287,.483,.363,0.846,.277,.471,.365,.360,.355,90.3,14.2,35.3,8.7,44.7,23.9,48.8,41.1,20.4,39.8,27.8,26.9
"Rogers, Trevor",669432,L,2026,699,22.5,5.6,.249,.407,.292,0.699,.239,.387,.304,.293,.285,88.1,18.1,31.8,6.8,36.2,24.4,53.3,36.4,24.6,39.4,25,24.2
"Palencia, Daniel",694037,R,2026,123,24.4,8.9,.227,.382,.301,0.683,.228,.379,.299,.299,.298,88.6,15.9,43.2,4.9,32.1,27,49.7,42,22.2,33.3,28.4,32.1
"Beeks, Jalen",656222,L,2026,113,18.6,7.1,.272,.495,.324,0.819,.282,.522,.351,.363,.327,90.6,13.7,35.7,10.7,42.9,23.4,47.2,46.4,21.4,44,27.4,22.6
"Hiraldo, Yaramil",682274,R,2026,48,27.1,20.8,.250,.472,.417,0.889,.178,.310,.391,.317,.363,88.9,33.7,29.2,8.3,33.3,38.3,48.7,58.3,20.8,20.8,41.7,16.7
"Collyer, Gavin",686560,R,2026,113,20.4,16.8,.193,.307,.372,0.679,.203,.322,.320,.328,.374,87.2,18.5,35.4,6.2,29.2,25.5,38.3,38.5,33.8,33.8,27.7,21.5
"Woo, Bryan",693433,R,2026,710,24.6,5.5,.231,.367,.280,0.647,.240,.385,.285,.296,.290,89.4,16.5,36.3,7,42.8,25.2,53.1,37.9,26.6,38.3,27.5,24.4
"Rashi, Taylor",688497,R,2026,26,19.2,11.5,.261,.435,.346,0.781,.278,.462,.345,.359,.361,89.2,11.7,38.9,5.6,50,33.3,51.1,38.9,16.7,44.4,27.8,27.8
"Castillo, Luis",622491,R,2026,592,18.9,7.4,.284,.493,.344,0.837,.270,.457,.361,.341,.330,89.9,17.3,35.3,9.6,41.8,23.7,51.8,39.5,28.5,36.4,29.9,26.2
"Tiedemann, Ricky",694357,L,2026,29,27.6,20.7,.227,.227,.414,0.641,.239,.302,.323,.347,.423,88.4,18.5,50,0,28.6,33.3,34.1,42.9,14.3,35.7,14.3,42.9
"Ashcraft, Graham",668933,R,2026,151,26.5,15.9,.214,.317,.344,0.661,.211,.310,.302,.301,.338,88,12.4,30.2,6.3,36,30.5,46.1,36,24.4,53.5,20.9,19.8
"Díaz, Jhonathan",646242,L,2026,6,16.7,0,.333,.833,.333,1.166,.299,.796,.490,.457,.299,87.9,11.8,20,20,20,0,36,40,40,40,20,20
"Cecconi, Slade",677944,R,2026,528,18.8,7.4,.280,.453,.334,0.787,.267,.447,.342,.333,.322,89.4,13.1,38,8.8,41.3,20.8,46.8,38.5,21.7,43.9,26.6,24
"Duran, Jhoan",661395,R,2026,236,35.6,4.2,.221,.275,.267,0.542,.187,.259,.244,.222,.232,89.6,2.6,23.9,3.7,39.1,35.7,52.6,36.2,25.4,59.4,11.6,21
"Klassen, George",691946,R,2026,125,19.2,16.8,.225,.324,.360,0.684,.260,.386,.317,.357,.392,90.2,6.3,34.2,8.9,45.6,31.3,45.6,41.8,12.7,51.9,24.1,20.3
"Fermin, José",820862,R,2026,238,26.1,10.5,.236,.380,.328,0.708,.252,.401,.313,.328,.337,90.6,9.8,32.7,7.5,42.9,29.8,49.2,51,15.6,46.3,23.1,26.5
"Woodruff, Brandon",605540,R,2026,174,27,5.7,.174,.304,.224,0.528,.200,.358,.231,.263,.247,90,23.5,29.3,7.8,34.5,23.6,51,30.2,33.6,27.6,42.2,20.7
"Cosgrove, Tom",676680,L,2026,74,18.9,8.1,.290,.565,.351,0.916,.249,.410,.379,.320,.322,87,19.2,32.7,9.6,38.5,16.8,51.1,40.4,30.8,32.7,36.5,23.1
"Roycroft, Chris",688297,R,2026,189,15.3,11.1,.319,.528,.404,0.932,.294,.479,.404,.375,.380,90.7,3.2,27.9,9.6,43.4,17.3,46.6,31.6,22.8,58.8,16.2,21.3
"Gamboa, Alec",687941,L,2026,132,17.4,8.3,.231,.350,.298,0.648,.206,.308,.287,.272,.283,90.4,5.9,29.9,3.1,41.2,16.4,52.4,37.1,16.5,53.6,17.5,21.6
"Sasaki, Roki",808963,R,2026,522,23.6,9.2,.242,.461,.319,0.780,.243,.404,.339,.318,.319,89.6,12.6,35.3,9.8,42.8,29.7,50.1,35.8,24.9,43.1,26.6,23.1
"Uberstine, Tyler",700413,R,2026,11,18.2,9.1,.300,.700,.364,1.064,.274,.551,.445,.378,.340,87.4,22.8,50,12.5,37.5,30.8,57.8,37.5,37.5,12.5,50,37.5
"Newcomb, Sean",656794,L,2026,372,22.6,9.1,.223,.324,.311,0.635,.254,.377,.285,.317,.333,88.7,11.4,34.1,6.5,38.6,23.9,45.9,32.5,24.4,45.9,22.4,25.2
"Hopkins, Brody",811315,R,2026,24,29.2,25,.111,.278,.333,0.611,.120,.177,.297,.270,.340,85.3,10.9,36.4,0,27.3,27,35.9,36.4,18.2,36.4,36.4,27.3
"Hicks, Jordan",663855,R,2026,216,29.6,15.3,.228,.344,.347,0.691,.193,.249,.309,.262,.307,88.4,13.6,27.1,1.7,33.1,28.2,44.3,33.9,28,46.6,24.6,22
"Erceg, Lucas",668674,R,2026,228,14.9,14,.294,.439,.410,0.849,.253,.344,.376,.330,.372,86.3,8.2,30.8,4.5,36.5,20.9,47.3,37.8,28.2,51.3,14.7,23.7
"Mills, Wyatt",670090,R,2026,36,13.9,25,.208,.208,.457,0.665,.234,.293,.338,.368,.459,89.7,15.5,25,0,25,22.6,41.6,25,20,40,25,25
"Ramos, Wilkin",678576,R,2026,15,6.7,26.7,.455,.545,.600,1.145,.388,.470,.508,.459,.551,89.5,4.1,50,0,50,26.1,37.7,20,30,50,20,30
"Dodd, Dylan",689266,L,2026,194,27.3,7.2,.176,.341,.249,0.590,.198,.354,.260,.273,.265,89.5,26.4,37.9,8.9,37.1,29.5,54.4,49.2,22.6,27.4,33.1,24.2
"Detmers, Reid",672282,L,2026,740,28.5,6.5,.213,.341,.267,0.608,.219,.364,.269,.281,.274,89.8,17,31.4,7.8,37.7,29.1,49.4,37.1,25.5,38.5,29.7,23.6
"Teng, Kai-Wei",678906,R,2026,329,22.2,10,.245,.415,.351,0.766,.249,.404,.342,.339,.354,89.5,16,36.7,8.1,39,26.3,43.9,39,23.8,39.5,24.3,27.6
"Barnes, Charlie",656212,L,2026,63,9.5,11.1,.309,.527,.397,0.924,.321,.531,.402,.403,.407,92.5,8.6,36.7,8.2,46.9,15.1,42.8,42.9,10.2,46.9,16.3,30.6
"Greene, Hunter",668881,R,2026,121,27.3,7.4,.261,.423,.314,0.737,.268,.429,.322,.325,.321,90.2,21.8,41.8,5.1,46.8,27.2,53.3,26.6,34.2,26.6,27.8,35.4
"Petersen, Michael",656848,R,2026,269,30.1,10.8,.191,.318,.290,0.608,.192,.356,.274,.287,.287,90.8,21.1,31,12.3,43.2,30.1,50.9,35.5,23.2,36.1,30.3,18.7
"Fernández, Julian",642759,R,2026,18,16.7,11.1,.200,.400,.278,0.678,.204,.414,.290,.301,.286,91.2,28.2,23.1,7.7,53.8,27.6,40.8,38.5,23.1,30.8,61.5,0
"Zuber, Tyler",676604,R,2026,175,24,6.3,.287,.525,.337,0.862,.240,.389,.369,.301,.295,90.7,15.3,28.3,6.7,44.2,22.9,47.3,36.7,24.2,44.2,34.2,17.5
"Matthews, Zebby",805673,R,2026,545,21.3,7.2,.251,.446,.308,0.754,.249,.425,.327,.321,.309,90.8,13.5,34.7,10.6,42.5,22.7,47.5,42.2,24.4,43.3,26.7,24.1
"Holton, Tyler",663947,L,2026,301,18.3,6.3,.259,.391,.321,0.712,.247,.364,.316,.300,.310,87.6,10.1,31.2,5.5,37.6,23.4,46.9,41.6,22.2,52,17.2,22.6
"Stock, Robert",476594,R,2026,147,19.7,10.2,.297,.398,.388,0.786,.265,.408,.355,.343,.361,89.1,15.5,35.4,8.1,36.4,24,49.1,40.4,29.3,38.4,28.3,26.3
"Laweryson, Cody",689520,R,2026,78,23.1,10.3,.227,.409,.321,0.730,.245,.389,.320,.330,.346,92.4,14.1,38,8.2,50,20.3,46.6,32,36,40,22,30
"Walker, Josh",677020,L,2026,126,23,9.5,.214,.304,.294,0.598,.204,.292,.265,.255,.273,88.5,16.7,29.8,3.6,35.7,21.6,48.5,36.9,26.2,44,31,17.9
"Williams, Devin",642207,R,2026,184,28.3,11.4,.267,.379,.352,0.731,.218,.306,.326,.278,.304,87.7,17.3,35.1,4.5,29.7,34.4,51,45.9,27.9,39.6,18.9,28.8
"Wrobleski, Justin",680736,L,2026,578,20.4,5.4,.240,.398,.286,0.684,.267,.441,.299,.326,.311,90.1,14.4,36.3,9.4,43.9,20.7,49.9,38.4,26.4,42.2,31.6,22.4
"Chapman, Aroldis",547973,L,2026,213,33.3,10.8,.187,.294,.280,0.574,.179,.277,.263,.252,.272,88.7,11.8,26.3,6.8,38.1,30.4,52,36.4,22.9,48.3,28,16.9
"McClanahan, Shane",663556,L,2026,487,21.8,8,.211,.324,.281,0.605,.245,.413,.273,.318,.312,89.3,10.4,31.8,8.9,41.5,26.8,48.5,45.7,19.3,46.9,27.3,21.4
"De Jesus, Enmanuel",646241,L,2026,178,21.9,8.4,.239,.358,.313,0.671,.253,.407,.300,.323,.325,90.6,15.2,36.9,7.4,43.4,24.2,47.5,33.6,30.3,41.8,27,23.8
"Klein, Will",694361,R,2026,189,25.9,11.1,.267,.345,.360,0.705,.235,.302,.319,.289,.326,88.5,5.4,30.2,2.6,37.9,23.9,43.3,25,28.4,56,10.3,24.1
"Horton, Cade",690990,R,2026,26,15.4,7.7,.167,.292,.231,0.523,.249,.321,.235,.283,.309,85.8,4.3,25,5.3,35,23.3,46.7,25,35,55,15,30
"Gose, Anthony",543238,L,2026,51,13.7,3.9,.234,.362,.260,0.622,.250,.408,.269,.292,.275,87.4,23.9,42.9,7.1,26.2,24.8,52.5,52.4,21.4,28.6,31,26.2
"Wicks, Jordan",696136,L,2026,50,16,4,.383,.553,.420,0.973,.283,.408,.423,.322,.326,88.5,12.1,30.8,7.7,43.6,23.9,51.1,23.1,30.8,46.2,20.5,28.2
"Young, Brandon",687064,R,2026,669,19.9,9.1,.252,.409,.323,0.732,.250,.398,.323,.319,.324,89.2,14.2,34.1,6.9,39.4,24.3,49,42,21.7,42.9,25.6,23.2
"Kempner, William",687531,R,2026,50,28,8,.182,.295,.280,0.575,.231,.355,.265,.306,.323,85.8,17.9,46.7,3.3,23.3,34.1,45.7,36.7,33.3,30,26.7,33.3
"McGreevy, Michael",700241,R,2026,702,16.4,6.8,.260,.425,.309,0.734,.283,.475,.320,.351,.333,89.9,10.4,34.9,9.1,41.8,20.1,44.6,35.9,23.2,44.4,27.3,24.5
"Garcia, Julian",670062,R,2026,179,22.9,10.6,.185,.357,.274,0.631,.196,.304,.280,.267,.284,86.5,17.9,28,4.3,32.2,27.7,46.2,47.5,21.2,40.7,32.2,20.3
"Prielipp, Connor",687570,L,2026,535,23.9,8.2,.249,.390,.318,0.708,.237,.381,.313,.306,.309,89.8,12.3,34.1,6.5,41.1,23.6,47.8,33.8,25.4,43.4,27.3,24.2
"Vargas, Carlos",672841,R,2026,81,21,4.9,.219,.384,.296,0.680,.246,.401,.302,.320,.322,86,5.6,37.5,9.1,28.6,16.2,52.5,39.3,21.4,48.2,23.2,25
"Bido, Osvaldo",674370,R,2026,81,13.6,12.3,.224,.403,.358,0.761,.273,.449,.344,.377,.398,88.5,18.7,37.5,8.9,41.1,23.4,45.7,39.3,25,32.1,32.1,28.6
"Márquez, Germán",608566,R,2026,236,15.7,10.2,.264,.519,.343,0.862,.266,.484,.371,.362,.347,89,16.6,33.5,9.8,43.9,19,47.5,41.6,25.4,38.7,33.5,20.2
"Dallas, Chad",689149,R,2026,64,26.6,12.5,.236,.364,.328,0.692,.214,.319,.310,.289,.311,90.4,18.3,28.2,5.1,41,28.1,46.5,38.5,23.1,38.5,30.8,20.5
"Mederos, Victor",682989,R,2026,148,23,9.5,.211,.305,.306,0.611,.226,.312,.280,.289,.320,87.8,23.1,30.2,3.1,38.5,30,49,26,28.1,35.4,28.1,21.9
"Hurt, Kyle",669165,R,2026,198,29.3,11.6,.220,.353,.315,0.668,.214,.366,.299,.299,.306,89.7,12.4,31.9,7.8,40.5,34.6,51.8,39.7,23.3,43.1,24.1,25
"Pérez, Martín",527048,L,2026,596,17.1,10.4,.228,.359,.310,0.669,.262,.386,.298,.325,.342,87.9,9.4,34,4.7,35,21.1,43,47.6,18.2,47.6,21.4,24.9
"Adams, Travis",701519,R,2026,247,25.1,10.1,.242,.425,.317,0.742,.239,.395,.324,.314,.316,87,13.5,38.1,6.3,33.1,27.5,48.2,37.5,25,40.6,28.1,24.4
"Bennett, Jake",687562,L,2026,455,20,4.6,.246,.371,.284,0.655,.234,.382,.286,.286,.271,88.6,13.2,32.4,7.9,37.9,23.7,53.6,38.2,27.1,43.8,27.1,20.9
"Hill, Tim",657612,L,2026,241,10.4,5.4,.247,.429,.308,0.737,.261,.427,.320,.325,.316,88.9,-4.6,23,6.6,43.4,13.1,49.6,37.8,26,68.9,14.8,13.8
"Poulin, PJ",676571,L,2026,153,16.3,13.7,.206,.351,.320,0.671,.256,.441,.302,.353,.360,91.3,13.5,29.2,9.6,44.3,16.9,40,41.5,25.5,47.2,28.3,17
"Morgan, Eli",669212,R,2026,91,17.6,9.9,.300,.525,.385,0.910,.324,.512,.396,.399,.406,88.9,19.6,39.1,6.3,42.2,24.1,46.6,48.4,9.4,32.8,20.3,35.9
"Gordon, Tanner",685299,R,2026,473,18,5.1,.336,.584,.370,0.954,.274,.489,.406,.345,.312,90.9,19.2,35.1,11,43.1,21.7,52.5,41.2,25.7,33.1,36.5,25.7
"Gasser, Robert",688107,L,2026,462,22.3,7.4,.229,.398,.302,0.700,.249,.398,.309,.317,.320,86.5,19.7,37.8,7.6,34,22.5,49.3,42.2,25.1,33.7,27.3,27.6
"Thompson, Keegan",624522,R,2026,57,19.3,3.5,.365,.596,.375,0.971,.343,.623,.407,.407,.355,92.5,22.6,40.9,13.6,50,21.6,49.7,43.2,22.7,31.8,34.1,25
"Brown, Hunter",686613,R,2026,451,27.5,12.2,.208,.318,.311,0.629,.199,.313,.289,.282,.303,86.2,5,27.6,6,36.9,26.7,42.4,36.6,23.9,57.1,21.6,16.8
"Uribe, Abner",682842,R,2026,234,26.5,8.1,.199,.261,.267,0.528,.220,.292,.239,.260,.281,87.7,8,27,2,34.9,26.8,43,38.8,23.7,54.6,18.4,19.7
"Ríos, Yacksel",605441,R,2026,5,40,0,.000,.000,.000,0.000,.345,.430,.000,.335,.345,90.8,18.9,33.3,0,33.3,33.3,46.2,33.3,33.3,33.3,33.3,33.3
"Paddack, Chris",663978,R,2026,267,15,7.1,.314,.483,.366,0.849,.280,.450,.370,.342,.337,88.8,15,34.5,8.4,36.9,21.4,50.1,40.3,25.2,39.3,29.1,25.7
"Brash, Matt",666374,R,2026,64,23.4,9.4,.151,.189,.270,0.459,.234,.347,.218,.316,.339,88.9,8.8,40,5,40,32.1,40.5,35,15,42.5,12.5,37.5
"Trivino III, Lou",642152,R,2026,36,19.4,19.4,.370,.593,.500,1.093,.217,.323,.465,.330,.385,85.3,12.8,42.9,4.8,38.1,31.7,43.8,42.9,14.3,38.1,23.8,33.3
"Corbin, Patrick",571578,L,2026,360,17.5,6.9,.302,.477,.359,0.836,.289,.463,.364,.355,.352,88.4,13.8,38.3,7.5,42.1,21.1,47.3,42.1,19.5,39.5,24.1,29.7
"Miller, Mason",695243,R,2026,272,47.4,9.6,.152,.202,.239,0.441,.138,.202,.208,.201,.223,86.7,11.7,31.3,7,28.7,45.3,47.3,38.3,33.9,47,24.3,22.6
"Weaver, Luke",596133,R,2026,238,27.3,6.7,.194,.310,.257,0.567,.212,.346,.252,.272,.270,88.3,19.1,31.8,7.8,34.4,30.3,53,34.4,28.6,38.3,29.9,22.7
"Wilcox, Cole",677961,R,2026,123,22.8,13.8,.262,.340,.374,0.714,.284,.404,.326,.355,.388,91.1,6.6,36.8,6.7,46.1,31.4,46.3,36.8,26.3,44.7,17.1,34.2
"Williamson, Brandon",682227,L,2026,231,15.6,13,.244,.435,.351,0.786,.269,.472,.344,.369,.372,88.7,15.2,36.6,9.3,41,23.5,43.6,41,20.5,39.8,28,23.6
"Pérez, Cionel",672335,L,2026,198,22.2,9.6,.264,.404,.333,0.737,.265,.459,.327,.346,.335,91.6,4.9,26.7,11.9,49.6,24,46.5,39.3,25.2,56.3,19.3,19.3
"Hartlieb, Geoff",664129,R,2026,124,17.7,11.3,.286,.400,.363,0.763,.244,.349,.336,.305,.330,90,14.4,32.2,5.7,43.7,27.1,49.2,42.5,17.2,41.4,27.6,26.4
"Rucker, Michael",621074,R,2026,186,26.9,9.1,.235,.373,.314,0.687,.236,.368,.307,.305,.314,87.6,9,34.2,8.5,35,25.9,46.4,35,31.6,47,19.7,27.4
"Junk, Janson",676083,R,2026,523,17,6.3,.264,.414,.315,0.729,.255,.409,.319,.315,.308,89.8,15,29.8,7.3,38.4,15.9,49,39.4,25.3,43.7,23.5,20.5
"Weisenburger, Jack",674073,R,2026,50,28,8,.222,.267,.286,0.553,.192,.286,.254,.246,.258,89,15.3,34.4,6.3,31.3,26,50.7,37.5,28.1,46.9,31.3,18.8
"Núñez, Dedniel",673380,R,2026,72,27.8,0,.236,.444,.236,0.680,.240,.455,.290,.293,.240,91.1,16.5,34.6,11.5,40.4,36.6,61.5,46.2,25,38.5,32.7,25
"Sale, Chris",519242,L,2026,648,30.9,4.8,.215,.306,.270,0.576,.216,.327,.259,.267,.273,87.8,11.7,34.3,6.2,35.1,30.4,50.7,37.6,23.9,44.5,24.6,24.9
"Gordon, Colton",676467,L,2026,70,17.1,5.7,.391,.734,.429,1.163,.306,.509,.485,.371,.345,89.3,12.7,34,7.5,45.3,16.4,49.3,49.1,30.2,41.5,24.5,28.3
"Lee, Dylan",669276,L,2026,262,29.4,6.5,.199,.315,.250,0.565,.201,.315,.248,.252,.251,87.6,20.6,35.7,5.4,32.7,35.7,52.7,47,19,32.7,33.9,25.6
"Lugo, Seth",607625,R,2026,751,17.8,7.2,.295,.480,.352,0.832,.276,.453,.360,.343,.336,89.7,14.3,36.6,8,42.8,18.7,45.8,39.2,23.3,41.2,29.4,24.9
"Gilbert, Logan",669302,R,2026,750,27.3,6.5,.223,.405,.281,0.686,.230,.385,.299,.294,.286,89.6,16.3,36.4,10,41.3,30.7,50.3,42.3,22.3,39.7,28,24.3
"Ralston, Jack",667652,R,2026,77,24.7,11.7,.231,.523,.329,0.852,.215,.445,.359,.327,.307,87.1,8.8,25,14.6,39.6,17.6,38.3,52.1,22.9,47.9,31.3,12.5
"Holmes, Grant",656550,R,2026,642,17.9,9.7,.239,.398,.314,0.712,.262,.447,.314,.342,.336,91.5,12.4,34.2,8.9,45.2,27.3,48.7,43.1,23.6,43.7,26.4,24.7
"Ekness, Josh",694795,R,2026,134,17.9,14.9,.211,.294,.341,0.635,.210,.336,.292,.303,.330,86.7,17.7,31.8,5.7,31.8,21.8,42.6,34.1,27.3,39.8,33,19.3
"Lynch IV, Daniel",663738,L,2026,356,15.7,7.3,.225,.389,.290,0.679,.261,.429,.299,.329,.323,88.8,12.7,30.4,7.1,38.1,22.1,46.9,43.3,18.9,47.8,24.8,20.4
"Herz, DJ",687792,L,2026,35,17.1,8.6,.344,.750,.400,1.150,.332,.756,.481,.478,.389,90.9,13.1,42.3,26.9,53.8,22.4,52.3,34.6,34.6,34.6,30.8,26.9
"Ray, Robbie",592662,L,2026,702,19.9,12,.231,.384,.323,0.707,.247,.419,.315,.335,.339,89.2,18.5,33.2,8,37.4,24.6,46.2,33,32.6,36.3,33.6,23.3
"Buttó, José",676130,R,2026,16,31.3,25,.500,1.083,.625,1.708,.319,.689,.676,.494,.489,84.2,10.8,42.9,14.3,42.9,40.9,34.9,42.9,14.3,14.3,42.9,42.9
"Fulmer, Michael",605242,R,2026,61,29.5,13.1,.212,.404,.328,0.732,.212,.343,.320,.299,.317,88.3,14.1,32.4,14.7,32.4,36.7,45.5,44.1,17.6,38.2,35.3,23.5
"Akin, Keegan",669211,L,2026,114,14.9,7.9,.284,.441,.336,0.777,.246,.371,.337,.298,.304,85.4,22.5,34.1,5.8,28.4,19.3,49.2,34.1,27.3,35.2,35.2,20.5
"Tidwell, Blade",694918,R,2026,235,19.6,8.9,.223,.369,.311,0.680,.238,.384,.304,.317,.326,88.4,21.7,29,10.5,37.7,23.1,44.3,42,25.9,38.3,27.8,19.1
"Bachar, Lake",669199,R,2026,358,26,10.1,.195,.345,.286,0.631,.199,.344,.282,.285,.289,88.8,17.8,29.6,7.6,34.1,30.2,45.1,44.8,21.1,39.5,32.3,17.9
"Little, Luke",681432,L,2026,5,20,0,.400,1.000,.400,1.400,.338,.932,.588,.527,.338,90,-2.5,25,25,50,30,52.6,50,25,75,25,0
"Soroka, Michael",647336,R,2026,473,24.1,6.1,.225,.356,.282,0.638,.251,.403,.282,.312,.307,87.6,17.5,37.2,8,34.1,23,49.4,43.7,22.3,36.5,27.6,26.6
"Hart, Kyle",606996,L,2026,268,22,9.7,.218,.359,.301,0.660,.216,.360,.294,.295,.301,87.3,9.9,31.7,8.4,30.6,22.7,43.2,39.4,21.7,51.7,22.8,18.9
"Santillan, Tony",663574,R,2026,191,18.8,14.7,.256,.494,.372,0.866,.262,.520,.373,.385,.373,91.4,18.9,36.8,13.8,45.6,22.9,43.8,39.2,22.4,34.4,38.4,21.6
"Ponce, Cody",664074,R,2026,10,30,10,.111,.222,.200,0.422,.177,.277,.196,.243,.259,87.9,6.1,33.3,0,33.3,51.7,61.7,50,33.3,50,16.7,33.3
"Suarez, Robert",663158,R,2026,130,20,4.6,.197,.262,.233,0.495,.253,.355,.221,.283,.288,84.7,9,34,3.1,33,23.1,54.2,35.1,29.9,45.4,25.8,21.6
"Higgins, P.J.",664731,R,2026,3,33.3,0,.000,.000,.000,0.000,.030,.045,.000,.034,.030,78,55.1,0,0,0,40,50,50,0,0,50,0
"Lonsway, Seth",675920,L,2026,14,14.3,0,.500,.500,.500,1.000,.226,.245,.445,.205,.226,89.9,1.5,16.7,0,33.3,21.1,47.5,58.3,16.7,83.3,8.3,8.3
"Gerber, Joey",680702,R,2026,34,23.5,11.8,.200,.400,.294,0.694,.230,.373,.306,.309,.321,93.7,23.3,45.5,9.1,54.5,23.5,39.5,40.9,27.3,22.7,31.8,36.4
"Velasquez, Vince",592826,R,2026,11,9.1,0,.091,.182,.091,0.273,.151,.199,.115,.154,.151,85.8,30.8,10,0,30,14.3,48.8,40,40,30,40,10
"Ferrer, José A.",678606,L,2026,295,18.3,6.8,.283,.404,.349,0.753,.252,.386,.333,.311,.317,86.7,4.4,28,6.1,36,19.6,50.1,26.6,30.4,56.5,21.5,18.7
"Gaddis, Hunter",683769,R,2026,257,22.2,8.6,.241,.360,.313,0.673,.249,.384,.300,.311,.320,86.1,19.7,33.7,7.5,29.9,29.5,51.7,45.1,22.3,36.6,30.3,23.4
"Grove, Michael",675627,R,2026,28,21.4,0,.259,.630,.250,0.880,.289,.708,.360,.423,.299,90.8,16.4,45.5,18.2,36.4,28.9,50.6,63.6,9.1,27.3,31.8,31.8
"Johnson, Pierce",572955,R,2026,211,19.9,9,.249,.434,.314,0.748,.263,.451,.326,.338,.328,90.4,16.7,36.7,10.1,37.3,24,46.2,32,30,37.3,33.3,24.7
"Anderson, Grant",681982,R,2026,235,22.1,9.8,.205,.400,.285,0.685,.205,.337,.297,.275,.280,88.3,20.3,31.4,7.5,37.1,25.4,48.6,47.8,21.4,39,29.6,17.6
"Cellucci, Brendan",676454,L,2026,30,36.7,10,.074,.148,.167,0.315,.171,.333,.134,.247,.228,90.7,24.1,31.3,6.3,31.3,34.7,43.8,43.8,31.3,25,50,18.8
"Valdez, Framber",664285,L,2026,758,17.8,8.8,.253,.370,.332,0.702,.258,.385,.315,.321,.337,90,5.4,28.2,5.6,41.9,20.6,46.8,47.6,23.2,56.3,18.3,21.4
"Miller, Bryce",682243,R,2026,485,24.5,7.8,.226,.420,.289,0.709,.226,.385,.309,.297,.290,87.4,16.7,32.2,8,32.2,25,54.2,43.3,23.3,37.7,33.7,21.2
"Leibrandt, Brandon",605335,L,2026,30,10,10,.385,.692,.433,1.125,.323,.694,.461,.437,.365,88.1,25.3,45.8,18.2,29.2,23.4,47.5,33.3,20.8,33.3,33.3,25
"Herrera, Welinton",700327,L,2026,10,20,10,.222,.222,.300,0.522,.288,.387,.248,.334,.360,94.6,16.9,28.6,0,57.1,19,46.7,28.6,14.3,28.6,42.9,28.6
"Winn, Cole",668390,R,2026,215,22.8,7.4,.277,.456,.333,0.789,.274,.442,.342,.337,.330,88.2,11.9,34.2,6.8,43.6,27.7,53.6,40.3,23.5,38.3,28.9,27.5
"Wheeler, Zack",554430,R,2026,645,29.9,7.3,.208,.360,.270,0.630,.203,.320,.278,.263,.267,86.5,14.1,33.7,6,35.2,30.9,50.3,39.2,25.7,43.6,24.2,23.2
"Ryan, River",689981,R,2026,21,28.6,14.3,.278,.500,.381,0.881,.281,.380,.385,.343,.384,90.5,12,58.3,8.3,41.7,31.3,39,50,16.7,33.3,16.7,50
"Hill, Jaden",677955,R,2026,181,22.1,12.7,.235,.366,.344,0.710,.227,.345,.317,.306,.330,89.4,14.2,36.8,4.4,36.8,29.3,48.8,36,23.7,39.5,28.1,26.3
"Anderson, Drew",623454,R,2026,457,24.9,9.6,.233,.400,.316,0.716,.226,.373,.316,.305,.311,89.7,10.9,30,8.6,37.9,27,49.2,39.6,24.9,48.8,24.2,19.1
"Andrews, Tanner",681084,R,2026,11,9.1,18.2,.111,.111,.273,0.384,.135,.289,.208,.273,.292,80.1,6.4,25,12.5,25,22.2,41.9,50,37.5,50,37.5,0
"Rodón, Carlos",607074,L,2026,340,26.8,11.2,.173,.286,.269,0.555,.224,.356,.254,.304,.318,89.9,15.9,38.3,6.8,38.3,30,48,39.2,22.5,37.3,28.7,28.2
"Rincon, Hancel",684516,R,2026,14,21.4,7.1,.417,.833,.500,1.333,.378,.687,.553,.490,.467,87.7,11.7,55.6,22.2,33.3,25,47.5,66.7,0,33.3,33.3,33.3
"Herrin, Tim",682120,L,2026,240,22.5,11.7,.231,.372,.331,0.703,.213,.357,.308,.304,.314,87.4,11.7,32.7,8.5,37.3,30.7,46.8,42.5,20.9,44.4,26.1,20.9
"Sanmartin, Reiver",665665,L,2026,93,17.2,7.5,.259,.435,.315,0.750,.261,.396,.324,.309,.310,87.1,1,25.7,10,37.1,22.4,44.1,32.9,28.6,62.9,12.9,21.4
"deGrom, Jacob",594798,R,2026,668,30.1,6.9,.226,.367,.281,0.648,.229,.374,.285,.288,.282,90.4,16.5,37.8,7.9,45,33.2,51.7,41.1,23.2,36.4,26.8,28.2
"Webb, Jacob",657097,R,2026,284,25.7,8.8,.231,.369,.299,0.668,.252,.405,.296,.320,.321,88.7,13.4,40,7.7,41.6,33.3,50,44.9,17.3,40.5,24.9,28.1
"Faucher, Calvin",676534,R,2026,294,24.8,12.6,.212,.268,.321,0.589,.228,.311,.276,.295,.331,87.9,5.7,29.4,4.4,38.3,26,42.9,36.7,28.9,55.6,17.8,23.9
"Agnos, Zach",688642,R,2026,407,14.3,8.6,.285,.464,.350,0.814,.281,.460,.350,.349,.345,89,14.4,38.5,8.8,41.4,21.1,50.1,39.2,20.4,38.5,31.4,26.2
"Robles, Victor",645302,R,2026,9,0,11.1,.625,.625,.667,1.292,.490,.619,.572,.504,.547,93.1,14.2,50,0,37.5,0,42.3,62.5,25,37.5,12.5,50
"Treinen, Blake",595014,R,2026,130,23.8,10,.254,.430,.333,0.763,.261,.465,.328,.343,.329,88.4,13.4,35.3,10.7,41.2,24.9,48,36.5,29.4,47.1,29.4,18.8
"Woods Richardson, Simeon",680573,R,2026,303,13.2,12.2,.304,.504,.392,0.896,.280,.467,.390,.368,.373,90,18.3,33.5,8.5,44.2,18.5,42.3,36.6,25.4,38.8,28.6,23.2
"Burke, Sean",680732,R,2026,716,25.8,8.7,.225,.380,.302,0.682,.228,.373,.302,.300,.305,89.5,18.5,35.3,8.3,38.8,25.5,49.1,38.3,22.9,35.9,30.5,24.4
"Kittredge, Andrew",552640,R,2026,215,18.6,5.6,.274,.413,.313,0.726,.267,.411,.314,.308,.300,88.3,11,37.4,6.1,37.4,23.1,53.6,49.1,13.5,43.6,25.8,26.4
"Watson, Ryan",670245,R,2026,307,21.2,7.5,.245,.397,.308,0.705,.263,.432,.308,.331,.323,88.6,15,36.6,9.8,36.6,25.5,49.2,41.2,26.9,40.3,23.6,27.3
"Peoples, Ben",687239,R,2026,68,14.7,11.8,.241,.414,.338,0.752,.221,.362,.333,.305,.321,84.9,14.1,34.7,6.1,26.5,24,51.8,38.8,22.4,44.9,28.6,22.4
"Burkhalter, Blake",686628,R,2026,5,20,20,.333,.333,.400,0.733,.429,.551,.318,.395,.459,93.4,29.9,66.7,0,66.7,40,43.5,0,33.3,0,33.3,66.7
"Ginkel, Kevin",656464,R,2026,275,26.2,6.2,.234,.401,.281,0.682,.227,.389,.294,.291,.276,89.5,15.1,31.9,9.2,39.5,29.5,50,40.5,23.8,40.5,28.6,23.8
"Yates, Kirby",489446,R,2026,178,27.5,9.6,.221,.331,.311,0.642,.213,.321,.291,.285,.306,91.4,19.5,35.2,5.6,47.2,28,52.1,39.8,24.1,33.3,26.9,28.7
"Junis, Jakob",596001,R,2026,234,16.2,7.7,.242,.336,.316,0.652,.273,.392,.291,.322,.336,87.6,12,38.2,3.5,35.3,18.3,45.9,41.6,22,42.2,23.7,29.5
"Milner, Hoby",571948,L,2026,177,14.1,5.6,.266,.418,.316,0.734,.292,.446,.318,.343,.339,88.6,12.1,34.5,5.8,38.8,19,46,33.8,25.2,45.3,21.6,26.6
"Elder, Bryce",693821,R,2026,633,19.1,7.7,.244,.407,.306,0.713,.252,.401,.313,.313,.314,90,13.2,33.1,6.8,39.9,21.6,46.3,40.7,25.9,44.2,26.4,23.5
"Mautz, Brycen",802408,L,2026,75,25.3,14.7,.295,.459,.419,0.878,.246,.420,.391,.357,.378,88.3,13.2,51.2,9.3,30.2,32.6,42.7,34.9,27.9,34.9,25.6,37.2
"Rodríguez, Manuel",655889,R,2026,35,28.6,22.9,.240,.480,.441,0.921,.213,.342,.401,.351,.403,91.3,9.7,31.3,6.3,31.3,25,40.6,37.5,31.3,50,6.3,37.5
"Way, Beck",694360,R,2026,105,20,9.5,.293,.435,.362,0.797,.257,.395,.350,.341,.341,90.3,4,24.7,6.8,42.5,25.9,44.7,34.2,28.8,52.1,21.9,21.9
"Dion, Will",702021,L,2026,201,27.4,8.5,.231,.412,.299,0.711,.213,.356,.311,.283,.283,87.4,17.4,38.3,7,32.8,26.6,50.8,43,18.8,35.2,34.4,21.9
"Taylor, Troy",700187,R,2026,15,13.3,13.3,.308,.615,.400,1.015,.209,.361,.432,.303,.315,87.8,14.8,27.3,9.1,27.3,36.4,43.1,18.2,9.1,36.4,36.4,27.3
"Klein, John",804619,R,2026,35,20,17.1,.179,.393,.314,0.707,.188,.343,.311,.330,.342,81.5,14.7,31.8,9.1,36.4,17.4,46.6,40.9,45.5,40.9,36.4,13.6
"Abreu, Bryan",650556,R,2026,268,29.9,15.3,.200,.377,.338,0.715,.197,.345,.324,.312,.336,90.6,16.2,34.5,6.4,41.5,33.8,42.2,47.9,21.8,41.5,29.6,23.2
"Miller, Erik",669062,L,2026,227,32.6,15,.201,.283,.338,0.621,.180,.266,.288,.275,.314,84.7,6.7,30.7,5.4,26.3,35,40.1,36,26.3,51.8,18.4,22.8
"Sulser, Cole",642121,R,2026,236,23.7,7.2,.247,.419,.299,0.718,.250,.457,.306,.321,.291,88,15.9,37.4,11.8,41.1,27.1,51.1,39.3,23.9,38.7,30.1,22.7
"Alvarado, Elvis",665660,R,2026,229,28.4,10.9,.219,.423,.310,0.733,.218,.418,.319,.322,.306,90.4,16.8,29.9,13.1,46.7,31.4,50.9,32.1,18.2,36.5,41.6,16.8
"Early, Connelly",813349,L,2026,400,23.5,8.5,.232,.393,.313,0.706,.232,.404,.314,.317,.314,90.5,13.1,32.7,10.6,39.9,23.5,46.8,41.8,19.4,43.7,30,19.4
"Mikolas, Miles",571945,R,2026,498,11.6,4.6,.293,.527,.325,0.852,.288,.506,.364,.354,.322,90.1,12,34.2,9.2,43.6,14.5,48.4,39,24.3,45.3,26.5,22.4
"Giolito, Lucas",608337,R,2026,138,13,16.7,.281,.412,.406,0.818,.262,.406,.370,.358,.391,90,19.4,38.5,4.2,43.8,24,40.8,40.6,29.2,31.3,24,33.3
"Chivilli, Angel",683409,R,2026,73,21.9,9.6,.215,.431,.301,0.732,.220,.394,.321,.309,.306,88,17.6,32.7,6.3,38.8,32.6,50.5,53.1,14.3,38.8,38.8,18.4
"Waguespack, Jacob",621097,R,2026,183,19.1,9.8,.157,.289,.250,0.539,.204,.309,.246,.273,.292,85.9,12.8,26.6,4.7,28.9,25.4,46.9,47.7,28.1,50,25,17.2
"Harrison, Kyle",690986,L,2026,505,27.9,7.1,.261,.446,.323,0.769,.245,.389,.336,.308,.309,89.3,14.5,39.4,8.1,38.8,27.9,48.3,39.4,28.7,37.2,28.1,28.4
"Hader, Josh",623352,L,2026,167,32.9,9,.125,.171,.204,0.375,.149,.242,.180,.215,.226,85.9,21,22.7,6.2,32,34.2,54,32,28.9,39.2,29.9,14.4
"Fisher, Braydon",680755,R,2026,310,23.9,14.2,.204,.333,.324,0.657,.223,.358,.293,.316,.333,88,12.6,31.7,9.5,39.2,28.3,43.6,51.9,13.2,43.9,24.9,22.2
"Kent, Zak",687849,R,2026,77,15.6,10.4,.279,.544,.351,0.895,.259,.447,.380,.349,.339,90,15.5,35.1,12.3,43.9,21.1,48.3,43.9,21.1,36.8,38.6,21.1
"Canning, Griffin",656288,R,2026,391,22.3,10.5,.276,.443,.360,0.803,.253,.409,.354,.331,.341,90.3,10.2,34.2,8.2,45.1,25.5,45.2,39.3,21.4,47.9,23,23
"Fleming, Josh",676596,L,2026,18,5.6,11.1,.429,.643,.500,1.143,.360,.632,.479,.470,.459,92.4,8.9,14.3,7.1,64.3,13.5,48.1,42.9,7.1,64.3,28.6,7.1
"Alvarez, Andrew",674841,L,2026,473,24.1,10.8,.229,.347,.316,0.663,.245,.375,.298,.315,.331,89.3,8.7,32.8,6.2,40.7,26.4,44.2,45.6,21.3,49.8,19,25.9
"Guerrero, Tyron",594027,R,2026,166,24.7,4.8,.239,.303,.285,0.588,.220,.308,.263,.254,.263,85.8,2.9,29.6,3.5,33,24.1,57.3,30.4,31.3,54.8,18.3,22.6
