"id","name","swings_competitive","percent_swings_competitive","contact","avg_bat_speed","hard_swing_rate","squared_up_per_bat_contact","squared_up_per_swing","blast_per_bat_contact","blast_per_swing","swing_length","swords","batter_run_value","whiffs","whiff_per_swing","batted_ball_events","batted_ball_event_per_swing"
691406,"Caminero, Junior",1064,0.9117395029991431,829,"79.448458618",0.8486842105263159,0.2943305186972256,0.22932330827067668,0.2376357056694813,0.18515037593984962,"8.71048343",17,6.130785683617476,235,0.22086466165413535,448,0.42105263157894735
519317,"Stanton, Giancarlo",155,0.9011627906976745,99,"79.335077806",0.9290322580645161,0.30303030303030304,0.1935483870967742,0.2222222222222222,0.14193548387096774,"8.440819226",3,-3.0511784629523704,56,0.36129032258064514,58,0.3741935483870968
691023,"Walker, Jordan",1100,0.9075907590759076,785,"79.262161836",0.8545454545454544,0.27770700636942675,0.19818181818181818,0.21656050955414013,0.15454545454545454,"8.336534809",28,1.6212028752340029,315,0.2863636363636364,411,0.37363636363636366
701762,"Kurtz, Nick",668,0.907608695652174,433,"78.191794296",0.8038922155688621,0.26096997690531176,0.1691616766467066,0.21478060046189376,0.13922155688622753,"7.759190614",17,-6.272650810691819,235,0.35179640718562877,183,0.27395209580838326
701358,"Smith, Cam",1028,0.9017543859649123,736,"77.950730272",0.7811284046692609,0.23505434782608695,0.16828793774319067,0.16032608695652173,0.11478599221789883,"7.692570214",14,-29.736857438534145,292,0.2840466926070039,346,0.33657587548638135
665833,"Cruz, Oneil",655,0.9122562674094707,421,"77.703353115",0.7267175572519083,0.3159144893111639,0.20305343511450383,0.22327790973871733,0.1435114503816794,"7.531574763",11,4.674748949481825,234,0.35725190839694654,205,0.31297709923664124
669003,"Mitchell, Garrett",829,0.910989010989011,552,"77.621793124",0.804583835946924,0.3170289855072464,0.21109770808202655,0.2318840579710145,0.15440289505428226,"7.250445332",24,-12.212396213761133,277,0.3341375150784077,279,0.3365500603136309
695491,"Báez, Joshua",189,0.9174757281553398,129,"77.532896349",0.7407407407407407,0.2558139534883721,0.1746031746031746,0.13953488372093023,0.09523809523809523,"7.756611587",5,1.1189837104513314,60,0.31746031746031744,64,0.3386243386243386
666176,"Adell, Jo",1222,0.9058561897702001,916,"77.417285507",0.7250409165302781,0.24344978165938866,0.18248772504091654,0.16375545851528384,0.12274959083469722,"7.713069624",30,-24.662639578194455,306,0.25040916530278234,423,0.34615384615384615
673357,"Robert Jr., Luis",399,0.9047619047619048,302,"77.25030411",0.7293233082706766,0.24834437086092714,0.18796992481203006,0.15562913907284767,0.11779448621553884,"7.721698521",9,-6.750275682459008,97,0.24310776942355888,145,0.3634085213032581
656941,"Schwarber, Kyle",1184,0.9010654490106544,843,"77.116537052",0.7457770270270269,0.2372479240806643,0.16891891891891891,0.16725978647686832,0.11908783783783784,"7.503629527",52,-4.110293325899368,341,0.28800675675675674,347,0.29307432432432434
691277,"De Los Santos, Deyvison",73,0.9012345679012346,53,"77.09548137",0.6986301369863014,0.22641509433962265,0.1643835616438356,0.11320754716981132,0.0821917808219178,"7.997113151",3,-5.945251232228905,20,0.273972602739726,30,0.410958904109589
682987,"Jones, Spencer",588,0.9116279069767442,372,"77.063753299",0.7125850340136054,0.2446236559139785,0.15476190476190477,0.1478494623655914,0.0935374149659864,"7.879467993",9,-11.519543627758384,216,0.3673469387755102,148,0.25170068027210885
695506,"Caglianone, Jac",968,0.9055191768007483,713,"77.004386157",0.7283057851239669,0.31837307152875177,0.23450413223140495,0.23562412342215988,0.17355371900826447,"7.859147056",20,9.688053953137949,255,0.2634297520661157,354,0.365702479338843
575929,"Contreras, Willson",903,0.9020979020979021,640,"76.989584707",0.7109634551495015,0.25625,0.18161683277962348,0.159375,0.11295681063122924,"7.898332835",24,13.89880507322126,263,0.2912513842746401,303,0.33554817275747506
695578,"Wood, James",874,0.9010309278350516,637,"76.885823959",0.6876430205949656,0.34850863422291994,0.2540045766590389,0.25588697017268447,0.18649885583524028,"7.403010732",45,-5.914374095717605,237,0.2711670480549199,317,0.36270022883295194
703607,"Bolte, Henry",759,0.9100719424460432,528,"76.791723597",0.7022397891963109,0.2916666666666667,0.2028985507246377,0.21022727272727273,0.14624505928853754,"7.5768917",22,-13.82918116907843,231,0.30434782608695654,251,0.33069828722002637
682634,"Alcántara, Kevin",43,0.8958333333333334,29,"76.790991395",0.7209302325581394,0.27586206896551724,0.18604651162790697,0.13793103448275862,0.09302325581395349,"8.022821395",2,0.05255092867051131,14,0.32558139534883723,15,0.3488372093023256
672016,"Clarke, Denzel",132,0.9103448275862069,86,"76.752346136",0.6969696969696972,0.2558139534883721,0.16666666666666666,0.13953488372093023,0.09090909090909091,"7.429055",4,-9.734547325677118,46,0.3484848484848485,44,0.3333333333333333
695657,"Montgomery, Colson",1135,0.9007936507936508,739,"76.618505727",0.705726872246696,0.22462787550744248,0.14625550660792952,0.14749661705006767,0.0960352422907489,"7.975937066",37,-24.225230442275993,396,0.34889867841409694,327,0.28810572687224667
677594,"Rodríguez, Julio",1117,0.9059205190592052,834,"76.570785971",0.6723366159355416,0.2829736211031175,0.21128021486123547,0.1774580335731415,0.13249776186213072,"7.767213617",17,-22.732408187445504,283,0.25335720680393914,417,0.37332139659803043
668723,"Vilade, Ryan",467,0.912109375,358,"76.54111531",0.6552462526766596,0.2346368715083799,0.17987152034261242,0.15363128491620112,0.11777301927194861,"7.457346767",5,-9.822090687953814,109,0.2334047109207709,156,0.3340471092077088
641343,"Bauers, Jake",849,0.9022316684378321,619,"76.485956148",0.6808009422850414,0.32148626817447495,0.23439340400471143,0.1987075928917609,0.14487632508833923,"7.667092002",33,-2.1264374811459463,230,0.270906949352179,306,0.36042402826855124
666211,"Trammell, Taylor",479,0.9020715630885122,310,"76.484173361",0.674321503131524,0.23225806451612904,0.15031315240083507,0.15161290322580645,0.09812108559498957,"7.888183132",16,-16.949835526740184,169,0.35281837160751567,150,0.31315240083507306
805904,"Cole, Zach",84,0.8936170212765957,49,"76.376682381",0.6666666666666667,0.3469387755102041,0.20238095238095238,0.22448979591836735,0.13095238095238096,"7.384512857",1,-2.3830865749290524,35,0.4166666666666667,29,0.34523809523809523
665487,"Tatis Jr., Fernando",1000,0.9074410163339383,769,"76.36297726",0.6469999999999999,0.36280884265279584,0.279,0.24577373211963588,0.189,"7.34634662",28,-1.128234837381814,231,0.231,451,0.451
642133,"Tellez, Rowdy",21,0.9130434782608695,14,"76.357261905",0.5238095238095237,0.21428571428571427,0.14285714285714285,0.21428571428571427,0.14285714285714285,"8.083818095",0,-0.8452653859312943,7,0.3333333333333333,7,0.3333333333333333
621550,"Wisdom, Patrick",94,0.9038461538461539,57,"76.306840851",0.6595744680851064,0.3157894736842105,0.19148936170212766,0.15789473684210525,0.09574468085106383,"8.098305957",3,-6.9863952536658065,37,0.39361702127659576,24,0.2553191489361702
665489,"Guerrero Jr., Vladimir",922,0.90748031496063,751,"76.289564143",0.623644251626898,0.3235685752330226,0.2635574837310195,0.20905459387483355,0.1702819956616052,"7.582825998",13,-36.367295391266104,171,0.18546637744034708,438,0.4750542299349241
666624,"Morel, Christopher",170,0.9090909090909091,109,"76.265580353",0.623529411764706,0.29357798165137616,0.18823529411764706,0.14678899082568808,0.09411764705882353,"8.017417588",2,-10.837035570596706,61,0.3588235294117647,57,0.3352941176470588
682829,"De La Cruz, Elly",947,0.909702209414025,695,"76.195359197",0.6114044350580782,0.3424460431654676,0.25131995776135163,0.2302158273381295,0.1689545934530095,"7.180752027",24,14.17549241700235,252,0.26610348468849,357,0.37697993664202745
687605,"Pinckney, Andrew",37,0.8809523809523809,25,"76.191747297",0.7027027027027026,0.44,0.2972972972972973,0.24,0.16216216216216217,"7.630542703",1,1.5538541433475601,12,0.32432432432432434,15,0.40540540540540543
691181,"Rodriguez, Emmanuel",70,0.8860759493670886,50,"76.144690429",0.6857142857142858,0.24,0.17142857142857143,0.14,0.1,"6.979422571",5,-2.274683933383868,20,0.2857142857142857,25,0.35714285714285715
670541,"Alvarez, Yordan",1040,0.9138840070298769,840,"76.130605125",0.6153846153846156,0.33214285714285713,0.26826923076923076,0.22142857142857142,0.17884615384615385,"7.666400413",5,20.100886398677773,200,0.19230769230769232,433,0.41634615384615387
656305,"Chapman, Matt",552,0.9093904448105437,427,"76.129580707",0.6105072463768115,0.22014051522248243,0.17028985507246377,0.13348946135831383,0.10326086956521739,"7.369365254",11,-13.70935736669279,125,0.22644927536231885,201,0.3641304347826087
687282,"Rincones Jr., Gabriel",178,0.9035532994923858,128,"76.086965562",0.6123595505617977,0.1953125,0.1404494382022472,0.125,0.0898876404494382,"7.143844663",4,-8.77418905090598,50,0.2808988764044944,53,0.29775280898876405
592450,"Judge, Aaron",465,0.9046692607003891,320,"76.077789226",0.6387096774193549,0.3125,0.21505376344086022,0.203125,0.13978494623655913,"8.133405527",12,3.991536673443993,145,0.3118279569892473,143,0.30752688172043013
671286,"Rodríguez, Johnathan",33,0.9166666666666666,24,"75.99450303",0.6363636363636365,0.125,0.09090909090909091,0.125,0.09090909090909091,"8.178336364",1,-1.5719232476007665,9,0.2727272727272727,6,0.18181818181818182
682663,"Ramírez, Agustín",444,0.9042769857433809,320,"75.892403649",0.5833333333333331,0.2625,0.1891891891891892,0.15,0.10810810810810811,"7.680489482",11,-17.86148092285725,124,0.27927927927927926,158,0.35585585585585583
694673,"Ortiz, Abimelec",270,0.9090909090909091,215,"75.800140407",0.6222222222222223,0.2372093023255814,0.18888888888888888,0.10232558139534884,0.08148148148148149,"7.335175074",3,-9.127197603359008,55,0.2037037037037037,84,0.3111111111111111
663586,"Riley, Austin",1101,0.9084158415841584,769,"75.76452109",0.5903723887375116,0.2717815344603381,0.18982742960944596,0.15344603381014305,0.10717529518619437,"7.562596158",25,-35.34026672073994,332,0.30154405086285196,343,0.3115349682107175
669394,"Burger, Jake",1044,0.9054640069384216,710,"75.724394981",0.6216475095785443,0.30704225352112674,0.20881226053639848,0.19014084507042253,0.12931034482758622,"7.531876925",35,-21.289193178050127,334,0.31992337164750956,376,0.36015325670498083
691723,"Mayo, Coby",744,0.914004914004914,522,"75.709263965",0.5833333333333334,0.2835249042145594,0.1989247311827957,0.16475095785440613,0.11559139784946236,"7.35039703",10,-8.814257410171404,222,0.29838709677419356,232,0.3118279569892473
660670,"Acuña Jr., Ronald",815,0.8995584988962473,606,"75.675407018",0.5865030674846626,0.2739273927392739,0.20368098159509201,0.16831683168316833,0.12515337423312883,"7.603964847",32,-13.245811519401869,209,0.25644171779141106,296,0.36319018404907977
682985,"Greene, Riley",1006,0.903863432165319,707,"75.657860278",0.5904572564612325,0.27722772277227725,0.19483101391650098,0.16407355021216408,0.11530815109343936,"7.271190517",15,-5.9694796795248815,299,0.29721669980119286,319,0.31709741550695825
682818,"Piñango, Yohendrick",317,0.9031339031339032,241,"75.595015804",0.5741324921135649,0.27385892116182575,0.2082018927444795,0.17427385892116182,0.13249211356466878,"7.14926306",5,-8.62896192682003,76,0.23974763406940064,114,0.35962145110410093
701350,"Anthony, Roman",338,0.9110512129380054,245,"75.553969704",0.5473372781065092,0.363265306122449,0.26331360946745563,0.20816326530612245,0.15088757396449703,"7.450312337",12,-3.550853237972378,93,0.27514792899408286,133,0.39349112426035504
687515,"Thomas, Colby",211,0.9134199134199135,138,"75.495420569",0.5734597156398104,0.2753623188405797,0.18009478672985782,0.15217391304347827,0.0995260663507109,"7.562052322",2,-8.426654626880959,73,0.3459715639810427,64,0.3033175355450237
682998,"Carroll, Corbin",1061,0.9107296137339056,797,"75.468855589",0.578699340245052,0.32747804265997493,0.24599434495758718,0.18193224592220827,0.13666352497643733,"7.468986946",10,-18.120078798245974,264,0.24882186616399624,414,0.3901979264844486
694025,"Reyes, Felix",62,0.8985507246376812,48,"75.458407903",0.5483870967741935,0.2916666666666667,0.22580645161290322,0.125,0.0967741935483871,"7.450099516",2,-4.218942608576444,14,0.22580645161290322,29,0.46774193548387094
694514,"Thompson, Sterlin",119,0.9015151515151515,90,"75.429328151",0.5546218487394956,0.24444444444444444,0.18487394957983194,0.12222222222222222,0.09243697478991597,"7.029012689",0,-3.328396766624804,29,0.24369747899159663,42,0.35294117647058826
804606,"Griffin, Konnor",599,0.904833836858006,441,"75.425221285",0.5575959933222036,0.26303854875283444,0.19365609348914858,0.14965986394557823,0.11018363939899833,"7.670106227",13,-11.581601697842627,158,0.2637729549248748,217,0.3622704507512521
669065,"Stowers, Kyle",912,0.9065606361829026,619,"75.374370493",0.5515350877192982,0.3037156704361874,0.20614035087719298,0.20678513731825526,0.14035087719298245,"6.800720921",29,-11.375680206769069,293,0.32127192982456143,277,0.30372807017543857
686948,"Baldwin, Drake",1090,0.9045643153526971,842,"75.346529358",0.5678899082568806,0.3182897862232779,0.24587155963302754,0.18646080760095013,0.14403669724770643,"7.31839055",24,-7.068603353278659,248,0.22752293577981653,392,0.3596330275229358
703155,"Montes, Lazaro",106,0.905982905982906,59,"75.313041415",0.5754716981132074,0.2711864406779661,0.1509433962264151,0.1694915254237288,0.09433962264150944,"7.766152547",0,-3.025468465784079,47,0.44339622641509435,24,0.22641509433962265
663698,"Bart, Joey",205,0.9070796460176991,147,"75.303235073",0.5219512195121954,0.21768707482993196,0.15609756097560976,0.14285714285714285,0.1024390243902439,"7.359530634",4,-3.947179763854644,58,0.28292682926829266,72,0.35121951219512193
670042,"Raley, Luke",523,0.9032815198618307,321,"75.275832983",0.5717017208413004,0.3052959501557632,0.18738049713193117,0.1838006230529595,0.11281070745697896,"7.282020096",11,-12.806673164332448,202,0.3862332695984704,159,0.30401529636711283
683146,"Baty, Brett",833,0.9064200217627857,610,"75.270221813",0.5654261704681873,0.2836065573770492,0.20768307322929172,0.16065573770491803,0.11764705882352941,"7.475294694",23,-20.331589937862343,223,0.26770708283313327,284,0.34093637454981995
670242,"Wallner, Matt",264,0.9072164948453608,157,"75.215032348",0.5681818181818182,0.2229299363057325,0.13257575757575757,0.12738853503184713,0.07575757575757576,"7.469698068",15,-11.570357020709995,107,0.4053030303030303,66,0.25
678760,"Leonard, Eddys",20,0.9090909090909091,14,"75.212396",0.65,0.07142857142857142,0.05,0.07142857142857142,0.05,"7.2952655",0,-0.9129549257150654,6,0.3,6,0.3
701305,"Dezenzo, Zach",138,0.9019607843137255,87,"75.14651587",0.5144927536231884,0.22988505747126436,0.14492753623188406,0.10344827586206896,0.06521739130434782,"7.65135413",2,-5.512553886616529,51,0.3695652173913043,42,0.30434782608695654
669127,"Langeliers, Shea",756,0.9108433734939759,534,"75.140732315",0.5198412698412699,0.3146067415730337,0.2222222222222222,0.17228464419475656,0.12169312169312169,"7.25562422",2,-5.650311518606335,222,0.29365079365079366,273,0.3611111111111111
668904,"Lewis, Royce",893,0.9047619047619048,628,"75.128781422",0.5453527435610303,0.28503184713375795,0.20044792833146696,0.15286624203821655,0.10750279955207166,"8.064241366",23,-21.77046873586854,265,0.2967525195968645,316,0.3538633818589026
691718,"Crow-Armstrong, Pete",1281,0.9014778325123153,999,"75.094338884",0.5362997658079626,0.26226226226226224,0.20452771272443404,0.16016016016016016,0.1249024199843872,"7.469665886",47,22.021300463908467,282,0.22014051522248243,409,0.3192818110850898
683357,"Caissie, Owen",562,0.9035369774919614,378,"75.075924395",0.5569395017793594,0.2804232804232804,0.18861209964412812,0.15343915343915343,0.10320284697508897,"7.121562687",17,-9.147427084851271,184,0.3274021352313167,168,0.298932384341637
553869,"Díaz, Elias",451,0.902,334,"75.058524235",0.5077605321507761,0.23952095808383234,0.17738359201773837,0.1497005988023952,0.11086474501108648,"7.04658388",16,-11.821518600525977,117,0.25942350332594233,153,0.3392461197339246
678577,"Perez, Junior",64,0.927536231884058,40,"75.053433281",0.5625,0.35,0.21875,0.2,0.125,"7.518186875",0,-0.702798427603831,24,0.375,20,0.3125
699302,"Rodríguez, Héctor",278,0.9025974025974026,208,"75.046886367",0.5179856115107913,0.23557692307692307,0.17625899280575538,0.125,0.09352517985611511,"7.869024748",6,-5.290062549495387,70,0.2517985611510791,98,0.35251798561151076
680776,"Duran, Jarren",1014,0.9037433155080213,698,"75.026601489",0.5088757396449703,0.28796561604584525,0.19822485207100593,0.166189111747851,0.11439842209072978,"7.58312357",30,-43.66617232316196,316,0.3116370808678501,362,0.35700197238658776
663728,"Raleigh, Cal",1022,0.9020300088261254,719,"75.01712091",0.5136986301369864,0.23087621696801114,0.162426614481409,0.11543810848400557,0.0812133072407045,"7.901661957",26,-37.312499310114156,303,0.2964774951076321,275,0.2690802348336595
814430,"Callahan, Brett",143,0.9050632911392406,108,"74.977795594",0.5174825174825173,0.2222222222222222,0.16783216783216784,0.12037037037037036,0.09090909090909091,"7.008711888",5,-3.7237297588869827,35,0.24475524475524477,44,0.3076923076923077
696100,"Goodman, Hunter",1022,0.9092526690391459,689,"74.964751429",0.4892367906066536,0.26850507982583455,0.18101761252446183,0.15965166908563136,0.10763209393346379,"7.332167867",19,-5.613956373146009,333,0.3258317025440313,311,0.30430528375733856
677595,"Mauricio, Ronny",118,0.9007633587786259,83,"74.960862542",0.5,0.24096385542168675,0.1694915254237288,0.14457831325301204,0.1016949152542373,"7.78666839",1,-0.8433377149469092,35,0.2966101694915254,35,0.2966101694915254
624585,"Soler, Jorge",619,0.9036496350364963,404,"74.943144281",0.5121163166397417,0.25742574257425743,0.1680129240710824,0.15099009900990099,0.09854604200323101,"7.901856268",7,-14.57953498307392,215,0.3473344103392569,191,0.308562197092084
671739,"Harris II, Michael",1088,0.9066666666666666,842,"74.929193704",0.49816176470588225,0.31235154394299286,0.2417279411764706,0.20665083135391923,0.15992647058823528,"8.122766066",20,-5.745261686901757,246,0.2261029411764706,427,0.39246323529411764
693306,"Sabato, Aaron",12,0.9230769230769231,10,"74.8355425",0.5833333333333333,0.3,0.25,0,0,"7.0936425",1,-1.7557748113793126,2,0.16666666666666666,3,0.25
699013,"Valdez, Esmerlyn",460,0.8984375,281,"74.805468152",0.5086956521739131,0.30604982206405695,0.18695652173913044,0.18505338078291814,0.11304347826086956,"7.960877109",5,-0.5661712335245765,179,0.38913043478260867,124,0.26956521739130435
815873,"Keys, Sean",136,0.9066666666666666,97,"74.779902647",0.5147058823529412,0.23711340206185566,0.16911764705882354,0.12371134020618557,0.08823529411764706,"7.44341875",1,-5.76994220886018,39,0.2867647058823529,40,0.29411764705882354
621566,"Olson, Matt",1211,0.906437125748503,931,"74.776874071",0.49958711808422784,0.31364124597207305,0.24112303881090008,0.19441460794844254,0.1494632535094963,"7.59057659",22,-3.471514161484315,280,0.23121387283236994,431,0.35590421139554085
606466,"Marte, Ketel",968,0.9097744360902256,790,"74.768723233",0.4679752066115702,0.3329113924050633,0.27169421487603307,0.1848101265822785,0.15082644628099173,"7.713540702",12,-14.563758654542815,178,0.18388429752066116,439,0.4535123966942149
676369,"Velázquez, Nelson",204,0.9026548672566371,127,"74.707055294",0.5245098039215685,0.3779527559055118,0.23529411764705882,0.2204724409448819,0.13725490196078433,"7.441228284",4,-4.354468899310436,77,0.37745098039215685,64,0.3137254901960784
660271,"Ohtani, Shohei",984,0.9060773480662984,681,"74.692752876",0.4908536585365853,0.3671071953010279,0.2540650406504065,0.21145374449339208,0.14634146341463414,"7.897204126",11,-4.1970891971895785,303,0.3079268292682927,346,0.3516260162601626
592518,"Machado, Manny",1121,0.9084278768233387,867,"74.685935923",0.4594112399643176,0.28835063437139563,0.22301516503122212,0.15340253748558247,0.11864406779661017,"7.874481374",31,-28.455517002280487,254,0.22658340767172166,422,0.37644959857270294
808959,"Murakami, Munetaka",892,0.9037487335359676,531,"74.684148733",0.49663677130044853,0.3239171374764595,0.19282511210762332,0.224105461393597,0.13340807174887892,"7.865487534",30,-11.876206330683456,361,0.4047085201793722,245,0.27466367713004486
641857,"McMahon, Ryan",601,0.9024024024024024,442,"74.680604459",0.4891846921797005,0.3054298642533937,0.22462562396006655,0.17647058823529413,0.129783693843594,"7.363978669",19,-17.1367577555153,159,0.26455906821963393,214,0.3560732113144759
545361,"Trout, Mike",963,0.9033771106941839,744,"74.672612305",0.4849428868120456,0.2701612903225806,0.2087227414330218,0.16263440860215053,0.1256490134994808,"7.453380093",25,-13.693545024972618,219,0.22741433021806853,330,0.3426791277258567
624413,"Alonso, Pete",1132,0.907051282051282,840,"74.666029576",0.47349823321554774,0.3380952380952381,0.2508833922261484,0.22738095238095238,0.1687279151943463,"7.180035018",18,1.6084590300532535,292,0.2579505300353357,400,0.35335689045936397
666464,"Encarnacion, Jerar",75,0.9036144578313253,61,"74.662510267",0.5466666666666666,0.21311475409836064,0.17333333333333334,0.11475409836065574,0.09333333333333334,"7.5507412",1,-4.56702463420293,14,0.18666666666666668,25,0.3333333333333333
681297,"Cowser, Colton",653,0.9031811894882434,450,"74.601943017",0.47932618683001543,0.25333333333333335,0.17457886676875958,0.13777777777777778,0.09494640122511486,"7.473979908",20,-17.39821949083101,203,0.3108728943338438,205,0.31393568147013784
691785,"Mayer, Marcelo",396,0.908256880733945,291,"74.564374167",0.46212121212121204,0.27835051546391754,0.20454545454545456,0.12027491408934708,0.08838383838383838,"7.951796313",8,-17.729817676138296,105,0.26515151515151514,161,0.4065656565656566
641820,"Mancini, Trey",29,0.90625,25,"74.536593448",0.3793103448275862,0.24,0.20689655172413793,0.16,0.13793103448275862,"7.625914828",0,0.32697232673552296,4,0.13793103448275862,10,0.3448275862068966
545341,"Grichuk, Randal",481,0.9041353383458647,372,"74.533148711",0.4636174636174637,0.3521505376344086,0.27234927234927236,0.20161290322580644,0.15592515592515593,"7.733082412",9,4.138942137495245,109,0.22661122661122662,198,0.41164241164241167
691176,"Domínguez, Jasson",376,0.910411622276029,284,"74.530686144",0.4202127659574469,0.29225352112676056,0.22074468085106383,0.15140845070422534,0.11436170212765957,"7.777663723",4,-12.198069378360689,92,0.24468085106382978,148,0.39361702127659576
682674,"Bericoto, Victor",224,0.9105691056910569,161,"74.524177991",0.48214285714285704,0.32298136645962733,0.23214285714285715,0.14285714285714285,0.10267857142857142,"7.590776384",6,-3.6803014500026396,63,0.28125,77,0.34375
672356,"Arias, Gabriel",264,0.8979591836734694,151,"74.514834508",0.4507575757575757,0.2980132450331126,0.17045454545454544,0.18543046357615894,0.10606060606060606,"7.396739053",7,-5.121548908727297,113,0.42803030303030304,77,0.2916666666666667
669911,"Toglia, Michael",41,0.8913043478260869,28,"74.495372195",0.5365853658536586,0.39285714285714285,0.2682926829268293,0.10714285714285714,0.07317073170731707,"7.593017805",2,-3.383733424019214,13,0.3170731707317073,13,0.3170731707317073
691373,"Garcia, Jhostynxon",98,0.8990825688073395,66,"74.474399592",0.44897959183673464,0.24242424242424243,0.16326530612244897,0.10606060606060606,0.07142857142857142,"7.825669592",1,-7.149639193467844,32,0.32653061224489793,31,0.3163265306122449
657757,"Sheets, Gavin",679,0.9065420560747663,555,"74.441256539",0.4698085419734904,0.24684684684684685,0.20176730486008837,0.11531531531531532,0.09425625920471281,"7.726081811",20,-16.506561659939216,124,0.18262150220913106,259,0.38144329896907214
663993,"Lowe, Nathaniel",723,0.9060150375939849,584,"74.434732656",0.43845089903181184,0.2517123287671233,0.2033195020746888,0.1523972602739726,0.12309820193637622,"7.539173458",19,-0.4696379632597498,139,0.19225449515905949,272,0.37621023513139695
691016,"Soderstrom, Tyler",670,0.9054054054054054,524,"74.418929821",0.45074626865671635,0.30725190839694655,0.24029850746268658,0.17748091603053434,0.13880597014925372,"7.504831806",16,-14.672467057031762,146,0.21791044776119403,267,0.39850746268656717
694192,"Chourio, Jackson",901,0.9073514602215509,699,"74.402120777",0.4650388457269701,0.34048640915593703,0.2641509433962264,0.18741058655221746,0.1453940066592675,"7.363608202",20,9.23171521360361,202,0.2241953385127636,358,0.3973362930077691
663624,"Mountcastle, Ryan",32,0.9411764705882353,30,"74.390176875",0.4375,0.2,0.1875,0.13333333333333333,0.125,"7.507539688",0,-1.185358022540166,2,0.0625,12,0.375
694203,"Guzman, Denzer",533,0.9018612521150592,400,"74.352920469",0.4559099437148218,0.2425,0.18198874296435272,0.125,0.09380863039399624,"7.995989343",1,-18.269754357978165,133,0.24953095684803,196,0.3677298311444653
572233,"Walker, Christian",1115,0.9006462035541195,827,"74.342461426",0.43587443946188353,0.27327690447400244,0.20269058295964126,0.1596130592503023,0.11838565022421525,"7.411132439",39,-25.521255340722387,288,0.25829596412556055,407,0.3650224215246637
681715,"Hernández, Heriberto",812,0.9072625698324023,574,"74.324533325",0.46551724137931033,0.35714285714285715,0.2524630541871921,0.1951219512195122,0.13793103448275862,"7.734357377",27,-12.916017263496192,238,0.29310344827586204,300,0.3694581280788177
666160,"Moniak, Mickey",798,0.9047619047619048,582,"74.301625714",0.4536340852130326,0.28865979381443296,0.21052631578947367,0.13745704467353953,0.10025062656641603,"7.799904035",14,1.9412025261713,216,0.2706766917293233,276,0.3458646616541353
680718,"Barger, Addison",46,0.9019607843137255,37,"74.294076304",0.5,0.24324324324324326,0.1956521739130435,0.13513513513513514,0.10869565217391304,"7.191623913",1,-5.100543696595752,9,0.1956521739130435,16,0.34782608695652173
677592,"Pereira, Everson",191,0.9052132701421801,126,"74.292301204",0.47120418848167545,0.2777777777777778,0.18324607329842932,0.15873015873015872,0.10471204188481675,"8.019791361",8,-4.263067626121279,65,0.3403141361256545,58,0.3036649214659686
671277,"García Jr., Luis",940,0.9090909090909091,766,"74.286929638",0.45212765957446815,0.3276762402088773,0.2670212765957447,0.18929503916449086,0.15425531914893617,"7.448139255",14,9.378228232676731,174,0.1851063829787234,392,0.41702127659574467
686527,"Canzone, Dominic",861,0.9082278481012658,642,"74.282012509",0.43437862950058076,0.3582554517133956,0.26713124274099886,0.2071651090342679,0.15447154471544716,"7.407335923",13,-0.01034600735800184,219,0.25435540069686413,351,0.4076655052264808
694212,"Basallo, Samuel",688,0.9076517150395779,489,"74.272168576",0.444767441860465,0.32719836400818,0.23255813953488372,0.18200408997955012,0.12936046511627908,"7.602706105",19,-14.830892447165395,199,0.28924418604651164,247,0.35901162790697677
670224,"Misner, Kameron",85,0.9239130434782609,51,"74.260397176",0.41176470588235303,0.19607843137254902,0.11764705882352941,0.0392156862745098,0.023529411764705882,"7.653476118",0,-4.026677291176805,34,0.4,21,0.24705882352941178
691788,"Mack, Joe",537,0.9055649241146712,407,"74.256687691",0.43389199255121047,0.3095823095823096,0.2346368715083799,0.14742014742014742,0.11173184357541899,"7.390999944",5,-14.194793759045249,130,0.24208566108007448,207,0.3854748603351955
700246,"Williams, Carson",71,0.8987341772151899,51,"74.207787887",0.352112676056338,0.17647058823529413,0.1267605633802817,0.058823529411764705,0.04225352112676056,"7.553689577",2,-5.5484457510498935,20,0.28169014084507044,23,0.323943661971831
680779,"Davis, Henry",511,0.9060283687943262,393,"74.205985753",0.42661448140900193,0.2875318066157761,0.22113502935420742,0.1450381679389313,0.11154598825831702,"7.308730607",14,-22.824333870110802,118,0.2309197651663405,183,0.35812133072407043
665953,"Chaparro, Andrés",382,0.9009433962264151,278,"74.205487565",0.4476439790575917,0.302158273381295,0.2198952879581152,0.15827338129496402,0.11518324607329843,"7.327127592",14,3.569877502931124,104,0.27225130890052357,139,0.36387434554973824
682626,"Alvarez, Francisco",707,0.9029374201787995,481,"74.186920736",0.42857142857142855,0.3201663201663202,0.21782178217821782,0.19334719334719336,0.13154172560113153,"7.291528515",14,-15.77938739451958,226,0.31966053748231965,239,0.33804809052333806
683002,"Henderson, Gunnar",1179,0.9013761467889908,927,"74.132133427",0.4156064461407973,0.28694714131607335,0.22561492790500423,0.14563106796116504,0.11450381679389313,"7.32104838",25,-21.336448043479397,252,0.21374045801526717,438,0.37150127226463103
547180,"Harper, Bryce",1227,0.9062038404726735,866,"74.11888837",0.4539527302363488,0.2863741339491917,0.20211898940505296,0.1581986143187067,0.11165444172779136,"7.325754156",14,-13.642093206156794,361,0.29421352893235536,408,0.33251833740831294
621439,"Buxton, Byron",691,0.9068241469816273,489,"74.089327424",0.4037626628075254,0.2965235173824131,0.2098408104196816,0.1656441717791411,0.11722141823444283,"7.982021056",14,-6.652071393052667,202,0.29232995658465993,244,0.35311143270622286
665052,"Conine, Griffin",539,0.9028475711892797,349,"74.080855455",0.4248608534322821,0.3438395415472779,0.22263450834879406,0.2148997134670487,0.1391465677179963,"7.475210278",14,1.5870475286071746,190,0.3525046382189239,178,0.3302411873840445
669004,"Melendez, MJ",256,0.9014084507042254,175,"74.067085547",0.4062500000000001,0.30857142857142855,0.2109375,0.18285714285714286,0.125,"7.916130977",5,-10.798019715080903,81,0.31640625,69,0.26953125
686554,"Dunn, Oliver",16,0.8888888888888888,10,"74.061013125",0.375,0.2,0.125,0.1,0.0625,"7.27459875",0,-1.822356162281559,6,0.375,4,0.25
686611,"Crews, Dylan",749,0.9134146341463415,540,"74.055400975",0.38718291054739656,0.29814814814814816,0.21495327102803738,0.1685185185185185,0.12149532710280374,"7.589476061",17,-21.850972182547427,209,0.27903871829105475,271,0.36181575433911883
691777,"Muncy, Max",466,0.9083820662768031,326,"74.053243541",0.45493562231759654,0.26993865030674846,0.1888412017167382,0.15950920245398773,0.11158798283261803,"7.508564313",17,-8.663685620763667,140,0.30042918454935624,145,0.3111587982832618
683748,"Mesa Jr., Victor",445,0.9044715447154471,339,"74.043712404",0.3887640449438202,0.3008849557522124,0.2292134831460674,0.1415929203539823,0.10786516853932585,"7.912440989",5,-2.2344635071597247,106,0.23820224719101124,160,0.3595505617977528
642708,"Rosario, Amed",426,0.9006342494714588,311,"74.036673028",0.41079812206572786,0.2990353697749196,0.21830985915492956,0.1639871382636656,0.11971830985915492,"7.407286526",4,-6.247020846798478,115,0.2699530516431925,156,0.36619718309859156
667670,"Rooker, Brent",314,0.9127906976744186,199,"73.974290987",0.410828025477707,0.2914572864321608,0.18471337579617833,0.19095477386934673,0.12101910828025478,"7.085263312",7,-9.70893268300987,115,0.3662420382165605,104,0.33121019108280253
699912,"Fernandez, Jose",333,0.9,256,"73.960755766",0.42942942942942947,0.296875,0.22822822822822822,0.15234375,0.11711711711711711,"7.794749159",4,-8.372530824070715,77,0.23123123123123124,131,0.3933933933933934
694374,"Tawa, Tim",579,0.9089481946624803,424,"73.958114491",0.3713298791018998,0.3160377358490566,0.231433506044905,0.1721698113207547,0.12607944732297063,"7.176938152",15,-14.824087170576185,155,0.26770293609671847,214,0.3696027633851468
677951,"Witt Jr., Bobby",999,0.9073569482288828,767,"73.946409459",0.4194194194194195,0.35723598435462844,0.27427427427427425,0.2046936114732725,0.15715715715715717,"6.994460611",19,-9.58083568156289,232,0.23223223223223224,422,0.42242242242242245
677588,"Tena, José",497,0.9052823315118397,335,"73.945849718",0.4205231388329981,0.29850746268656714,0.2012072434607646,0.18208955223880596,0.1227364185110664,"7.09993666",10,-10.430425732415218,162,0.32595573440643866,163,0.32796780684104626
804668,"Flores Jr., Rafael",262,0.903448275862069,185,"73.945149389",0.39312977099236646,0.32432432432432434,0.22900763358778625,0.1783783783783784,0.12595419847328243,"7.480420267",6,3.3139109560094937,77,0.29389312977099236,96,0.366412213740458
668952,"Kreidler, Ryan",458,0.899803536345776,329,"73.934778734",0.3908296943231442,0.2917933130699088,0.2096069868995633,0.1519756838905775,0.1091703056768559,"7.905649651",15,-15.951609535747767,129,0.2816593886462882,172,0.37554585152838427
703197,"Arroyo, Michael",62,0.8985507246376812,53,"73.905590806",0.3709677419354839,0.2830188679245283,0.24193548387096775,0.1320754716981132,0.11290322580645161,"7.698166613",0,3.2630189620796544,9,0.14516129032258066,27,0.43548387096774194
678246,"Vargas, Miguel",1102,0.9084913437757626,890,"73.901550808",0.42377495462794923,0.3258426966292135,0.2631578947368421,0.16179775280898875,0.1306715063520871,"7.78013598",10,-12.364294194846577,212,0.19237749546279492,439,0.39836660617059894
695600,"Jensen, Carter",990,0.9041095890410958,728,"73.870614081",0.3737373737373737,0.3159340659340659,0.23232323232323232,0.15384615384615385,0.11313131313131314,"7.141660354",45,-17.799743354113474,262,0.26464646464646463,341,0.34444444444444444
683090,"Lugo, Matthew",28,0.9333333333333333,16,"73.869260357",0.5,0.1875,0.10714285714285714,0.0625,0.03571428571428571,"7.569395",2,-2.4050361010283425,12,0.42857142857142855,8,0.2857142857142857
687597,"Beck, Jordan",316,0.9028571428571428,216,"73.865911013",0.379746835443038,0.2361111111111111,0.16139240506329114,0.12037037037037036,0.08227848101265822,"7.894563386",4,-13.724249632726112,100,0.31645569620253167,91,0.2879746835443038
671155,"Johnson, Ivan",28,0.875,15,"73.833288929",0.3928571428571429,0.2,0.10714285714285714,0.13333333333333333,0.07142857142857142,"7.252222143",0,-2.709815725331229,13,0.4642857142857143,8,0.2857142857142857
681047,"Franklin, Christian",87,0.9157894736842105,63,"73.827315172",0.3908045977011495,0.25396825396825395,0.1839080459770115,0.1111111111111111,0.08045977011494253,"7.049536897",3,-5.421227705712155,24,0.27586206896551724,33,0.3793103448275862
695020,"Murray, Tanner",42,0.8936170212765957,30,"73.817516905",0.3809523809523809,0.43333333333333335,0.30952380952380953,0.2,0.14285714285714285,"7.615133095",1,-1.180082706586858,12,0.2857142857142857,21,0.5
622761,"Mateo, Jorge",406,0.9022222222222223,290,"73.811936108",0.3743842364532021,0.2482758620689655,0.17733990147783252,0.1206896551724138,0.08620689655172414,"7.737307143",12,-13.315821845337352,116,0.2857142857142857,132,0.3251231527093596
670231,"Rave, John",227,0.908,175,"73.789221718",0.3656387665198238,0.3142857142857143,0.2422907488986784,0.17714285714285713,0.13656387665198239,"7.241511454",2,-2.5021664643131576,52,0.2290748898678414,94,0.41409691629955947
677800,"Abreu, Wilyer",1173,0.9057915057915058,906,"73.785176334",0.36231884057971014,0.31456953642384106,0.24296675191815856,0.1534216335540839,0.1184995737425405,"7.182915499",15,-19.76756592540638,267,0.22762148337595908,443,0.3776641091219096
676475,"Burleson, Alec",1184,0.90727969348659,948,"73.755163902",0.3758445945945945,0.33122362869198313,0.2652027027027027,0.18565400843881857,0.14864864864864866,"7.688158319",18,0.8136448864142927,236,0.19932432432432431,460,0.3885135135135135
680869,"Gelof, Zack",657,0.909972299168975,473,"73.752424033",0.32115677321156777,0.33192389006342493,0.2389649923896499,0.14799154334038056,0.106544901065449,"7.254181826",3,-5.465378423761516,184,0.2800608828006088,252,0.3835616438356164
678545,"Basabe, Osleivis",221,0.9132231404958677,172,"73.743567421",0.3665158371040724,0.29651162790697677,0.23076923076923078,0.13953488372093023,0.1085972850678733,"7.298449412",7,-9.501768794183086,49,0.22171945701357465,92,0.416289592760181
807727,"McAdoo, Charles",167,0.9027027027027027,129,"73.735362156",0.36526946107784436,0.24806201550387597,0.19161676646706588,0.08527131782945736,0.0658682634730539,"7.242566766",0,-3.9059759406503454,38,0.2275449101796407,66,0.39520958083832336
668901,"Vientos, Mark",521,0.9108391608391608,366,"73.697424223",0.34548944337811904,0.3360655737704918,0.236084452975048,0.1885245901639344,0.1324376199616123,"7.544541593",15,-14.30476538378919,155,0.29750479846449135,193,0.3704414587332054
805672,"Price, Collin",25,0.9615384615384616,9,"73.682672",0.36000000000000004,0.5555555555555556,0.2,0.1111111111111111,0.04,"7.8804416",0,-1.8545405048151458,16,0.64,6,0.24
703601,"Clark, Max",305,0.9050445103857567,261,"73.682517902",0.3147540983606556,0.2796934865900383,0.23934426229508196,0.10727969348659004,0.09180327868852459,"7.575847082",4,-5.577053034191722,44,0.14426229508196722,130,0.4262295081967213
677943,"Banfield, Will",41,0.8913043478260869,24,"73.676887561",0.3170731707317073,0.20833333333333334,0.12195121951219512,0.041666666666666664,0.024390243902439025,"7.050186585",0,-2.990396580720531,17,0.4146341463414634,12,0.2926829268292683
701785,"Culpepper, Kaelen",226,0.9076305220883534,171,"73.673435265",0.36283185840707954,0.2573099415204678,0.19469026548672566,0.08771929824561403,0.06637168141592921,"7.295262788",0,0.6484873365792552,55,0.24336283185840707,81,0.3584070796460177
663662,"Cameron, Daz",44,0.8979591836734694,34,"73.657902727",0.40909090909090906,0.23529411764705882,0.18181818181818182,0.11764705882352941,0.09090909090909091,"6.760453409",0,-1.36384750234352,10,0.22727272727272727,17,0.38636363636363635
666139,"Lowe, Josh",712,0.9035532994923858,478,"73.636015197",0.3553370786516854,0.24267782426778242,0.16292134831460675,0.100418410041841,0.06741573033707865,"7.515595969",10,-29.531653967072252,234,0.32865168539325845,193,0.2710674157303371
671056,"Herrera, Iván",1119,0.9053398058252428,908,"73.626948257",0.4030384271671136,0.30286343612334804,0.2457551385165326,0.14757709251101322,0.11974977658623771,"7.69703202",21,-19.46496869518522,211,0.18856121537086684,441,0.3941018766756032
699024,"Bernal, Leo",165,0.9065934065934066,126,"73.603066909",0.3151515151515151,0.36507936507936506,0.2787878787878788,0.20634920634920634,0.15757575757575756,"7.437802364",4,1.6289863694198803,39,0.23636363636363636,67,0.40606060606060607
668709,"Bleday, JJ",878,0.9023638232271326,660,"73.600232882",0.3200455580865604,0.29848484848484846,0.224373576309795,0.13787878787878788,0.10364464692482915,"7.292640103",26,-16.744398704837508,218,0.24829157175398633,325,0.3701594533029613
671732,"Butler, Lawrence",889,0.9043743641912513,666,"73.592215613",0.37457817772778385,0.26876876876876876,0.2013498312710911,0.15015015015015015,0.1124859392575928,"7.02010315",21,-24.39335402956465,223,0.2508436445444319,296,0.3329583802024747
669087,"Huff, Sam",66,0.9041095890410958,37,"73.556924394",0.34848484848484856,0.24324324324324326,0.13636363636363635,0.16216216216216217,0.09090909090909091,"7.838718788",1,-3.5429054142192644,29,0.4393939393939394,13,0.19696969696969696
660821,"Sánchez, Jesús",536,0.9069373942470389,390,"73.547313582",0.4328358208955223,0.31025641025641026,0.22574626865671643,0.16666666666666666,0.12126865671641791,"6.849219123",3,-19.97688161694431,146,0.27238805970149255,189,0.35261194029850745
650490,"Díaz, Yandy",1084,0.9078726968174204,941,"73.534317592",0.3828413284132841,0.3379383634431456,0.2933579335793358,0.19766206163655686,0.17158671586715868,"7.573989179",12,0.9016455219491859,143,0.13191881918819187,480,0.44280442804428044
666181,"Benson, Will",181,0.905,119,"73.531456685",0.37569060773480667,0.3025210084033613,0.19889502762430938,0.13445378151260504,0.08839779005524862,"7.687908729",6,-9.815314051398875,62,0.3425414364640884,55,0.30386740331491713
691781,"House, Brady",586,0.9057187017001546,428,"73.525433396",0.3344709897610921,0.32009345794392524,0.23378839590443687,0.17757009345794392,0.1296928327645051,"7.553264625",11,-13.186376190640535,158,0.2696245733788396,219,0.37372013651877134
664040,"Lowe, Brandon",1178,0.9019908116385911,802,"73.50498646",0.3870967741935484,0.3179551122194514,0.2164685908319185,0.1658354114713217,0.11290322580645161,"7.082271129",48,-4.086944248679614,376,0.31918505942275044,381,0.3234295415959253
700652,"Piper, Kenny",22,0.88,14,"73.488599545",0.2727272727272727,0.21428571428571427,0.13636363636363635,0.14285714285714285,0.09090909090909091,"7.834906818",0,-0.48726963550671853,8,0.36363636363636365,6,0.2727272727272727
691002,"Morales, Yohandy",81,0.9,52,"73.47194716",0.3580246913580248,0.3269230769230769,0.20987654320987653,0.2692307692307692,0.1728395061728395,"7.50136284",2,2.4155013445299707,29,0.35802469135802467,28,0.345679012345679
680777,"Jeffers, Ryan",548,0.9013157894736842,464,"73.466974489",0.40510948905109484,0.3232758620689655,0.2737226277372263,0.14870689655172414,0.1259124087591241,"7.21255365",16,0.12583371694468792,84,0.15328467153284672,237,0.4324817518248175
542303,"Ozuna, Marcell",472,0.9042145593869731,328,"73.463952013",0.3686440677966102,0.2926829268292683,0.2033898305084746,0.12804878048780488,0.08898305084745763,"7.475611419",4,-23.782743865574663,144,0.3050847457627119,156,0.3305084745762712
687749,"Bowen, Jase",152,0.9325153374233128,88,"73.462015724",0.28947368421052644,0.26136363636363635,0.1513157894736842,0.06818181818181818,0.039473684210526314,"7.926523618",2,-7.174097848590821,64,0.42105263157894735,39,0.2565789473684211
669288,"Johnson, Daniel",20,0.9090909090909091,16,"73.459043",0.3,0.4375,0.35,0.125,0.1,"7.41687",0,-2.3198353984577493,4,0.2,10,0.5
661388,"Contreras, William",936,0.9069767441860465,760,"73.458563825",0.3707264957264958,0.3868421052631579,0.3141025641025641,0.19473684210526315,0.1581196581196581,"7.234888312",18,-12.070250485599445,176,0.18803418803418803,444,0.47435897435897434
686555,"Collins, Isaac",728,0.9021065675340768,587,"73.457695646",0.32967032967032955,0.30664395229982966,0.24725274725274726,0.1465076660988075,0.11813186813186813,"6.76174375",30,-26.923622311029426,141,0.1936813186813187,309,0.42445054945054944
687952,"Encarnacion-Strand, Christian",411,0.9133333333333333,298,"73.446570827",0.3381995133819951,0.24496644295302014,0.17761557177615572,0.1174496644295302,0.0851581508515815,"7.388747762",7,-0.5178797039276315,113,0.2749391727493917,125,0.30413625304136255
805811,"Eldridge, Bryce",730,0.9136420525657072,544,"73.417615712",0.34383561643835625,0.31985294117647056,0.23835616438356164,0.18566176470588236,0.13835616438356163,"7.378773068",9,-2.715621176749107,186,0.2547945205479452,249,0.3410958904109589
669357,"Gorman, Nolan",545,0.902317880794702,345,"73.416507817",0.3266055045871561,0.28695652173913044,0.181651376146789,0.15072463768115943,0.09541284403669725,"7.64720055",9,-23.869048681030915,200,0.3669724770642202,156,0.28623853211009176
676356,"DeLuca, Jonny",622,0.9053857350800583,482,"73.407954502",0.3376205787781351,0.2551867219917012,0.1977491961414791,0.12863070539419086,0.09967845659163987,"7.819601897",10,-2.2532741701782197,140,0.22508038585209003,245,0.39389067524115756
621043,"Correa, Carlos",232,0.9098039215686274,180,"73.405211983",0.3879310344827587,0.2833333333333333,0.21982758620689655,0.16666666666666666,0.12931034482758622,"7.217647198",1,-4.438043041683374,52,0.22413793103448276,87,0.375
642350,"Siri, Jose",439,0.9032921810699589,282,"73.391372733",0.3758542141230068,0.2624113475177305,0.16856492027334852,0.16666666666666666,0.1070615034168565,"7.715042369",9,-7.4528253538755935,157,0.357630979498861,130,0.296127562642369
677956,"Hinds, Rece",134,0.9115646258503401,74,"73.379727313",0.3656716417910448,0.22972972972972974,0.12686567164179105,0.12162162162162163,0.06716417910447761,"7.73379209",4,-7.786621412917368,60,0.44776119402985076,31,0.23134328358208955
701538,"Merrill, Jackson",1178,0.9131782945736434,869,"73.378750645",0.31663837011884544,0.3095512082853855,0.22835314091680814,0.16455696202531644,0.12139219015280135,"7.522643829",24,-21.65454533439682,309,0.2623089983022071,394,0.33446519524617996
663604,"Lockridge, Brandon",185,0.8980582524271845,132,"73.355398108",0.4054054054054053,0.22727272727272727,0.16216216216216217,0.1590909090909091,0.11351351351351352,"7.015405946",3,-2.9988595429678675,53,0.2864864864864865,63,0.34054054054054056
595879,"Báez, Javier",344,0.9124668435013262,248,"73.348358576",0.3197674418604652,0.3064516129032258,0.22093023255813954,0.14112903225806453,0.10174418604651163,"8.57704189",3,-8.429714540227351,96,0.27906976744186046,139,0.40406976744186046
687401,"Ortiz, Joey",613,0.9054652880354506,503,"73.317382838",0.3327895595432299,0.3220675944333996,0.2642740619902121,0.147117296222664,0.12071778140293637,"7.511541093",6,-6.729076776598679,110,0.17944535073409462,265,0.43230016313213704
673548,"Suzuki, Seiya",988,0.9014598540145985,773,"73.28844168",0.3613360323886639,0.2755498059508409,0.21558704453441296,0.1410090556274256,0.11032388663967611,"7.215986316",22,-3.5403109458804387,215,0.21761133603238866,374,0.3785425101214575
663330,"Jones, Jahmai",296,0.9079754601226994,192,"73.256156588",0.3479729729729731,0.3072916666666667,0.19932432432432431,0.171875,0.11148648648648649,"7.674819426",5,-8.554337124072578,104,0.35135135135135137,93,0.3141891891891892
828599,"Spence, Lucas",109,0.9008264462809917,67,"73.255799541",0.3027522935779816,0.34328358208955223,0.21100917431192662,0.208955223880597,0.12844036697247707,"6.954243028",1,-0.41005817884655554,42,0.3853211009174312,31,0.28440366972477066
663457,"Nootbaar, Lars",462,0.9112426035502958,381,"73.252825909",0.3463203463203465,0.3779527559055118,0.3116883116883117,0.18635170603674542,0.15367965367965367,"6.840898701",10,-11.638109075162118,81,0.17532467532467533,198,0.42857142857142855
664238,"Moore, Dylan",30,0.9090909090909091,22,"73.236560667",0.2666666666666667,0.13636363636363635,0.1,0.045454545454545456,0.03333333333333333,"7.191669333",1,-3.038117587137135,8,0.26666666666666666,6,0.2
694249,"Carrigg, Cole",639,0.9050991501416431,494,"73.208990955",0.3474178403755868,0.24696356275303644,0.19092331768388107,0.12348178137651822,0.09546165884194054,"7.494770689",18,-3.962966537337121,145,0.2269170579029734,219,0.3427230046948357
543807,"Springer, George",863,0.899895724713243,686,"73.185777625",0.35689455388180763,0.30466472303207,0.2421784472769409,0.14285714285714285,0.11355735805330243,"7.44975153",28,-10.49286384615931,177,0.20509849362688296,345,0.39976825028968715
592885,"Yelich, Christian",793,0.9031890660592256,563,"73.168284615",0.31021437578814637,0.2984014209591474,0.21185372005044137,0.14031971580817051,0.09962168978562422,"7.595719079",11,-31.84866437879457,230,0.2900378310214376,276,0.3480453972257251
676724,"Young, Jared",560,0.9105691056910569,433,"73.138915732",0.32499999999999996,0.3510392609699769,0.2714285714285714,0.18937644341801385,0.14642857142857144,"7.203006536",10,-11.291343906210571,127,0.22678571428571428,228,0.40714285714285714
679529,"Torkelson, Spencer",983,0.9026629935720845,703,"73.12570706",0.2553407934893184,0.2972972972972973,0.2126144455747711,0.13940256045519203,0.09969481180061038,"7.730889776",24,-19.11899787262281,280,0.28484231943031535,328,0.3336724313326551
695257,"Cook, Billy",103,0.9035087719298246,67,"73.122988835",0.28155339805825247,0.2835820895522388,0.18446601941747573,0.05970149253731343,0.038834951456310676,"7.651722233",1,-4.526800536917442,36,0.34951456310679613,28,0.27184466019417475
642201,"White, Eli",369,0.902200488997555,277,"73.120221978",0.2953929539295394,0.24187725631768953,0.18157181571815717,0.10469314079422383,0.07859078590785908,"7.262597425",7,-5.096859519123319,92,0.24932249322493225,132,0.35772357723577236
592663,"Realmuto, J.T.",749,0.905683192261185,577,"73.106864619",0.32309746328437916,0.341421143847487,0.2630173564753004,0.13344887348353554,0.102803738317757,"7.409381669",13,-31.974058615681116,172,0.22963951935914553,286,0.3818424566088118
669236,"Jackson, Jeremiah",531,0.9045996592844975,391,"73.094542392",0.30508474576271183,0.329923273657289,0.24293785310734464,0.1483375959079284,0.10922787193973635,"7.533406836",18,-17.46167127723637,140,0.263653483992467,197,0.3709981167608286
680664,"Valencia, Eduardo",254,0.9071428571428571,185,"73.067471693",0.3031496062992126,0.34054054054054056,0.24803149606299213,0.1945945945945946,0.14173228346456693,"7.925124252",2,9.182158978220615,69,0.27165354330708663,88,0.3464566929133858
672960,"Okamoto, Kazuma",1112,0.9004048582995952,784,"73.051042923",0.3345323741007194,0.31887755102040816,0.22482014388489208,0.14923469387755103,0.1052158273381295,"7.916571178",33,-12.769401462660113,328,0.2949640287769784,370,0.3327338129496403
694728,"Matthews, Brice",378,0.9086538461538461,234,"73.005892778",0.29894179894179884,0.2905982905982906,0.17989417989417988,0.14102564102564102,0.0873015873015873,"7.328578016",8,-20.207800754137345,144,0.38095238095238093,120,0.31746031746031744
665750,"Taveras, Leody",768,0.9056603773584906,583,"72.965645026",0.29166666666666674,0.2727272727272727,0.20703125,0.11149228130360206,0.08463541666666667,"7.439405221",9,-24.01059464422875,185,0.24088541666666666,274,0.3567708333333333
696135,"Watson, Kahlil",162,0.9,110,"72.962146235",0.271604938271605,0.3,0.2037037037037037,0.12727272727272726,0.08641975308641975,"7.635052531",5,-4.015438231372994,52,0.32098765432098764,54,0.3333333333333333
681624,"Pages, Andy",985,0.902014652014652,798,"72.957594081",0.2842639593908629,0.30451127819548873,0.2467005076142132,0.13533834586466165,0.10964467005076142,"7.649534518",15,-7.48900885542975,187,0.18984771573604062,388,0.39390862944162436
682928,"Abrams, CJ",1160,0.9027237354085603,831,"72.953248284",0.27499999999999997,0.3200962695547533,0.2293103448275862,0.14320096269554752,0.10258620689655172,"7.707222052",30,-0.3623270486540249,329,0.2836206896551724,396,0.3413793103448276
662139,"Varsho, Daulton",905,0.9086345381526104,716,"72.925182575",0.2817679558011049,0.25837988826815644,0.20441988950276244,0.09916201117318436,0.07845303867403315,"7.717588729",4,-34.14044016763246,189,0.20883977900552486,335,0.3701657458563536
656577,"Jackson, Alex",128,0.9014084507042254,89,"72.919503047",0.296875,0.21348314606741572,0.1484375,0.07865168539325842,0.0546875,"7.30647375",2,-4.559058792682219,39,0.3046875,36,0.28125
596019,"Lindor, Francisco",800,0.9029345372460497,615,"72.9181205",0.28750000000000003,0.3463414634146341,0.26625,0.14634146341463414,0.1125,"7.655842925",14,-18.590241850399433,185,0.23125,295,0.36875
672284,"Kelenic, Jarred",135,0.9121621621621622,83,"72.905173333",0.28148148148148144,0.3373493975903614,0.2074074074074074,0.21686746987951808,0.13333333333333333,"7.372969111",4,-6.328035008501127,52,0.3851851851851852,41,0.3037037037037037
669134,"Campusano, Luis",395,0.9038901601830663,308,"72.893305544",0.3037974683544304,0.2694805194805195,0.21012658227848102,0.11038961038961038,0.08607594936708861,"7.860774127",17,-7.044303427788529,87,0.22025316455696203,144,0.36455696202531646
664056,"Bader, Harrison",203,0.9144144144144144,142,"72.87897601",0.37931034482758624,0.323943661971831,0.22660098522167488,0.11971830985915492,0.08374384236453201,"7.234788276",6,-8.497834602651675,61,0.30049261083743845,71,0.3497536945812808
656582,"Joe, Connor",75,0.9036144578313253,59,"72.870881333",0.3866666666666667,0.2711864406779661,0.21333333333333335,0.13559322033898305,0.10666666666666667,"7.329478933",2,-2.551210882210985,16,0.21333333333333335,24,0.32
669720,"Hays, Austin",191,0.9052132701421801,129,"72.87044801",0.2460732984293194,0.3333333333333333,0.225130890052356,0.13178294573643412,0.08900523560209424,"7.267169476",7,-2.3234870297465835,62,0.32460732984293195,72,0.3769633507853403
657136,"Wong, Connor",375,0.9146341463414634,284,"72.86609144",0.2906666666666666,0.2676056338028169,0.20266666666666666,0.12323943661971831,0.09333333333333334,"7.422356933",10,-15.258707316283932,91,0.24266666666666667,140,0.37333333333333335
665862,"Chisholm Jr., Jazz",869,0.9033264033264033,623,"72.861864591",0.2819332566168009,0.32423756019261635,0.23245109321058688,0.14446227929373998,0.10356731875719218,"7.855657894",15,-22.294800586740635,246,0.28308400460299193,288,0.33141542002301494
676551,"Hicklen, Brewer",76,0.9156626506024096,45,"72.852371579",0.2894736842105263,0.3111111111111111,0.18421052631578946,0.13333333333333333,0.07894736842105263,"7.691870921",0,-1.3156811391538712,31,0.40789473684210525,22,0.2894736842105263
686780,"Pagés, Pedro",376,0.910411622276029,275,"72.830603298",0.24468085106382978,0.24,0.17553191489361702,0.11272727272727273,0.08244680851063829,"7.172987527",9,-15.61249355911086,101,0.26861702127659576,125,0.3324468085106383
640459,"Navarreto, Brian",110,0.9016393442622951,73,"72.821075909",0.1727272727272727,0.2054794520547945,0.13636363636363635,0.0958904109589041,0.06363636363636363,"7.822921182",2,-6.328894356370228,37,0.33636363636363636,30,0.2727272727272727
650489,"Castro, Willi",879,0.9015384615384615,622,"72.818255392",0.27758816837315126,0.2491961414790997,0.17633674630261661,0.12540192926045016,0.08873720136518772,"7.333180114",11,-15.742649344598316,257,0.2923777019340159,270,0.30716723549488056
671218,"Ramos, Heliot",786,0.9024110218140069,574,"72.792138931",0.28880407124681934,0.32578397212543553,0.23791348600508905,0.18118466898954705,0.13231552162849872,"6.866483015",17,-16.686609976173422,212,0.2697201017811705,272,0.3460559796437659
672275,"Bailey, Patrick",589,0.9047619047619048,440,"72.788356774",0.30050933786078093,0.31136363636363634,0.23259762308998302,0.1318181818181818,0.09847198641765705,"7.350217063",14,-24.370823095010227,149,0.2529711375212224,208,0.3531409168081494
681987,"Eaton, Nate",110,0.9090909090909091,75,"72.781258364",0.2272727272727273,0.21333333333333335,0.14545454545454545,0.09333333333333334,0.06363636363636363,"7.494913818",1,-5.112617660039095,35,0.3181818181818182,31,0.2818181818181818
669224,"Wells, Austin",658,0.9100968188105117,495,"72.779932021",0.2735562310030396,0.2787878787878788,0.20972644376899696,0.12727272727272726,0.09574468085106383,"7.566653632",17,-25.13740442318628,163,0.24772036474164133,223,0.33890577507598785
676572,"Wagaman, Eric",86,0.8958333333333334,62,"72.776942442",0.3139534883720931,0.2903225806451613,0.20930232558139536,0.14516129032258066,0.10465116279069768,"7.066431163",2,-1.7147847364577369,24,0.27906976744186046,32,0.37209302325581395
668804,"Reynolds, Bryan",1135,0.9036624203821656,858,"72.772137868",0.2986784140969162,0.32634032634032634,0.24669603524229075,0.17016317016317017,0.12863436123348018,"6.972231004",53,-14.839367711753487,277,0.24405286343612334,413,0.36387665198237884
694671,"Langford, Wyatt",783,0.9094076655052264,589,"72.766326156",0.27203065134099613,0.30390492359932086,0.22860791826309068,0.1273344651952462,0.09578544061302682,"6.926245517",12,-11.268455553297427,194,0.24776500638569604,278,0.3550446998722861
656484,"Gray, Tristan",354,0.9076923076923077,231,"72.707748277",0.3107344632768362,0.24242424242424243,0.15819209039548024,0.09956709956709957,0.06497175141242938,"7.14750565",8,-14.537819026543062,123,0.3474576271186441,102,0.288135593220339
691458,"Jordan, Blaze",351,0.918848167539267,279,"72.705749259",0.26495726495726496,0.3225806451612903,0.2564102564102564,0.15412186379928317,0.1225071225071225,"7.306579003",4,-9.650810236622636,72,0.20512820512820512,149,0.42450142450142453
663743,"Fortes, Nick",506,0.9133574007220217,418,"72.684718656",0.25889328063241096,0.2942583732057416,0.24308300395256918,0.15789473684210525,0.13043478260869565,"7.534241917",7,-12.254852545199462,88,0.17391304347826086,234,0.4624505928853755
667452,"Julks, Corey",10,0.9090909090909091,9,"72.677961",0.10000000000000002,0.4444444444444444,0.4,0,0,"7.263588",0,-0.1517605122433294,1,0.1,6,0.6
682848,"Rodríguez, Endy",244,0.9070631970260223,184,"72.67159082",0.262295081967213,0.358695652173913,0.27049180327868855,0.14673913043478262,0.11065573770491803,"7.258096844",3,-0.3481919330480665,60,0.2459016393442623,91,0.3729508196721312
516782,"Marte, Starling",305,0.9077380952380952,224,"72.642422525",0.3016393442622951,0.29910714285714285,0.21967213114754097,0.16071428571428573,0.1180327868852459,"7.237870951",9,-10.887573834249926,81,0.26557377049180325,104,0.34098360655737703
660710,"Durán, Rodolfo",140,0.9090909090909091,103,"72.639820357",0.3214285714285714,0.2524271844660194,0.18571428571428572,0.0970873786407767,0.07142857142857142,"7.157851",3,-5.681113960285462,37,0.2642857142857143,53,0.37857142857142856
694377,"Yorke, Nick",202,0.905829596412556,155,"72.639074109",0.24257425742574257,0.2903225806451613,0.22277227722772278,0.14193548387096774,0.10891089108910891,"7.338392921",4,-8.872429933012901,47,0.23267326732673269,74,0.36633663366336633
657041,"Thomas, Lane",563,0.9036918138041734,445,"72.617508526",0.2593250444049734,0.3146067415730337,0.24866785079928952,0.1348314606741573,0.10657193605683836,"6.869018046",20,-14.193055233093588,118,0.20959147424511546,222,0.39431616341030196
673237,"Diaz, Yainer",604,0.9055472263868066,482,"72.609298212",0.23344370860927152,0.38589211618257263,0.3079470198675497,0.17012448132780084,0.1357615894039735,"7.339364255",20,4.051127067321402,122,0.20198675496688742,274,0.45364238410596025
700250,"Rice, Ben",1046,0.9032815198618307,814,"72.608856061",0.24187380497131936,0.35503685503685506,0.2762906309751434,0.18427518427518427,0.14340344168260039,"7.677586061",16,13.171733273139541,232,0.22179732313575526,401,0.38336520076481834
677649,"Duran, Ezequiel",1060,0.9044368600682594,800,"72.608014302",0.2783018867924527,0.28375,0.21415094339622642,0.125,0.09433962264150944,"7.17089683",27,-11.30215248328535,260,0.24528301886792453,373,0.35188679245283017
678218,"Valenzuela, Brandon",478,0.9070208728652751,363,"72.604698703",0.2196652719665272,0.25895316804407714,0.19665271966527198,0.1184573002754821,0.0899581589958159,"7.854878305",8,-18.25961648446056,115,0.2405857740585774,153,0.3200836820083682
686668,"Doyle, Brenton",374,0.9077669902912622,258,"72.594632326",0.20053475935828874,0.31007751937984496,0.21390374331550802,0.13565891472868216,0.09358288770053476,"7.355821578",9,-8.905642193701967,116,0.31016042780748665,126,0.33689839572192515
650391,"Jiménez, Eloy",60,0.9090909090909091,43,"72.589113667",0.21666666666666665,0.32558139534883723,0.23333333333333334,0.18604651162790697,0.13333333333333333,"7.273669167",1,-2.2037604174890193,17,0.2833333333333333,22,0.36666666666666664
678554,"Mead, Curtis",501,0.8994614003590664,421,"72.575305888",0.2734530938123753,0.3016627078384798,0.25349301397205587,0.15201900237529692,0.1277445109780439,"7.063725529",9,2.1313723678877783,80,0.1596806387225549,208,0.4151696606786427
624641,"Sosa, Edmundo",497,0.9036363636363637,368,"72.551925272",0.2776659959758552,0.28532608695652173,0.2112676056338028,0.14130434782608695,0.10462776659959759,"8.10949841",1,0.12035554325819298,129,0.2595573440643863,175,0.352112676056338
806068,"Emerson, Colt",459,0.9035433070866141,314,"72.545709847",0.2636165577342047,0.22929936305732485,0.1568627450980392,0.0732484076433121,0.05010893246187364,"7.211625991",11,-15.728750016212489,145,0.3159041394335512,134,0.29193899782135074
672724,"Peraza, Oswald",687,0.9039473684210526,483,"72.52492524",0.2736535662299854,0.2650103519668737,0.18631732168850074,0.11594202898550725,0.08151382823871907,"7.564647889",15,-21.135432543785328,204,0.29694323144104806,214,0.31149927219796214
676480,"Barrero, José",12,0.9230769230769231,6,"72.519896667",0.24999999999999997,0.3333333333333333,0.16666666666666666,0,0,"7.904633333",0,-0.9570125859736939,6,0.5,3,0.25
606192,"Hernández, Teoscar",832,0.9073064340239912,576,"72.51910875",0.25240384615384615,0.34375,0.23798076923076922,0.1753472222222222,0.12139423076923077,"7.767098389",22,-11.822444892758014,256,0.3076923076923077,291,0.34975961538461536
624424,"Conforto, Michael",482,0.9026217228464419,360,"72.50864278",0.2925311203319503,0.28888888888888886,0.2157676348547718,0.11944444444444445,0.08921161825726141,"7.276587158",10,-8.882636832466282,122,0.25311203319502074,164,0.34024896265560167
669221,"Murphy, Sean",196,0.8990825688073395,142,"72.502184796",0.2908163265306123,0.31690140845070425,0.22959183673469388,0.19014084507042253,0.1377551020408163,"7.874085408",12,-6.816953178953042,54,0.2755102040816326,68,0.3469387755102041
687637,"Beavers, Dylan",558,0.9043760129659644,426,"72.501097294",0.21326164874551976,0.30985915492957744,0.23655913978494625,0.14788732394366197,0.11290322580645161,"7.358897527",8,-12.134578422524388,132,0.23655913978494625,209,0.37455197132616486
641598,"Garver, Mitch",234,0.9069767441860465,161,"72.500435513",0.18803418803418803,0.33540372670807456,0.23076923076923078,0.13664596273291926,0.09401709401709402,"7.397699701",8,-8.436546205833045,73,0.31196581196581197,72,0.3076923076923077
669477,"Schmitt, Casey",698,0.9076723016905072,562,"72.489216777",0.27507163323782247,0.3398576512455516,0.27363896848137537,0.17437722419928825,0.14040114613180515,"7.563831189",14,2.567228276277982,136,0.19484240687679083,288,0.41260744985673353
691728,"Veen, Zac",141,0.9038461538461539,84,"72.486585248",0.25531914893617025,0.2261904761904762,0.1347517730496454,0.11904761904761904,0.07092198581560284,"7.247122553",5,-3.6043277480540645,57,0.40425531914893614,32,0.22695035460992907
665742,"Soto, Juan",661,0.9042407660738714,541,"72.478555008",0.29046898638426627,0.42513863216266173,0.34795763993948564,0.22735674676524953,0.18608169440242056,"7.10170882",27,5.204848409700813,120,0.1815431164901664,307,0.46444780635400906
657656,"Laureano, Ramón",358,0.9017632241813602,249,"72.474939637",0.2597765363128492,0.26506024096385544,0.18435754189944134,0.12048192771084337,0.08379888268156424,"7.098213101",10,-9.758279606513046,109,0.30446927374301674,103,0.2877094972067039
694197,"Genao, Angel",205,0.9070796460176991,159,"72.454313561",0.2439024390243903,0.4088050314465409,0.3170731707317073,0.15723270440251572,0.12195121951219512,"7.196197659",3,-11.972547020577185,46,0.22439024390243903,96,0.4682926829268293
680716,"Ornelas, Jonathan",46,0.9019607843137255,30,"72.424511522",0.26086956521739135,0.2,0.13043478260869565,0.13333333333333333,0.08695652173913043,"6.979732826",1,-2.284824936496126,16,0.34782608695652173,8,0.17391304347826086
607043,"Nimmo, Brandon",1118,0.9052631578947369,860,"72.415857093",0.2853309481216459,0.32558139534883723,0.2504472271914132,0.16395348837209303,0.1261180679785331,"7.01868534",28,-28.162760099484647,258,0.23076923076923078,392,0.35062611806797855
671083,"Kennedy, Buddy",89,0.898989898989899,67,"72.406395169",0.2134831460674158,0.208955223880597,0.15730337078651685,0.05970149253731343,0.0449438202247191,"6.787506404",3,-6.776663788580523,22,0.24719101123595505,27,0.30337078651685395
814439,"Waldschmidt, Ryan",426,0.9102564102564102,291,"72.405558333",0.21830985915492962,0.29896907216494845,0.20422535211267606,0.1134020618556701,0.07746478873239436,"6.973357582",7,-8.366639128036864,135,0.31690140845070425,152,0.3568075117370892
687221,"Rushing, Dalton",416,0.9004329004329005,294,"72.393972188",0.15144230769230768,0.30612244897959184,0.21634615384615385,0.17687074829931973,0.125,"7.502840529",11,-0.18278313843185984,122,0.2932692307692308,145,0.3485576923076923
665161,"Peña, Jeremy",883,0.9047131147540983,611,"72.372549558",0.16647791619479052,0.32405891980360063,0.22423556058890148,0.14402618657937807,0.09966024915062288,"7.582366602",17,-4.056317876006726,272,0.30804077010192527,313,0.35447338618346547
672820,"Sosa, Lenyn",217,0.9079497907949791,170,"72.368454055",0.22580645161290328,0.3,0.2350230414746544,0.13529411764705881,0.10599078341013825,"7.59072682",1,-11.37958235172806,47,0.21658986175115208,86,0.39631336405529954
806146,"Lombard Jr., George",271,0.9033333333333333,207,"72.338187196",0.2656826568265683,0.2753623188405797,0.21033210332103322,0.10144927536231885,0.07749077490774908,"7.39542369",4,-5.9527245318573545,64,0.23616236162361623,105,0.3874538745387454
593428,"Bogaerts, Xander",792,0.9072164948453608,618,"72.318547967",0.28409090909090906,0.3705501618122977,0.28914141414141414,0.156957928802589,0.12247474747474747,"7.31551851",21,-25.811683580522992,174,0.2196969696969697,337,0.4255050505050505
642715,"Adames, Willy",849,0.9041533546325878,626,"72.309419293",0.25441696113074214,0.28753993610223644,0.21201413427561838,0.12140575079872204,0.0895170789163722,"8.182485018",10,-8.205555093901804,223,0.2626619552414605,309,0.36395759717314485
502054,"Pham, Tommy",52,0.896551724137931,36,"72.298988269",0.2692307692307692,0.3611111111111111,0.25,0.19444444444444445,0.1346153846153846,"7.174388077",2,-4.097076961596893,16,0.3076923076923077,18,0.34615384615384615
641933,"O'Neill, Tyler",439,0.9051546391752577,309,"72.279969977",0.18906605922551256,0.313915857605178,0.22095671981776766,0.12944983818770225,0.09111617312072894,"7.35124041",7,-14.288025126555818,130,0.296127562642369,149,0.33940774487471526
660162,"Moncada, Yoán",191,0.9095238095238095,139,"72.272188586",0.30366492146596846,0.2949640287769784,0.21465968586387435,0.1366906474820144,0.09947643979057591,"7.36174822",4,-7.719360342293445,52,0.27225130890052357,62,0.32460732984293195
553993,"Suárez, Eugenio",834,0.9006479481641468,575,"72.260489628",0.22901678657074348,0.2539130434782609,0.1750599520383693,0.11304347826086956,0.07793764988009592,"7.793315084",40,-10.387162308762822,259,0.3105515587529976,252,0.302158273381295
681546,"Outman, James",311,0.9014492753623189,187,"72.255756849",0.19292604501607719,0.26737967914438504,0.1607717041800643,0.10695187165775401,0.06430868167202572,"7.790325273",14,-16.629963261086978,124,0.3987138263665595,83,0.26688102893890675
682622,"Marte, Noelvi",353,0.9028132992327366,265,"72.232909915",0.2719546742209633,0.2830188679245283,0.21246458923512748,0.10943396226415095,0.0821529745042493,"7.355187989",8,-16.12503154011389,88,0.24929178470254956,129,0.3654390934844193
682668,"Acuña, Luisangel",342,0.9047619047619048,262,"72.232389708",0.2807017543859649,0.3702290076335878,0.28362573099415206,0.16030534351145037,0.12280701754385964,"7.533107368",13,-20.917293718232553,80,0.23391812865497075,155,0.45321637426900585
694208,"Ballesteros, Moisés",599,0.9021084337349398,439,"72.228768531",0.2904841402337229,0.33712984054669703,0.24707846410684475,0.1571753986332574,0.11519198664440734,"7.116015526",17,-28.249507823942782,160,0.2671118530884808,225,0.3756260434056761
592626,"Pederson, Joc",711,0.9080459770114943,509,"72.225011224",0.22503516174402252,0.3575638506876228,0.2559774964838256,0.18271119842829076,0.1308016877637131,"7.462763108",11,-8.359263737380832,202,0.2841068917018284,250,0.35161744022503516
695336,"Saggese, Thomas",327,0.9108635097493036,240,"72.210313547",0.2262996941896024,0.32083333333333336,0.23547400611620795,0.14583333333333334,0.10703363914373089,"6.987977706",8,-7.653749896834602,87,0.26605504587155965,107,0.327217125382263
663616,"Larnach, Trevor",654,0.9045643153526971,486,"72.193227339",0.23241590214067287,0.3333333333333333,0.24770642201834864,0.15637860082304528,0.1162079510703364,"7.207440046",11,-6.567921523853547,168,0.25688073394495414,268,0.40978593272171254
677942,"Alexander, Blaze",539,0.9074074074074074,408,"72.18299026",0.23933209647495363,0.3382352941176471,0.2560296846011132,0.14460784313725492,0.10946196660482375,"7.42939462",12,-10.660585513929684,131,0.24304267161410018,185,0.3432282003710575
671655,"Valera, George",61,0.9104477611940298,47,"72.166478033",0.2131147540983607,0.3617021276595745,0.2786885245901639,0.1276595744680851,0.09836065573770492,"6.759107541",0,-2.617806669149039,14,0.22950819672131148,26,0.4262295081967213
605244,"Garcia, Aramis",31,0.9117647058823529,20,"72.157587097",0.16129032258064518,0.4,0.25806451612903225,0.15,0.0967741935483871,"7.556262903",0,-1.291247700529061,11,0.3548387096774194,12,0.3870967741935484
678662,"Tovar, Ezequiel",982,0.9050691244239631,694,"72.14951276",0.22097759674134418,0.2564841498559078,0.18126272912423624,0.09510086455331412,0.06720977596741344,"7.591566008",14,-41.445185627485316,288,0.29327902240325865,298,0.3034623217922607
699393,"Ramírez, Pedro",449,0.907070707070707,365,"72.149005056",0.2249443207126949,0.3178082191780822,0.2583518930957684,0.1589041095890411,0.1291759465478842,"7.530813586",10,-6.214638274890756,84,0.1870824053452116,189,0.4209354120267261
680728,"Del Castillo, Adrian",328,0.9035812672176309,241,"72.105795579",0.23475609756097562,0.31950207468879666,0.2347560975609756,0.11203319502074689,0.08231707317073171,"6.885181067",8,-11.385132161685117,87,0.2652439024390244,116,0.35365853658536583
701398,"Stewart, Sal",1193,0.9051593323216995,892,"72.09882176",0.2657166806370494,0.3251121076233184,0.24308466051969824,0.15582959641255606,0.1165129924559933,"7.563649723",34,-11.695541487688033,301,0.25230511316010057,421,0.3528918692372171
677060,"Stevens, Chad",58,0.90625,40,"72.088606897",0.3620689655172414,0.175,0.1206896551724138,0.075,0.05172413793103448,"7.116888966",1,-5.527396148961416,18,0.3103448275862069,11,0.1896551724137931
642215,"Wilson, Weston",317,0.9031339031339032,219,"72.073333155",0.19558359621451107,0.2328767123287671,0.1608832807570978,0.1004566210045662,0.0694006309148265,"7.558747224",10,-10.790733972476026,98,0.30914826498422715,100,0.31545741324921134
665966,"Narváez, Carlos",517,0.9086115992970123,355,"72.065205435",0.20116054158607352,0.30140845070422534,0.20696324951644102,0.10140845070422536,0.06963249516441006,"7.539920909",17,-24.515716225380565,162,0.31334622823984526,151,0.29206963249516443
677347,"Paris, Kyren",32,0.8888888888888888,20,"72.046877813",0.18750000000000003,0.2,0.125,0.15,0.09375,"7.254120313",0,-2.7402872583640585,12,0.375,5,0.15625
664034,"France, Ty",938,0.9062801932367149,697,"72.042769296",0.21748400852878466,0.29411764705882354,0.21855010660980811,0.1449067431850789,0.10767590618336886,"7.595217079",35,-7.001606396595408,241,0.25692963752665243,301,0.3208955223880597
807726,"Peck, John",132,0.9230769230769231,96,"72.031715833",0.1590909090909091,0.28125,0.20454545454545456,0.11458333333333333,0.08333333333333333,"7.221993636",3,-9.62615382739826,36,0.2727272727272727,49,0.3712121212121212
681508,"Gasper, Mickey",295,0.9021406727828746,247,"72.020631186",0.1423728813559322,0.38461538461538464,0.3220338983050847,0.14979757085020243,0.12542372881355932,"6.609743661",9,-2.8681169070087242,48,0.16271186440677965,145,0.4915254237288136
690993,"Keith, Colt",633,0.9081779053084649,501,"72.005186288",0.19747235387045814,0.37524950099800397,0.296998420221169,0.17564870259481039,0.13902053712480253,"6.899143254",14,-14.663595181406826,132,0.20853080568720378,280,0.4423380726698262
690291,"Jung, Jace",19,0.9047619047619048,15,"72.003054211",0.26315789473684215,0.2,0.15789473684210525,0.06666666666666667,0.05263157894736842,"7.543974737",1,-0.29622936558044555,4,0.21052631578947367,6,0.3157894736842105
694371,"Troy, Tommy",215,0.899581589958159,162,"71.998537488",0.23255813953488375,0.2716049382716049,0.20465116279069767,0.12345679012345678,0.09302325581395349,"6.96247907",7,-4.7904509950611684,53,0.24651162790697675,84,0.39069767441860465
690924,"Fulford, Braxton",130,0.9090909090909091,87,"71.996772615",0.24615384615384622,0.21839080459770116,0.14615384615384616,0.08045977011494253,0.05384615384615385,"6.643994462",3,-5.787810392450872,43,0.33076923076923076,37,0.2846153846153846
543510,"McCann, James",273,0.9130434782608695,190,"71.990105348",0.23443223443223443,0.3894736842105263,0.27106227106227104,0.1631578947368421,0.11355311355311355,"7.040243919",2,-0.4519868930712858,83,0.304029304029304,107,0.39194139194139194
695681,"Moore, Christian",258,0.8989547038327527,176,"71.989653333",0.244186046511628,0.2784090909090909,0.18992248062015504,0.125,0.08527131782945736,"7.224674767",5,-12.407174411662403,82,0.3178294573643411,75,0.29069767441860467
682988,"Locklear, Tyler",77,0.9166666666666666,59,"71.974727792",0.2597402597402597,0.23728813559322035,0.18181818181818182,0.11864406779661017,0.09090909090909091,"6.768346234",1,-1.6241058574375888,18,0.23376623376623376,24,0.3116883116883117
691019,"Teel, Kyle",259,0.9024390243902439,175,"71.969263127",0.2857142857142857,0.25142857142857145,0.16988416988416988,0.12571428571428572,0.08494208494208494,"6.892842664",8,-7.314902599360701,84,0.32432432432432434,70,0.2702702702702703
805805,"Jenkins, Walker",145,0.90625,113,"71.967270759",0.20000000000000004,0.3274336283185841,0.25517241379310346,0.10619469026548672,0.08275862068965517,"7.02018531",2,-3.719430047535489,32,0.2206896551724138,61,0.4206896551724138
665019,"Clemens, Kody",993,0.9076782449725777,767,"71.961438177",0.1258811681772407,0.3767926988265971,0.29103726082578046,0.1773142112125163,0.13695871097683787,"7.188421269",15,-5.284055018766811,226,0.22759315206445116,382,0.38469284994964753
682927,"Simon, Ronny",125,0.9259259259259259,104,"71.95194304",0.22399999999999998,0.28846153846153844,0.24,0.07692307692307693,0.064,"7.201676",1,-4.0366055751577266,21,0.168,44,0.352
608701,"Refsnyder, Rob",204,0.8986784140969163,151,"71.949695686",0.1911764705882353,0.2781456953642384,0.20588235294117646,0.13245033112582782,0.09803921568627451,"7.592321912",7,-15.528549895704906,53,0.25980392156862747,76,0.37254901960784315
677870,"Jiménez, Leo",288,0.9,223,"71.943167118",0.16319444444444448,0.3632286995515695,0.28125,0.14798206278026907,0.11458333333333333,"7.32563816",8,-17.187785834187896,65,0.22569444444444445,121,0.4201388888888889
656555,"Hoskins, Rhys",494,0.9014598540145985,352,"71.940482733",0.1700404858299595,0.3039772727272727,0.2165991902834008,0.12215909090909091,0.08704453441295547,"8.219233644",15,-16.76650068879196,142,0.2874493927125506,154,0.3117408906882591
605137,"Bell, Josh",1095,0.9072079536039768,873,"71.933148037",0.25662100456621,0.3230240549828179,0.25753424657534246,0.1466208476517755,0.11689497716894977,"7.891427479",22,-22.92496354645739,222,0.20273972602739726,420,0.3835616438356164
681351,"O'Hoppe, Logan",448,0.9068825910931174,331,"71.920082612",0.24776785714285718,0.3081570996978852,0.22767857142857142,0.1510574018126888,0.11160714285714286,"7.404592188",15,-19.758705393757133,117,0.2611607142857143,172,0.38392857142857145
688363,"Pauley, Graham",265,0.8983050847457628,211,"71.903850679",0.1962264150943396,0.2559241706161137,0.2037735849056604,0.0947867298578199,0.07547169811320754,"7.367136868",8,-10.73164651308266,54,0.2037735849056604,100,0.37735849056603776
699625,"Crooks, Jimmy",252,0.9163636363636364,165,"71.901643413",0.20634920634920642,0.34545454545454546,0.2261904761904762,0.15151515151515152,0.0992063492063492,"7.1647225",4,-13.384696482363234,87,0.34523809523809523,80,0.31746031746031744
672640,"Lopez, Otto",1005,0.9045904590459046,827,"71.878488428",0.23482587064676622,0.3784764207980653,0.31144278606965176,0.18137847642079807,0.14925373134328357,"6.753118159",23,-3.5038044742772527,178,0.1771144278606965,491,0.48855721393034823
693307,"Dingler, Dillon",1010,0.9050179211469535,799,"71.869669861",0.16732673267326728,0.32540675844806005,0.25742574257425743,0.1539424280350438,0.12178217821782178,"7.583298842",11,-7.57952371042202,211,0.2089108910891089,388,0.38415841584158417
646240,"Devers, Rafael",1091,0.9099249374478732,782,"71.867350357",0.21173235563703027,0.3567774936061381,0.25572868927589365,0.19309462915601022,0.1384051329055912,"7.533039872",13,-2.2028615796978968,309,0.2832263978001833,360,0.32997250229147573
686681,"Massey, Michael",769,0.9015240328253223,640,"71.863696931",0.130039011703511,0.3453125,0.28738621586475943,0.128125,0.10663198959687907,"7.140410442",14,-10.197344013613323,129,0.16775032509752927,333,0.43302990897269183
802139,"Wetherholt, JJ",919,0.910802775024777,751,"71.856683254",0.19151251360174104,0.36884154460719043,0.3014145810663765,0.14247669773635152,0.11643090315560392,"7.516653156",18,-32.92987764319253,168,0.18280739934711643,411,0.4472252448313384
823550,"Song, Sung-Mun",220,0.9090909090909091,175,"71.856036409",0.14545454545454545,0.3142857142857143,0.25,0.09714285714285714,0.07727272727272727,"7.607285955",4,-14.08352168683414,45,0.20454545454545456,90,0.4090909090909091
663853,"Gonzalez, Romy",135,0.9121621621621622,88,"71.847356889",0.18518518518518523,0.29545454545454547,0.1925925925925926,0.1590909090909091,0.1037037037037037,"6.755960593",2,-7.095372395438729,47,0.34814814814814815,39,0.28888888888888886
694362,"Dunn, Blake",217,0.9041666666666667,178,"71.821855253",0.21198156682027652,0.3595505617977528,0.29493087557603687,0.11797752808988764,0.0967741935483871,"6.186199217",16,-3.0261816980596348,39,0.17972350230414746,96,0.4423963133640553
666310,"Naylor, Bo",170,0.8994708994708994,149,"71.819644059",0.1411764705882353,0.2684563758389262,0.23529411764705882,0.1342281879194631,0.11764705882352941,"7.611980353",2,-9.799363195669011,21,0.12352941176470589,62,0.36470588235294116
664023,"Happ, Ian",1067,0.9050042408821035,755,"71.774789766",0.1799437675726336,0.29403973509933773,0.20805998125585753,0.1390728476821192,0.09840674789128398,"6.873890918",8,-26.428439256474075,312,0.2924086223055295,336,0.3149015932521087
681481,"Carpenter, Kerry",455,0.900990099009901,338,"71.770553385",0.1648351648351648,0.28994082840236685,0.2153846153846154,0.10946745562130178,0.08131868131868132,"7.391827055",8,-11.097573197660068,117,0.2571428571428571,151,0.33186813186813185
800543,"De Paula, Josue",56,0.9180327868852459,45,"71.750285179",0.25,0.28888888888888886,0.23214285714285715,0.1111111111111111,0.08928571428571429,"7.263898393",0,0.6245553093236704,11,0.19642857142857142,24,0.42857142857142855
694388,"Loperfido, Joey",203,0.9022222222222223,142,"71.745073103",0.18719211822660095,0.3028169014084507,0.21182266009852216,0.09154929577464789,0.06403940886699508,"7.748779064",6,-7.861669258761597,61,0.30049261083743845,64,0.31527093596059114
673490,"Kim, Ha-Seong",238,0.9015151515151515,189,"71.739810882",0.17226890756302524,0.2222222222222222,0.17647058823529413,0.07407407407407407,0.058823529411764705,"7.072767647",2,-20.137302363368583,49,0.20588235294117646,85,0.35714285714285715
672515,"Moreno, Gabriel",877,0.9050567595459237,753,"71.727011733",0.22690992018244013,0.3293492695883134,0.28278221208665905,0.14475431606905712,0.12428734321550741,"7.057384766",11,2.9462831736238524,124,0.14139110604332952,379,0.4321550741163056
596146,"Kepler, Max",248,0.9018181818181819,187,"71.70510504",0.16532258064516128,0.3155080213903743,0.23790322580645162,0.13903743315508021,0.10483870967741936,"7.439551411",7,-13.629239713420255,61,0.24596774193548387,91,0.36693548387096775
696030,"Osuna, Alejandro",347,0.9036458333333334,291,"71.69546683",0.2276657060518732,0.3161512027491409,0.26512968299711814,0.10652920962199312,0.0893371757925072,"6.992188588",3,-11.059693176504702,56,0.16138328530259366,151,0.43515850144092216
666969,"García, Adolis",442,0.9057377049180327,304,"71.66664",0.2556561085972852,0.35855263157894735,0.24660633484162897,0.1513157894736842,0.10407239819004525,"7.686367421",9,-19.64343099048042,138,0.31221719457013575,146,0.33031674208144796
621438,"Taylor, Tyrone",382,0.9052132701421801,304,"71.648124058",0.15968586387434563,0.34210526315789475,0.27225130890052357,0.13815789473684212,0.1099476439790576,"7.525647723",7,1.0376073667089003,78,0.20418848167539266,165,0.4319371727748691
521692,"Perez, Salvador",1177,0.9053846153846153,911,"71.634190161",0.18861512319456247,0.3172338090010977,0.24553950722175022,0.14709110867178923,0.11384876805437553,"7.706160246",22,-35.592175571133836,266,0.2259983007646559,443,0.37638062871707734
641584,"Fraley, Jake",155,0.8959537572254336,118,"71.623627484",0.22580645161290325,0.2288135593220339,0.17419354838709677,0.05084745762711865,0.03870967741935484,"7.076364065",0,-4.856769150948557,37,0.23870967741935484,50,0.3225806451612903
467793,"Santana, Carlos",48,0.8888888888888888,35,"71.612416875",0.16666666666666663,0.2857142857142857,0.20833333333333334,0.08571428571428572,0.0625,"7.755877708",1,-3.954604661509104,13,0.2708333333333333,13,0.2708333333333333
669016,"Marsh, Brandon",967,0.9020522388059702,746,"71.606017353",0.1623578076525336,0.3284182305630027,0.2533609100310238,0.14611260053619302,0.11271975180972078,"7.269933278",4,-20.036876864184404,221,0.22854188210961737,372,0.3846949327817994
669899,"Ward, Ryan",119,0.9015151515151515,84,"71.596718235",0.1092436974789916,0.2619047619047619,0.18487394957983194,0.11904761904761904,0.08403361344537816,"7.587248739",0,-4.091275538940237,35,0.29411764705882354,35,0.29411764705882354
672012,"Black, Tyler",46,0.9019607843137255,36,"71.589413913",0.13043478260869565,0.2777777777777778,0.21739130434782608,0.027777777777777776,0.021739130434782608,"7.119481304",1,0.9566734027508937,10,0.21739130434782608,20,0.43478260869565216
694497,"Carter, Evan",600,0.8968609865470852,425,"71.58871205",0.23000000000000004,0.31058823529411766,0.22,0.12,0.085,"7.121912017",18,-34.22631066705724,175,0.2916666666666667,218,0.36333333333333334
606992,"Haase, Eric",135,0.9060402684563759,83,"71.57627037",0.14074074074074075,0.27710843373493976,0.17037037037037037,0.12048192771084337,0.07407407407407407,"7.206455556",4,-3.9373807477942355,52,0.3851851851851852,43,0.31851851851851853
663584,"Senger, Hayden",27,0.9,17,"71.571551111",0.18518518518518517,0.23529411764705882,0.14814814814814814,0.17647058823529413,0.1111111111111111,"7.59852",0,-0.5069829903479239,10,0.37037037037037035,8,0.2962962962962963
607208,"Turner, Trea",1186,0.9123076923076923,879,"71.570310919",0.18971332209106237,0.33447098976109213,0.2478920741989882,0.11945392491467577,0.08853288364249579,"7.606054384",18,-37.469120103429105,307,0.2588532883642496,460,0.38785834738617203
672386,"Kirk, Alejandro",468,0.8982725527831094,403,"71.565756047",0.15598290598290596,0.36724565756823824,0.3162393162393162,0.16377171215880892,0.14102564102564102,"7.098157009",10,-6.939214351622344,65,0.1388888888888889,229,0.4893162393162393
672580,"Garcia, Maikel",455,0.9063745019920318,404,"71.551928527",0.17802197802197797,0.400990099009901,0.35604395604395606,0.15346534653465346,0.13626373626373625,"7.096701033",10,-6.813259020116266,51,0.11208791208791209,248,0.545054945054945
702284,"Young, Cole",1035,0.9015679442508711,844,"71.54771513",0.21642512077294687,0.3353080568720379,0.27342995169082124,0.12440758293838862,0.10144927536231885,"6.937861024",16,-30.118101321640797,191,0.18454106280193236,439,0.4241545893719807
815589,"Davidson, Bo",38,0.9047619047619048,26,"71.540820789",0.2105263157894737,0.34615384615384615,0.23684210526315788,0.15384615384615385,0.10526315789473684,"7.422498158",0,-1.1605752531798499,12,0.3157894736842105,11,0.2894736842105263
687529,"McCray, Grant",139,0.9025974025974026,87,"71.531269353",0.16546762589928055,0.26436781609195403,0.16546762589928057,0.13793103448275862,0.08633093525179857,"7.146643813",7,-8.171152636305683,52,0.37410071942446044,44,0.31654676258992803
621020,"Swanson, Dansby",803,0.902247191011236,573,"71.528260062",0.0971357409713574,0.3612565445026178,0.2577833125778331,0.13787085514834205,0.09838107098381071,"7.616943649",20,-20.351685731671157,230,0.286425902864259,297,0.3698630136986301
687263,"Neto, Zach",1235,0.902118334550767,847,"71.524635773",0.17004048582995954,0.3105076741440378,0.21295546558704453,0.11452184179456906,0.07854251012145749,"7.139232259",43,-16.618834662384746,388,0.31417004048582997,367,0.297165991902834
807799,"Yoshida, Masataka",410,0.9010989010989011,350,"71.517172927",0.1780487804878049,0.43142857142857144,0.36829268292682926,0.1657142857142857,0.14146341463414633,"7.101162805",0,-5.658413936227664,60,0.14634146341463414,221,0.5390243902439025
800050,"DeLauter, Chase",809,0.9059350503919373,709,"71.516270816",0.18541409147095186,0.3991537376586742,0.34981458590852904,0.18335684062059238,0.16069221260815822,"7.156889543",21,-13.769996126943512,100,0.12360939431396786,395,0.48825710754017304
680574,"McLain, Matt",775,0.9011627906976745,567,"71.51421129",0.11999999999999997,0.31569664902998235,0.23096774193548386,0.12522045855379188,0.09161290322580645,"6.919576503",26,-36.57153444701372,208,0.26838709677419353,277,0.3574193548387097
656537,"Hill, Derek",364,0.9032258064516129,241,"71.501278077",0.18406593406593405,0.3070539419087137,0.2032967032967033,0.12863070539419086,0.08516483516483517,"7.101336346",7,-2.3635263210640227,123,0.33791208791208793,113,0.31043956043956045
608369,"Seager, Corey",757,0.9087635054021609,527,"71.483766341",0.12417437252311757,0.3776091081593928,0.2628797886393659,0.18785578747628084,0.130779392338177,"6.702231929",26,-23.88283990397065,230,0.3038309114927345,273,0.3606340819022457
666397,"Julien, Edouard",408,0.9066666666666666,319,"71.477923873",0.15196078431372548,0.3573667711598746,0.27941176470588236,0.14733542319749215,0.11519607843137254,"6.991182034",7,-17.85785666319086,89,0.2181372549019608,153,0.375
664983,"McCarthy, Jake",948,0.9011406844106464,748,"71.462535295",0.15822784810126586,0.3074866310160428,0.24261603375527427,0.11229946524064172,0.08860759493670886,"7.107743544",10,-8.017074199658586,200,0.2109704641350211,410,0.43248945147679324
695734,"Lile, Daylen",1179,0.9076212471131639,919,"71.462143181",0.1280746395250212,0.3188248095756257,0.24851569126378287,0.1305767138193689,0.10178117048346055,"7.459249584",15,-28.982347056446393,260,0.2205258693808312,441,0.37404580152671757
630105,"Cronenworth, Jake",669,0.9016172506738545,533,"71.453402257",0.18385650224215253,0.2945590994371482,0.23467862481315396,0.09568480300187618,0.07623318385650224,"7.160576801",12,-19.488697356929737,136,0.20328849028400597,256,0.38266068759342303
518595,"d'Arnaud, Travis",142,0.8987341772151899,100,"71.441437324",0.15492957746478875,0.33,0.2323943661971831,0.07,0.04929577464788732,"7.763881761",2,-9.667299167108656,42,0.29577464788732394,50,0.352112676056338
682657,"Martínez, Angel",699,0.9042690815006468,561,"71.426448898",0.18025751072961368,0.2994652406417112,0.24034334763948498,0.11229946524064172,0.09012875536480687,"7.351450129",15,-5.948434473459763,138,0.19742489270386265,266,0.3805436337625179
664774,"Wade Jr., LaMonte",232,0.9027237354085603,177,"71.423856983",0.10344827586206898,0.2994350282485876,0.22844827586206898,0.10734463276836158,0.08189655172413793,"6.946315991",4,-10.24466171416671,55,0.23706896551724138,83,0.3577586206896552
805249,"Kemp, Otto",51,0.8947368421052632,32,"71.423190196",0.15686274509803924,0.25,0.1568627450980392,0.03125,0.0196078431372549,"7.394518627",1,-5.855174063641147,19,0.37254901960784315,14,0.27450980392156865
649966,"Urías, Luis",104,0.9043478260869565,92,"71.417568173",0.24038461538461534,0.2717391304347826,0.2403846153846154,0.09782608695652174,0.08653846153846154,"7.69483875",2,-0.8851644389348504,12,0.11538461538461539,41,0.3942307692307692
663656,"Tucker, Kyle",1055,0.9017094017094017,858,"71.414969251",0.19336492890995258,0.331002331002331,0.26919431279620853,0.10023310023310024,0.08151658767772511,"7.30550127",15,-28.426738111388755,197,0.18672985781990523,419,0.3971563981042654
650859,"Rengifo, Luis",569,0.9031746031746032,461,"71.399255378",0.17047451669595778,0.3492407809110629,0.28295254833040423,0.10845986984815618,0.08787346221441125,"7.220702144",3,-25.93686045591765,108,0.18980667838312829,245,0.4305799648506151
693459,"Fedko, Kyler",38,0.9047619047619048,23,"71.382807368",0.10526315789473681,0.2608695652173913,0.15789473684210525,0.08695652173913043,0.05263157894736842,"6.78688",0,-3.687414698850277,15,0.39473684210526316,8,0.21052631578947367
800325,"Lara, Luis",323,0.9047619047619048,277,"71.375426966",0.16718266253869968,0.3249097472924188,0.2786377708978328,0.1299638989169675,0.11145510835913312,"6.890102879",6,-12.331686813706526,46,0.14241486068111456,144,0.4458204334365325
672761,"Pérez, Wenceel",277,0.9052287581699346,227,"71.354880614",0.18050541516245486,0.3656387665198238,0.2996389891696751,0.13656387665198239,0.11191335740072202,"6.995309386",0,-16.39261007617428,50,0.18050541516245489,121,0.4368231046931408
596142,"Sánchez, Gary",355,0.8987341772151899,258,"71.352935915",0.22253521126760564,0.3643410852713178,0.2647887323943662,0.1744186046511628,0.1267605633802817,"7.245866761",14,-7.581290477278522,97,0.27323943661971833,152,0.428169014084507
571448,"Arenado, Nolan",965,0.9018691588785047,757,"71.350440207",0.15129533678756482,0.2919418758256275,0.22901554404145077,0.08982826948480846,0.07046632124352331,"8.396247762",35,-1.5590994769255766,208,0.2155440414507772,375,0.38860103626943004
502671,"Goldschmidt, Paul",658,0.9050894085281981,495,"71.34902041",0.14589665653495434,0.3151515151515151,0.23708206686930092,0.12727272727272726,0.09574468085106383,"7.537602568",6,-4.19891544468525,163,0.24772036474164133,249,0.378419452887538
691858,"Serna, Jared",57,0.9193548387096774,43,"71.346096667",0.12280701754385964,0.27906976744186046,0.21052631578947367,0.046511627906976744,0.03508771929824561,"7.238467193",1,-2.9054227690732364,14,0.24561403508771928,20,0.3508771929824561
701678,"Lee, Hao-Yu",571,0.9063492063492063,433,"71.340515289",0.2119089316987741,0.3579676674364896,0.2714535901926445,0.15011547344110854,0.1138353765323993,"6.966839335",15,-4.081023444200639,138,0.24168126094570927,225,0.39404553415061294
664728,"Isbel, Kyle",462,0.9148514851485149,376,"71.337065433",0.13852813852813856,0.3351063829787234,0.2727272727272727,0.12234042553191489,0.09956709956709957,"7.139486234",3,-16.046194883925224,86,0.18614718614718614,199,0.43073593073593075
571970,"Muncy, Max",884,0.9048106448311156,626,"71.329839231",0.14027149321266966,0.3514376996805112,0.248868778280543,0.16134185303514376,0.11425339366515837,"6.964656923",16,-1.220072542074712,258,0.2918552036199095,312,0.35294117647058826
573262,"Yastrzemski, Mike",663,0.9069767441860465,525,"71.314733876",0.081447963800905,0.3485714285714286,0.27601809954751133,0.12761904761904763,0.10105580693815988,"7.488204042",20,-18.79090595941824,138,0.2081447963800905,251,0.37858220211161386
686894,"Wiemer, Joey",116,0.8992248062015504,83,"71.311724397",0.34482758620689646,0.27710843373493976,0.19827586206896552,0.1686746987951807,0.1206896551724138,"7.197034224",11,2.6069123655749893,33,0.28448275862068967,39,0.33620689655172414
665923,"Ruiz, Esteury",418,0.9028077753779697,283,"71.2966239",0.1866028708133971,0.20848056537102475,0.14114832535885166,0.06713780918727916,0.045454545454545456,"7.619960789",10,-8.882852541864109,135,0.3229665071770335,121,0.2894736842105263
691026,"Winn, Masyn",779,0.9026651216685979,606,"71.295843363",0.15275994865211806,0.3580858085808581,0.2785622593068036,0.13861386138613863,0.10783055198973042,"7.326844891",11,-24.91145019735651,173,0.2220795892169448,338,0.4338896020539153
641487,"Crawford, J.P.",692,0.9022164276401564,578,"71.287449364",0.1777456647398844,0.34429065743944637,0.2875722543352601,0.10726643598615918,0.08959537572254335,"7.390965289",5,-24.464591121120485,114,0.16473988439306358,297,0.4291907514450867
681807,"Fry, David",347,0.9012987012987013,259,"71.282877378",0.14121037463976943,0.25096525096525096,0.1873198847262248,0.0888030888030888,0.06628242074927954,"8.16238562",17,-8.572886907202886,88,0.25360230547550433,111,0.31988472622478387
805808,"McGonigle, Kevin",1078,0.9028475711892797,920,"71.232725334",0.1595547309833024,0.35,0.2987012987012987,0.12282608695652174,0.10482374768089053,"6.948459657",18,-15.515821357815074,158,0.14656771799628943,473,0.4387755102040816
682177,"Schneemann, Daniel",503,0.8998211091234347,355,"71.212802187",0.11332007952286283,0.30704225352112674,0.21669980119284293,0.1295774647887324,0.09145129224652088,"7.036718688",12,-16.98310212827283,148,0.294234592445328,167,0.3320079522862823
609280,"Andujar, Miguel",433,0.9002079002079002,357,"71.18961455",0.19168591224018475,0.3165266106442577,0.26096997690531176,0.11764705882352941,0.09699769053117784,"7.552831848",9,-7.643982776927294,76,0.17551963048498845,178,0.4110854503464203
668715,"Steer, Spencer",611,0.9038461538461539,465,"71.171335254",0.08346972176759414,0.34408602150537637,0.2618657937806874,0.15268817204301074,0.11620294599018004,"7.376369885",9,-13.140781782418951,146,0.23895253682487724,242,0.3960720130932897
694378,"Gonzalez, Jacob",432,0.9018789144050104,347,"71.164276204",0.14120370370370375,0.2737752161383285,0.2199074074074074,0.10662824207492795,0.08564814814814815,"7.225668519",7,-15.197240087992842,85,0.19675925925925927,153,0.3541666666666667
667472,"Myers, Dane",485,0.9048507462686567,379,"71.154848309",0.18350515463917524,0.3113456464379947,0.24329896907216494,0.11609498680738786,0.09072164948453608,"7.203589691",7,-6.2285599583144196,106,0.21855670103092784,170,0.35051546391752575
664761,"Bohm, Alec",949,0.909875359539789,808,"71.121931296",0.14225500526870385,0.3997524752475248,0.3403582718651212,0.15965346534653466,0.13593256059009484,"7.178938314",9,-20.95111421591973,141,0.14857744994731295,457,0.4815595363540569
682641,"Matos, Luis",39,0.9069767441860465,29,"71.108372821",0.1282051282051282,0.2413793103448276,0.1794871794871795,0.10344827586206896,0.07692307692307693,"7.245812564",2,-1.744609523262134,10,0.2564102564102564,13,0.3333333333333333
681230,"Murray Jr., BJ",22,0.9166666666666666,18,"71.086169545",0.13636363636363635,0.2222222222222222,0.18181818181818182,0,0,"6.941838636",0,-2.3526046088270474,4,0.18181818181818182,7,0.3181818181818182
694376,"Whitcomb, Shay",184,0.9108910891089109,134,"71.08524788",0.15217391304347833,0.26865671641791045,0.1956521739130435,0.12686567164179105,0.09239130434782608,"7.60928337",3,-7.4335353533809885,50,0.2717391304347826,71,0.3858695652173913
596103,"Slater, Austin",118,0.9007633587786259,84,"71.077563136",0.10169491525423728,0.2976190476190476,0.211864406779661,0.05952380952380952,0.0423728813559322,"6.923558983",2,-5.002520833992906,34,0.288135593220339,40,0.3389830508474576
676439,"Feduccia, Hunter",369,0.902200488997555,294,"71.071591789",0.13279132791327913,0.36054421768707484,0.2872628726287263,0.11904761904761904,0.0948509485094851,"7.003262222",7,-14.871026518894011,75,0.2032520325203252,143,0.3875338753387534
694410,"Groover, LuJames",77,0.8953488372093024,66,"71.061923377",0.10389610389610392,0.42424242424242425,0.36363636363636365,0.15151515151515152,0.12987012987012986,"6.894158831",2,-3.7978592875715496,11,0.14285714285714285,35,0.45454545454545453
656976,"Smith, Pavin",194,0.8981481481481481,161,"71.025111443",0.1134020618556701,0.2981366459627329,0.24742268041237114,0.11180124223602485,0.09278350515463918,"7.433995412",6,-7.8263867898008375,33,0.17010309278350516,75,0.3865979381443299
675659,"Jones, Greg",31,0.8857142857142857,20,"71.007872903",0.12903225806451613,0.25,0.16129032258064516,0.1,0.06451612903225806,"6.679380968",2,-3.071939120119617,11,0.3548387096774194,8,0.25806451612903225
600869,"Candelario, Jeimer",40,0.8888888888888888,21,"71.005341",0.15,0.3333333333333333,0.175,0.09523809523809523,0.05,"8.00834875",0,-2.722411949512431,19,0.475,8,0.2
670770,"Friedl, TJ",356,0.9012658227848102,270,"71.003461376",0.11797752808988764,0.35185185185185186,0.26685393258426965,0.1,0.07584269662921349,"6.80097927",13,-26.802836709417242,86,0.24157303370786518,153,0.4297752808988764
663697,"India, Jonathan",82,0.9010989010989011,67,"71.00319939",0.14634146341463417,0.29850746268656714,0.24390243902439024,0.08955223880597014,0.07317073170731707,"7.386544756",3,-2.7225117803404895,15,0.18292682926829268,35,0.4268292682926829
701807,"Benge, Carson",1078,0.902092050209205,856,"70.99817334",0.16975881261595543,0.3189252336448598,0.2532467532467532,0.13317757009345793,0.10575139146567718,"6.60813436",33,-14.404533915894223,222,0.20593692022263452,414,0.38404452690166974
596115,"Story, Trevor",496,0.9084249084249084,345,"70.974206794",0.13508064516129034,0.2782608695652174,0.1935483870967742,0.11884057971014493,0.08266129032258064,"7.408515726",6,-13.72151407809835,151,0.30443548387096775,160,0.3225806451612903
805347,"Jarvis, Jim",173,0.9010416666666666,141,"70.967601214",0.12138728323699427,0.375886524822695,0.3063583815028902,0.1347517730496454,0.10982658959537572,"7.115259422",3,-8.249973184076163,32,0.18497109826589594,79,0.45664739884393063
656413,"Fairchild, Stuart",36,0.9,10,"70.967086389",0.027777777777777776,0.3,0.08333333333333333,0.2,0.05555555555555555,"7.56219",1,-3.037687211345834,26,0.7222222222222222,4,0.1111111111111111
543309,"Higashioka, Kyle",293,0.8987730061349694,224,"70.964737816",0.11262798634812288,0.32589285714285715,0.24914675767918087,0.11607142857142858,0.08873720136518772,"7.327369317",9,-8.224987792803658,69,0.2354948805460751,109,0.3720136518771331
656775,"Mullins, Cedric",837,0.9019396551724138,658,"70.951719391",0.09318996415770611,0.32066869300911854,0.2520908004778972,0.10182370820668693,0.08004778972520908,"7.432152174",11,-39.39161935975341,179,0.21385902031063322,305,0.3643966547192354
605170,"Caratini, Victor",550,0.9060955518945635,436,"70.903120473",0.1290909090909091,0.4036697247706422,0.32,0.12385321100917432,0.09818181818181818,"6.9882046",15,-20.44063065148962,114,0.20727272727272728,242,0.44
677008,"Kjerstad, Heston",32,0.8888888888888888,18,"70.902080313",0.0625,0.2222222222222222,0.125,0.05555555555555555,0.03125,"7.015975",0,-1.5896183960017973,14,0.4375,8,0.25
545121,"Vargas, Ildemaro",731,0.9047029702970297,631,"70.90029249",0.1696306429548564,0.358161648177496,0.3091655266757866,0.12995245641838352,0.1121751025991792,"7.395010027",11,-18.069283559641853,100,0.13679890560875513,366,0.5006839945280438
666931,"Oliva, Jared",12,0.9230769230769231,10,"70.8888775",0.16666666666666669,0.5,0.4166666666666667,0.2,0.16666666666666666,"7.885349167",0,-0.30299795962160936,2,0.16666666666666666,6,0.5
683011,"Volpe, Anthony",398,0.9004524886877828,304,"70.887556482",0.13819095477386936,0.32894736842105265,0.25125628140703515,0.12171052631578948,0.09296482412060302,"7.058615829",8,-15.89657579812394,94,0.23618090452261306,154,0.3869346733668342
679822,"Foscue, Justin",398,0.8963963963963963,322,"70.875692588",0.10804020100502512,0.32298136645962733,0.2613065326633166,0.13664596273291926,0.11055276381909548,"7.127138417",4,4.2323502634391765,76,0.19095477386934673,147,0.3693467336683417
663837,"Vierling, Matt",474,0.9080459770114943,389,"70.867111477",0.07594936708860758,0.35732647814910024,0.29324894514767935,0.13367609254498714,0.10970464135021098,"7.422233523",2,-18.158956631109042,85,0.17932489451476794,210,0.4430379746835443
668227,"Arozarena, Randy",1097,0.8999179655455292,828,"70.866468997",0.22242479489516867,0.34541062801932365,0.26071103008204194,0.1473429951690821,0.11121239744758432,"7.209332416",20,-5.942484620626438,269,0.24521422060164083,383,0.34913400182315407
661531,"Serven, Brian",142,0.9044585987261147,104,"70.859749085",0.07042253521126762,0.38461538461538464,0.28169014084507044,0.15384615384615385,0.11267605633802817,"7.403599155",4,-5.42824207078843,38,0.2676056338028169,56,0.39436619718309857
687093,"Grissom, Vaughn",761,0.9016587677725119,602,"70.846660802",0.1590013140604468,0.3338870431893688,0.26412614980289095,0.12458471760797342,0.09855453350854139,"7.217885887",22,-12.301104172698293,159,0.20893561103810776,303,0.39816031537450725
693304,"Gonzales, Nick",1017,0.9064171122994652,806,"70.83291532",0.11996066863323501,0.31141439205955335,0.24680432645034414,0.10173697270471464,0.08062930186823992,"7.388528899",15,-12.963711175802022,211,0.20747295968534907,412,0.4051130776794494
690976,"Freeland, Alex",391,0.9093023255813953,290,"70.828658977",0.0895140664961637,0.3586206896551724,0.2659846547314578,0.14482758620689656,0.10741687979539642,"6.883798082",14,-12.755094901114315,101,0.25831202046035806,148,0.37851662404092073
666971,"Gurriel Jr., Lourdes",329,0.90633608815427,258,"70.822242796",0.10942249240121582,0.3449612403100775,0.270516717325228,0.09302325581395349,0.0729483282674772,"7.54816617",6,-17.372849735514915,71,0.21580547112462006,133,0.40425531914893614
669242,"Edman, Tommy",498,0.9087591240875912,388,"70.811445622",0.14257028112449802,0.3247422680412371,0.25301204819277107,0.13402061855670103,0.10441767068273092,"6.994787309",2,-8.373470255831826,110,0.22088353413654618,211,0.42369477911646586
676914,"Schneider, Davis",230,0.9019607843137255,156,"70.800639043",0.10869565217391304,0.3076923076923077,0.20869565217391303,0.1346153846153846,0.09130434782608696,"7.047371913",5,-10.162124222308035,74,0.3217391304347826,67,0.29130434782608694
669256,"Solak, Nick",10,0.9090909090909091,10,"70.790491",0.20000000000000004,0.5,0.5,0.1,0.1,"7.270808",0,-1.1569588475867794,0,0,7,0.7
640902,"Pereda, Jhonny",179,0.8994974874371859,139,"70.786849944",0.06145251396648044,0.34532374100719426,0.2681564245810056,0.12949640287769784,0.1005586592178771,"7.346076089",1,-5.4608786551112445,40,0.22346368715083798,67,0.3743016759776536
805346,"Ross, Ben",39,0.9069767441860465,23,"70.783590513",0.05128205128205131,0.13043478260869565,0.07692307692307693,0.13043478260869565,0.07692307692307693,"7.155290513",1,-1.0230695579057398,16,0.41025641025641024,9,0.23076923076923078
673995,"Wendzel, Davis",13,0.9285714285714286,11,"70.761064615",0.30769230769230765,0.2727272727272727,0.23076923076923078,0.09090909090909091,0.07692307692307693,"6.714874615",0,-1.442824972251077,2,0.15384615384615385,4,0.3076923076923077
669384,"Delgado, Raynel",61,0.9384615384615385,46,"70.737501967",0.04918032786885246,0.41304347826086957,0.3114754098360656,0.06521739130434782,0.04918032786885246,"7.257628525",1,-2.932512329599332,15,0.2459016393442623,29,0.47540983606557374
656811,"O'Hearn, Ryan",727,0.9098873591989988,584,"70.714998418",0.08665749656121045,0.3373287671232877,0.27097661623108665,0.11986301369863013,0.09628610729023383,"7.131070083",14,-8.705717416303774,143,0.19669876203576342,290,0.3988995873452545
663757,"Grisham, Trent",679,0.9065420560747663,572,"70.710246892",0.08689248895434461,0.4125874125874126,0.3475699558173785,0.18356643356643357,0.15463917525773196,"7.352288571",6,-20.084513287605382,107,0.15758468335787923,312,0.45949926362297494
681393,"Norby, Connor",660,0.9016393442622951,497,"70.707256136",0.09696969696969696,0.27565392354124746,0.20757575757575758,0.096579476861167,0.07272727272727272,"7.047228773",26,-16.224537468608492,163,0.24696969696969698,215,0.32575757575757575
663647,"Hayes, Ke'Bryan",363,0.9143576826196473,281,"70.696101433",0.05509641873278238,0.42704626334519574,0.3305785123966942,0.16725978647686832,0.12947658402203857,"6.821033829",3,-26.400869885155476,82,0.22589531680440772,173,0.4765840220385675
695391,"Harris, Brett",71,0.8987341772151899,53,"70.693689296",0.056338028169014086,0.32075471698113206,0.23943661971830985,0.09433962264150944,0.07042253521126761,"7.287254085",3,-5.591026663799184,18,0.2535211267605634,27,0.38028169014084506
669398,"Workman, Gage",82,0.9111111111111111,55,"70.682596951",0.10975609756097561,0.36363636363636365,0.24390243902439024,0.14545454545454545,0.0975609756097561,"6.924650976",0,-4.069651083402266,27,0.32926829268292684,23,0.2804878048780488
571771,"Hernández, Enrique",160,0.903954802259887,123,"70.673338188",0.15,0.34959349593495936,0.26875,0.13008130081300814,0.1,"7.523596063",6,-4.750562670855449,37,0.23125,60,0.375
686469,"Pasquantino, Vinnie",795,0.9064994298745724,690,"70.631307157",0.10817610062893081,0.33768115942028987,0.2930817610062893,0.14057971014492754,0.1220125786163522,"7.384874604",12,-13.320658776263649,105,0.1320754716981132,330,0.41509433962264153
668670,"Rogers, Jake",254,0.900709219858156,191,"70.626618189",0.047244094488188976,0.32460732984293195,0.2440944881889764,0.09424083769633508,0.07086614173228346,"7.56328622",12,-9.996858284134507,63,0.24803149606299213,88,0.3464566929133858
606115,"Arcia, Orlando",75,0.9036144578313253,61,"70.623119867",0.1333333333333334,0.4098360655737705,0.3333333333333333,0.04918032786885246,0.04,"7.810489867",3,-0.3725990929921131,14,0.18666666666666668,37,0.49333333333333335
668939,"Rutschman, Adley",618,0.9021897810218978,529,"70.618712023",0.11974110032362459,0.3553875236294896,0.3042071197411003,0.13610586011342155,0.11650485436893204,"6.928331602",14,-7.067222088263159,89,0.14401294498381878,273,0.441747572815534
703492,"Morabito, Nick",60,0.9090909090909091,45,"70.6062385",0.23333333333333336,0.37777777777777777,0.2833333333333333,0.17777777777777778,0.13333333333333333,"6.8208185",3,-3.179452742414305,15,0.25,24,0.4
663886,"Stephenson, Tyler",752,0.9071170084439083,573,"70.595530199",0.07845744680851063,0.3333333333333333,0.25398936170212766,0.13961605584642234,0.10638297872340426,"7.39709516",27,-18.42291688949274,179,0.23803191489361702,267,0.3550531914893617
666126,"Cortes, Carlos",603,0.8986587183308494,469,"70.58118005",0.12603648424543942,0.3368869936034115,0.2620232172470978,0.14285714285714285,0.1111111111111111,"7.02486927",11,-24.28260204816905,134,0.2222222222222222,244,0.4046434494195688
608348,"Kelly, Carson",667,0.90625,533,"70.580801274",0.08545727136431784,0.3545966228893058,0.28335832083958024,0.12382739212007504,0.09895052473763119,"6.943033118",5,-14.370234618601948,134,0.20089955022488756,286,0.4287856071964018
702616,"Holliday, Jackson",532,0.9032258064516129,398,"70.558466861",0.062030075187969935,0.35175879396984927,0.2631578947368421,0.11557788944723618,0.08646616541353383,"7.034651898",12,-16.78275513950504,134,0.2518796992481203,219,0.4116541353383459
671289,"Freeman, Tyler",424,0.8983050847457628,380,"70.539777524",0.12735849056603774,0.33421052631578946,0.29952830188679247,0.12894736842105264,0.11556603773584906,"7.016817123",5,-15.355933131123884,44,0.10377358490566038,198,0.4669811320754717
457705,"McCutchen, Andrew",141,0.8980891719745223,99,"70.534003972",0.042553191489361694,0.2828282828282828,0.19858156028368795,0.08080808080808081,0.05673758865248227,"7.432390922",4,-8.220111133068318,42,0.2978723404255319,49,0.3475177304964539
628451,"Ibáñez, Andy",47,0.9215686274509803,38,"70.511407447",0.06382978723404258,0.3684210526315789,0.2978723404255319,0.05263157894736842,0.0425531914893617,"7.462472979",0,-3.5759849829150574,9,0.19148936170212766,21,0.44680851063829785
642851,"Wynns, Austin",156,0.9017341040462428,118,"70.490578333",0.13461538461538464,0.2288135593220339,0.17307692307692307,0.059322033898305086,0.04487179487179487,"7.4281025",4,-8.8962155047308,38,0.24358974358974358,50,0.32051282051282054
673962,"Jung, Josh",680,0.9103078982597055,569,"70.460891485",0.08382352941176471,0.3884007029876977,0.325,0.15641476274165203,0.13088235294117648,"7.001848529",15,0.7307471638532966,111,0.16323529411764706,302,0.4441176470588235
650559,"De La Cruz, Bryan",154,0.9058823529411765,122,"70.444092208",0.1493506493506494,0.319672131147541,0.2532467532467532,0.11475409836065574,0.09090909090909091,"7.292914286",8,-2.756102723635538,32,0.2077922077922078,60,0.38961038961038963
683734,"Vaughn, Andrew",448,0.9050505050505051,368,"70.442986049",0.12946428571428567,0.41304347826086957,0.3392857142857143,0.14130434782608695,0.11607142857142858,"7.156394509",8,-5.601941633782988,80,0.17857142857142858,209,0.46651785714285715
669707,"Triolo, Jared",528,0.9072164948453608,419,"70.432052633",0.047348484848484834,0.34844868735083534,0.2765151515151515,0.12410501193317422,0.09848484848484848,"7.646902576",10,-19.761468583731236,109,0.20643939393939395,239,0.45265151515151514
663368,"Perkins, Blake",150,0.9036144578313253,118,"70.430577133",0.0866666666666667,0.3135593220338983,0.24666666666666667,0.1016949152542373,0.08,"7.397832867",1,-7.457414289191158,32,0.21333333333333335,58,0.38666666666666666
602104,"Urías, Ramón",156,0.9122807017543859,122,"70.427999808",0.05769230769230771,0.3360655737704918,0.26282051282051283,0.12295081967213115,0.09615384615384616,"7.383530256",4,-7.187809868149484,34,0.21794871794871795,62,0.3974358974358974
805999,"Ewing, A.J.",777,0.9034883720930232,596,"70.411192523",0.12612612612612614,0.33221476510067116,0.2548262548262548,0.13590604026845637,0.10424710424710425,"6.505373912",24,-21.768611339571873,181,0.23294723294723294,290,0.3732303732303732
680474,"Schuemann, Max",126,0.9130434782608695,91,"70.402333333",0.07142857142857144,0.31868131868131866,0.23015873015873015,0.10989010989010989,0.07936507936507936,"7.32369381",2,-3.131009873495541,35,0.2777777777777778,41,0.3253968253968254
644433,"Tromp, Chadwick",85,0.9139784946236559,64,"70.352167765",0.09411764705882353,0.265625,0.2,0.03125,0.023529411764705882,"8.167352118",2,-6.5544427972234445,21,0.24705882352941178,32,0.3764705882352941
670097,"Short, Zack",107,0.9145299145299145,73,"70.328213925",0.03738317757009344,0.3150684931506849,0.21495327102803738,0.0547945205479452,0.037383177570093455,"7.136677664",0,-7.954701996901183,34,0.3177570093457944,29,0.27102803738317754
666018,"Aranda, Jonathan",1098,0.9037037037037037,862,"70.281641439",0.12932604735883424,0.3491879350348028,0.27413479052823314,0.14153132250580047,0.1111111111111111,"7.126032796",20,-7.259464234807256,236,0.21493624772313297,387,0.3524590163934426
665804,"Amaya, Miguel",413,0.9017467248908297,305,"70.235776586",0.0944309927360775,0.31475409836065577,0.2324455205811138,0.09180327868852459,0.06779661016949153,"7.443915012",8,-14.209430572940937,108,0.26150121065375304,136,0.32929782082324455
682997,"Callihan, Tyler",203,0.9103139013452914,131,"70.233019409",0.10837438423645321,0.20610687022900764,0.1330049261083744,0.07633587786259542,0.04926108374384237,"7.490657192",1,-8.886867205685443,72,0.35467980295566504,48,0.23645320197044334
665506,"Pache, Cristian",18,0.9,13,"70.227948889",0.05555555555555556,0.07692307692307693,0.05555555555555555,0.07692307692307693,0.05555555555555555,"7.143336667",0,-1.6446227408574932,5,0.2777777777777778,3,0.16666666666666666
664059,"Haggerty, Sam",75,0.9036144578313253,53,"70.225228267",0.0933333333333333,0.24528301886792453,0.17333333333333334,0.03773584905660377,0.02666666666666667,"7.023559733",3,-7.149132706017993,22,0.29333333333333333,24,0.32
645305,"Sánchez, Ali",136,0.9066666666666666,111,"70.208982794",0.0735294117647059,0.2972972972972973,0.2426470588235294,0.0990990990990991,0.08088235294117647,"7.230612868",0,-3.2864652793303555,25,0.18382352941176472,58,0.4264705882352941
692216,"Kayfus, CJ",51,0.9107142857142857,33,"70.208144314",0.17647058823529416,0.24242424242424243,0.1568627450980392,0.12121212121212122,0.0784313725490196,"6.641878039",0,-1.6100653341080808,18,0.35294117647058826,11,0.21568627450980393
668800,"Knizner, Andrew",125,0.9057971014492754,96,"70.19603536",0.07200000000000002,0.3229166666666667,0.248,0.125,0.096,"7.165526",8,-2.8619515169069185,29,0.232,50,0.4
620443,"Torrens, Luis",476,0.9066666666666666,378,"70.190299013",0.06722689075630252,0.3333333333333333,0.2647058823529412,0.12169312169312169,0.09663865546218488,"7.059614748",6,-10.991625940561413,98,0.20588235294117646,185,0.38865546218487396
686797,"Lee, Brooks",1095,0.9042113955408753,884,"70.181328374",0.08219178082191782,0.3393665158371041,0.273972602739726,0.10407239819004525,0.08401826484018265,"7.017036174",26,-16.62118276042892,211,0.19269406392694063,432,0.39452054794520547
690022,"Ritter, Ryan",33,0.8918918918918919,21,"70.180056364",0.06060606060606061,0.38095238095238093,0.24242424242424243,0.09523809523809523,0.06060606060606061,"6.531915152",1,-2.8161608373640528,12,0.36363636363636365,10,0.30303030303030304
641680,"Heim, Jonah",615,0.9070796460176991,486,"70.178102764",0.11382113821138212,0.3292181069958848,0.2601626016260163,0.09053497942386832,0.07154471544715447,"7.583021431",10,-28.67566806447784,129,0.2097560975609756,252,0.4097560975609756
608070,"Ramírez, José",878,0.9107883817427386,749,"70.174930319",0.11389521640091116,0.3311081441922563,0.2824601366742597,0.1295060080106809,0.11047835990888383,"7.241115273",6,-25.307055038379747,129,0.1469248291571754,367,0.417995444191344
608841,"Meneses, Joey",29,0.90625,23,"70.169522069",0.27586206896551735,0.4782608695652174,0.3793103448275862,0.17391304347826086,0.13793103448275862,"7.100473448",2,-3.259831682447218,6,0.20689655172413793,14,0.4827586206896552
691720,"Karros, Kyle",717,0.9030226700251889,560,"70.167013152",0.07252440725244072,0.34464285714285714,0.2691771269177127,0.13214285714285715,0.10320781032078104,"6.992645091",29,-15.01632195489489,157,0.21896792189679218,280,0.3905160390516039
805300,"Marsee, Jakob",829,0.9020674646354734,704,"70.154974246",0.057901085645355836,0.3352272727272727,0.28468033775633295,0.10369318181818182,0.08805790108564536,"6.739602328",28,-22.387070360735933,125,0.15078407720144751,363,0.4378769601930036
687859,"Johnston, Troy",743,0.904993909866017,566,"70.145908762",0.053835800807537006,0.36925795053003535,0.2812920592193809,0.12014134275618374,0.09152086137281291,"6.776656918",7,-19.545924616895476,177,0.23822341857335128,290,0.39030955585464333
668930,"Turang, Brice",1065,0.9040747028862479,837,"70.106165146",0.11173708920187794,0.3201911589008363,0.2516431924882629,0.13859020310633213,0.10892018779342723,"6.784419521",23,-1.830930043663593,228,0.2140845070422535,376,0.3530516431924883
518692,"Freeman, Freddie",1222,0.9065281899109793,967,"70.102391326",0.07528641571194765,0.32574974146845914,0.25777414075286414,0.13029989658738367,0.10310965630114566,"6.708521972",22,-25.446583692403685,255,0.20867430441898527,444,0.36333878887070375
680737,"Helman, Michael",53,0.9137931034482759,42,"70.082507736",0.018867924528301886,0.30952380952380953,0.24528301886792453,0,0,"7.719474151",0,-4.1043676520542505,11,0.20754716981132076,20,0.37735849056603776
647304,"Naylor, Josh",982,0.9050691244239631,835,"70.070891741",0.08859470468431774,0.3772455089820359,0.32077393075356414,0.12335329341317365,0.10488798370672098,"7.48888333",18,-36.99921543999726,147,0.14969450101832993,478,0.48676171079429736
678009,"Meadows, Parker",66,0.9041095890410958,53,"70.06977697",0.015151515151515155,0.3018867924528302,0.24242424242424243,0.03773584905660377,0.030303030303030304,"7.235665758",0,-2.7740013410601234,13,0.19696969696969696,26,0.3939393939393939
623205,"Velazquez, Andrew",19,0.8636363636363636,16,"70.055122105",0.10526315789473686,0.3125,0.2631578947368421,0,0,"7.743908947",0,-2.668237617507476,3,0.15789473684210525,10,0.5263157894736842
643217,"Benintendi, Andrew",819,0.9039735099337748,595,"70.028053614",0.05006105006105008,0.3630252100840336,0.26373626373626374,0.1361344537815126,0.0989010989010989,"7.164221038",16,-21.444124025912956,224,0.27350427350427353,301,0.36752136752136755
643376,"Jansen, Danny",341,0.8973684210526316,268,"69.98586349",0.06744868035190615,0.3208955223880597,0.25219941348973607,0.09328358208955224,0.07331378299120235,"7.033877478",15,-12.643058270351021,73,0.21407624633431085,129,0.3782991202346041
680577,"Keirsey Jr., DaShawn",10,0.9090909090909091,5,"69.985771",0,0.4,0.2,0,0,"6.770715",0,-0.9276717939380998,5,0.5,3,0.3
665861,"Rivero, Sebastián",119,0.8947368421052632,91,"69.974327143",0.10084033613445377,0.2087912087912088,0.15966386554621848,0.054945054945054944,0.04201680672268908,"7.357137059",4,-3.8145299809985134,28,0.23529411764705882,39,0.3277310924369748
806198,"Pratt, Cooper",422,0.9017094017094017,331,"69.899224052",0.08530805687203791,0.3323262839879154,0.26066350710900477,0.09969788519637462,0.07819905213270142,"6.989345355",5,-6.106157894189844,91,0.2156398104265403,171,0.4052132701421801
806956,"Salas, Ethan",63,0.9264705882352942,51,"69.895915873",0.17460317460317462,0.39215686274509803,0.31746031746031744,0.13725490196078433,0.1111111111111111,"6.904009048",0,0.24504334685064558,12,0.19047619047619047,26,0.4126984126984127
695238,"Wagner, Will",62,0.8985507246376812,53,"69.886913226",0.04838709677419357,0.2830188679245283,0.24193548387096775,0.05660377358490566,0.04838709677419355,"6.581016129",1,-1.533564574151224,9,0.14516129032258066,26,0.41935483870967744
677950,"Thomas, Alek",188,0.9038461538461539,147,"69.880905319",0.06382978723404256,0.3741496598639456,0.2925531914893617,0.14285714285714285,0.11170212765957446,"6.934739628",6,-9.702594269458867,41,0.21808510638297873,74,0.39361702127659576
681082,"Stott, Bryson",932,0.9057337220602527,771,"69.876372661",0.07188841201716738,0.377431906614786,0.31223175965665234,0.1309987029831388,0.10836909871244635,"7.23722397",16,-14.859108330795026,161,0.17274678111587982,406,0.4356223175965665
691011,"Romo, Drew",333,0.9024390243902439,237,"69.869240511",0.05105105105105105,0.29957805907172996,0.2132132132132132,0.09282700421940929,0.06606606606606606,"7.45006973",10,-17.781243720975294,96,0.2882882882882883,128,0.3843843843843844
669257,"Smith, Will",438,0.906832298136646,373,"69.856649155",0.0639269406392694,0.3378016085790885,0.2876712328767123,0.13941018766756033,0.1187214611872146,"7.282424863",11,-6.97795784679024,65,0.14840182648401826,181,0.4132420091324201
641355,"Bellinger, Cody",890,0.9017223910840932,730,"69.85356473",0.0404494382022472,0.3917808219178082,0.32134831460674157,0.1273972602739726,0.10449438202247191,"7.904092045",13,-9.557722346314682,160,0.1797752808988764,390,0.43820224719101125
666023,"Fermin, Freddy",439,0.9051546391752577,333,"69.840348929",0.061503416856492056,0.32732732732732733,0.24829157175398633,0.09009009009009009,0.0683371298405467,"7.624263326",14,-20.219763610785183,106,0.24145785876993167,159,0.3621867881548975
700932,"Manzardo, Kyle",601,0.9024024024024024,437,"69.822623161",0.06322795341098171,0.3295194508009153,0.23960066555740434,0.11441647597254005,0.08319467554076539,"7.3732399",12,-15.153792287082593,164,0.27287853577371046,193,0.3211314475873544
666182,"Bichette, Bo",1214,0.900593471810089,988,"69.815160157",0.14497528830313028,0.32388663967611336,0.26359143327841844,0.13562753036437247,0.11037891268533773,"7.158543773",10,-23.70366888403693,226,0.18616144975288304,470,0.3871499176276771
690984,"Halpin, Petey",334,0.9002695417789758,257,"69.805362275",0.04491017964071855,0.311284046692607,0.23952095808383234,0.10505836575875487,0.08083832335329341,"7.034945808",4,-13.810041060101781,77,0.23053892215568864,132,0.39520958083832336
695508,"Cauley, Cam",89,0.898989898989899,61,"69.804384045",0.15730337078651685,0.32786885245901637,0.2247191011235955,0.06557377049180328,0.0449438202247191,"6.920512022",2,-2.0895201008161712,28,0.3146067415730337,35,0.39325842696629215
677587,"Rocchio, Brayan",990,0.9099264705882353,781,"69.771189848",0.06363636363636364,0.3444302176696543,0.2717171717171717,0.08962868117797695,0.0707070707070707,"7.308661414",12,-26.772807352496706,209,0.2111111111111111,408,0.4121212121212121
669208,"Bliss, Ryan",19,0.9047619047619048,13,"69.768816316",0.05263157894736842,0.3076923076923077,0.21052631578947367,0.07692307692307693,0.05263157894736842,"6.736436316",0,-1.881981967709908,6,0.3157894736842105,5,0.2631578947368421
608324,"Bregman, Alex",1036,0.9016536118363795,895,"69.761667828",0.032818532818532815,0.39217877094972065,0.3388030888030888,0.10949720670391061,0.0945945945945946,"6.996727452",20,-1.7603688653055856,141,0.1361003861003861,482,0.46525096525096526
814154,"Bandura, Scott",59,0.8939393939393939,35,"69.761452034",0.06779661016949154,0.14285714285714285,0.0847457627118644,0.02857142857142857,0.01694915254237288,"6.500845254",0,-2.228969430203447,24,0.4067796610169492,10,0.1694915254237288
571912,"Maile, Luke",67,0.9054054054054054,50,"69.76017194",0.029850746268656723,0.3,0.22388059701492538,0.1,0.07462686567164178,"6.737832985",2,-2.9257917292756837,17,0.2537313432835821,27,0.40298507462686567
687551,"Gilbert, Drew",571,0.8992125984251969,461,"69.734891296",0.06304728546409806,0.3557483731019523,0.287215411558669,0.1193058568329718,0.09632224168126094,"7.522309825",16,-18.130302096231308,110,0.19264448336252188,257,0.4500875656742557
671976,"Peters, Tristan",813,0.9043381535038932,636,"69.728692042",0.07257072570725709,0.33962264150943394,0.2656826568265683,0.11949685534591195,0.09348093480934809,"6.908807208",17,-12.780943717792905,177,0.2177121771217712,306,0.3763837638376384
702176,"Roden, Alan",132,0.8979591836734694,114,"69.723283182",0.10606060606060609,0.35964912280701755,0.3106060606060606,0.13157894736842105,0.11363636363636363,"6.899769091",5,-2.886676400619134,18,0.13636363636363635,64,0.48484848484848486
683953,"Bazzana, Travis",820,0.9030837004405287,646,"69.718032073",0.12195121951219513,0.3204334365325077,0.2524390243902439,0.09752321981424149,0.07682926829268293,"6.996316976",27,-17.59235576337614,174,0.2121951219512195,298,0.36341463414634145
642020,"Robinson, Chuckie",41,0.9111111111111111,26,"69.706600976",0.04878048780487806,0.38461538461538464,0.24390243902439024,0.07692307692307693,0.04878048780487805,"6.975624146",0,-3.490100064041459,15,0.36585365853658536,13,0.3170731707317073
695731,"Montgomery, Braden",628,0.8997134670487106,454,"69.698841513",0.0875796178343949,0.34801762114537443,0.2515923566878981,0.14977973568281938,0.10828025477707007,"6.543086258",25,-25.588896920201535,174,0.2770700636942675,233,0.37101910828025475
592206,"Castellanos, Nick",238,0.9049429657794676,161,"69.661222983",0.10084033613445381,0.32919254658385094,0.22268907563025211,0.12422360248447205,0.08403361344537816,"7.672651345",3,-6.9919959861341585,77,0.3235294117647059,78,0.3277310924369748
682877,"Brito, Juan",218,0.9121338912133892,164,"69.651062477",0.045871559633027525,0.2804878048780488,0.21100917431192662,0.10975609756097561,0.08256880733944955,"7.487839312",3,-6.538092822594932,54,0.24770642201834864,77,0.3532110091743119
605141,"Betts, Mookie",691,0.902088772845953,627,"69.643564284",0.0882778581765557,0.45773524720893144,0.4153400868306802,0.1419457735247209,0.1287988422575977,"6.999978944",26,-6.286359185080061,64,0.09261939218523878,384,0.5557163531114327
807713,"Shaw, Matt",313,0.8994252873563219,255,"69.638707923",0.07348242811501597,0.32941176470588235,0.268370607028754,0.10196078431372549,0.08306709265175719,"7.080595208",4,-6.70305457079434,58,0.1853035143769968,130,0.41533546325878595
803011,"Antonacci, Sam",821,0.9021978021978022,714,"69.634563362",0.07064555420219244,0.3557422969187675,0.3093788063337393,0.09243697478991597,0.08038976857490865,"6.649738575",12,-20.620817897614174,107,0.13032886723507917,373,0.4543239951278928
701675,"Church, Nathan",875,0.9011328527291452,693,"69.62399496",0.08571428571428572,0.2813852813852814,0.22285714285714286,0.09523809523809523,0.07542857142857143,"7.107375349",10,-28.643523896877802,182,0.208,318,0.36342857142857143
696285,"Young, Jacob",662,0.905608755129959,531,"69.613620891",0.0256797583081571,0.4067796610169492,0.32628398791540786,0.1318267419962335,0.10574018126888217,"7.18183",13,-8.10406991254932,131,0.19788519637462235,316,0.4773413897280967
641555,"Escarra, J.C.",140,0.9090909090909091,97,"69.6112055",0.03571428571428571,0.4536082474226804,0.3142857142857143,0.12371134020618557,0.08571428571428572,"7.366811071",1,-11.41533152325042,43,0.30714285714285716,57,0.40714285714285714
655316,"Monasterio, Andruw",627,0.9060693641618497,513,"69.601492201",0.036682615629984046,0.3138401559454191,0.2567783094098884,0.10136452241715399,0.08293460925039872,"6.930921579",6,-20.46448922936397,114,0.18181818181818182,235,0.3748006379585327
669699,"Shewmake, Braden",159,0.8983050847457628,120,"69.580613899",0.02515723270440252,0.4,0.3018867924528302,0.10833333333333334,0.08176100628930817,"7.144827736",1,-0.7898671253963608,39,0.24528301886792453,65,0.4088050314465409
691783,"Lawlar, Jordan",210,0.9012875536480687,157,"69.542762714",0.0380952380952381,0.3630573248407643,0.2714285714285714,0.12738853503184713,0.09523809523809523,"7.207186286",9,-1.5944781987272831,53,0.2523809523809524,74,0.3523809523809524
593871,"Polanco, Jorge",225,0.896414342629482,180,"69.529663333",0.031111111111111117,0.3333333333333333,0.26666666666666666,0.10555555555555556,0.08444444444444445,"7.232603867",5,-17.9400335667209,45,0.2,95,0.4222222222222222
678882,"Rafaela, Ceddanne",1075,0.9018456375838926,821,"69.523179228",0.06883720930232559,0.31912302070645554,0.24372093023255814,0.0876979293544458,0.06697674418604652,"7.28416387",26,-1.4913022808216208,254,0.23627906976744187,398,0.3702325581395349
693409,"Prieto, César",51,0.9107142857142857,41,"69.428361176",0,0.5365853658536586,0.43137254901960786,0.17073170731707318,0.13725490196078433,"6.992931961",0,-7.784238533463106,10,0.19607843137254902,31,0.6078431372549019
810938,"Williamson, Ben",402,0.9013452914798207,334,"69.42561806",0.11691542288557213,0.3562874251497006,0.2960199004975124,0.12874251497005987,0.10696517412935323,"6.925809254",9,-12.657234274818363,68,0.1691542288557214,181,0.4502487562189055
683679,"Rodriguez, Jesus",96,0.9056603773584906,74,"69.369200521",0.03125000000000001,0.3108108108108108,0.23958333333333334,0.08108108108108109,0.0625,"7.199373229",2,-3.5033891179313006,22,0.22916666666666666,39,0.40625
672569,"Campero, Gustavo",26,0.896551724137931,17,"69.358936538",0.11538461538461539,0.29411764705882354,0.19230769230769232,0.11764705882352941,0.07692307692307693,"6.981533846",1,-0.13125622860851016,9,0.34615384615384615,7,0.2692307692307692
694224,"Gonzalez, Gabriel",21,0.9130434782608695,18,"69.357491429",0.09523809523809523,0.2222222222222222,0.19047619047619047,0,0,"6.929985714",1,-0.3987941377172844,3,0.14285714285714285,6,0.2857142857142857
669326,"Teodosio, Bryce",121,0.9097744360902256,71,"69.354099835",0.024793388429752067,0.28169014084507044,0.1652892561983471,0.07042253521126761,0.04132231404958678,"6.539676446",6,-7.517297711633655,50,0.4132231404958678,37,0.30578512396694213
650968,"Pozo, Yohel",117,0.9069767441860465,96,"69.348463675",0.07692307692307694,0.3020833333333333,0.24786324786324787,0.10416666666666667,0.08547008547008547,"7.549274701",1,-3.025659116015775,21,0.1794871794871795,48,0.41025641025641024
683766,"Koss, Christian",352,0.8979591836734694,250,"69.337597614",0.06250000000000001,0.264,0.1875,0.1,0.07102272727272728,"7.103411591",14,-11.998875038133882,102,0.2897727272727273,129,0.3664772727272727
691594,"Sanoja, Javier",751,0.9026442307692307,676,"69.329764834",0.08122503328894809,0.371301775147929,0.33422103861517977,0.10502958579881656,0.09454061251664447,"7.384895952",11,1.5350742937643582,75,0.09986684420772303,378,0.5033288948069241
687231,"Hernaiz, Darell",272,0.9006622516556292,211,"69.302668603",0.07720588235294118,0.2890995260663507,0.22426470588235295,0.08056872037914692,0.0625,"7.069972794",10,-9.451084245235013,61,0.22426470588235295,101,0.3713235294117647
695720,"White, Tommy",345,0.9031413612565445,277,"69.279853739",0.12753623188405797,0.3140794223826715,0.25217391304347825,0.11191335740072202,0.08985507246376812,"7.349123797",8,-13.247745357109705,68,0.19710144927536233,144,0.41739130434782606
666152,"Hamilton, David",546,0.899505766062603,437,"69.277881648",0.04945054945054945,0.32036613272311215,0.2564102564102564,0.08695652173913043,0.0695970695970696,"7.108574341",24,-18.324059604723995,109,0.19963369963369965,220,0.40293040293040294
678391,"Vivas, Jorbit",577,0.9029733959311425,479,"69.271480555",0.03986135181975735,0.27139874739039666,0.22530329289428075,0.07933194154488518,0.0658578856152513,"7.525154281",7,-22.700918369093607,98,0.16984402079722705,244,0.42287694974003465
680700,"Palacios, Richie",629,0.9024390243902439,515,"69.266578203",0.04292527821939588,0.3262135922330097,0.2670906200317965,0.09320388349514563,0.07631160572337042,"7.275360747",19,-13.100168634302914,114,0.18124006359300476,265,0.42130365659777425
624512,"McGuire, Reese",48,0.9056603773584906,38,"69.261563125",0.020833333333333336,0.18421052631578946,0.14583333333333334,0,0,"7.776196667",0,-2.8361824688715718,10,0.20833333333333334,19,0.3958333333333333
702222,"Crawford, Justin",773,0.904093567251462,646,"69.25291577",0.062095730918499376,0.3204334365325077,0.2677878395860285,0.11455108359133127,0.09573091849935317,"7.024428797",10,-19.44212959721831,127,0.16429495472186287,322,0.4165588615782665
695490,"Arroyo, Edwin",283,0.909967845659164,207,"69.231928057",0.05653710247349824,0.34299516908212563,0.2508833922261484,0.07729468599033816,0.05653710247349823,"7.343329859",3,-13.781506668037446,76,0.26855123674911663,98,0.3462897526501767
702332,"Durbin, Caleb",875,0.9011328527291452,752,"69.2157384",0.06057142857142859,0.31648936170212766,0.272,0.07313829787234043,0.06285714285714286,"7.013421097",23,-20.514051412581296,123,0.14057142857142857,405,0.46285714285714286
701649,"Triantos, James",10,1,7,"69.199753",0.09999999999999999,0.2857142857142857,0.2,0,0,"6.886442",0,-1.2653649606841522,3,0.3,6,0.6
640492,"Azócar, José",32,0.8888888888888888,23,"69.187593438",0.09374999999999997,0.2608695652173913,0.1875,0.08695652173913043,0.0625,"6.910841875",2,-0.35650735259019356,9,0.28125,9,0.28125
695670,"Ford, Harry",195,0.8986175115207373,148,"69.178240564",0.046153846153846156,0.3108108108108108,0.2358974358974359,0.10135135135135136,0.07692307692307693,"6.475773692",7,-8.2112466877029,47,0.24102564102564103,63,0.3230769230769231
807712,"Keaschall, Luke",817,0.9027624309392265,696,"69.172420808",0.09424724602203183,0.3290229885057471,0.2802937576499388,0.08045977011494253,0.06854345165238677,"6.704399621",32,-19.18260517926079,121,0.1481028151774786,372,0.45532435740514077
686765,"Sogard, Nick",391,0.9030023094688222,310,"69.169782174",0.05115089514066495,0.36451612903225805,0.289002557544757,0.0935483870967742,0.0741687979539642,"7.075728261",5,-10.212829520846473,81,0.2071611253196931,166,0.42455242966751916
686475,"Tolbert, Tyler",209,0.9047619047619048,143,"69.168805789",0.028708133971291874,0.3776223776223776,0.2583732057416268,0.08391608391608392,0.05741626794258373,"6.726185407",5,-5.24282273028944,66,0.3157894736842105,89,0.4258373205741627
643289,"Dubón, Mauricio",1074,0.9002514668901928,929,"69.167272831",0.04748603351955308,0.3240043057050592,0.2802607076350093,0.07965554359526372,0.06890130353817504,"7.644515447",15,-17.009051695404708,145,0.13500931098696461,465,0.4329608938547486
675961,"Williams, Alika",352,0.9119170984455959,278,"69.127779261",0.031249999999999993,0.27697841726618705,0.21875,0.08992805755395683,0.07102272727272728,"6.954482699",9,-8.584585668965312,74,0.21022727272727273,139,0.39488636363636365
668885,"Martin, Austin",482,0.9043151969981238,394,"69.121257552",0.04149377593360997,0.4010152284263959,0.3278008298755187,0.09137055837563451,0.07468879668049792,"6.67074027",14,-24.263111085492064,88,0.1825726141078838,213,0.44190871369294604
669392,"Taylor, Samad",233,0.8961538461538462,167,"69.104874378",0.05579399141630902,0.31736526946107785,0.22746781115879827,0.05389221556886228,0.03862660944206009,"7.013184077",3,1.1992079399344844,66,0.2832618025751073,84,0.3605150214592275
595978,"Hedges, Austin",356,0.9035532994923858,277,"69.101750253",0.07584269662921349,0.34657039711191334,0.2696629213483146,0.10469314079422383,0.08146067415730338,"7.233859494",14,-4.147456095725293,79,0.22191011235955055,158,0.4438202247191011
701852,"Cavanaugh, Drew",264,0.9072164948453608,190,"69.088636174",0.041666666666666664,0.2736842105263158,0.19696969696969696,0.09473684210526316,0.06818181818181818,"6.634943674",3,-14.684298643643062,74,0.2803030303030303,80,0.30303030303030304
500743,"Rojas, Miguel",368,0.9041769041769042,314,"69.067209321",0.05706521739130436,0.3980891719745223,0.33967391304347827,0.14331210191082802,0.12228260869565218,"7.135458832",10,-9.008002266350791,54,0.14673913043478262,186,0.5054347826086957
685133,"Meckler, Wade",465,0.9046692607003891,375,"69.029246774",0.02150537634408602,0.39466666666666667,0.31827956989247314,0.08533333333333333,0.06881720430107527,"6.760097247",11,-11.457899887121284,90,0.1935483870967742,223,0.47956989247311826
678489,"Barrosa, Jorge",263,0.9037800687285223,192,"69.024311027",0.03041825095057035,0.3125,0.22813688212927757,0.046875,0.034220532319391636,"7.715531863",3,-12.20621787917122,71,0.26996197718631176,85,0.3231939163498099
801126,"Rodden, Brock",117,0.9069767441860465,73,"69.021760342",0.017094017094017096,0.3424657534246575,0.21367521367521367,0.0958904109589041,0.05982905982905983,"7.206149487",3,-5.030578475380253,44,0.37606837606837606,36,0.3076923076923077
700337,"Quero, Edgar",363,0.9029850746268657,291,"68.948030634",0.03856749311294766,0.3711340206185567,0.2975206611570248,0.12714776632302405,0.10192837465564739,"6.906819146",0,-19.523732790802388,72,0.19834710743801653,144,0.39669421487603307
669397,"Allen, Nick",229,0.9051383399209486,173,"68.93769607",0.017467248908296942,0.36416184971098264,0.27510917030567683,0.11560693641618497,0.08733624454148471,"6.693742402",4,-5.112569333596033,56,0.2445414847161572,104,0.45414847161572053
660644,"Bruján, Vidal",18,0.9,13,"68.930750556",0,0.38461538461538464,0.2777777777777778,0.07692307692307693,0.05555555555555555,"7.012614444",0,-2.7127342371938385,5,0.2777777777777778,7,0.3888888888888889
664954,"Sullivan, Brett",357,0.8969849246231156,301,"68.870336527",0.04761904761904762,0.3588039867109635,0.3025210084033613,0.08970099667774087,0.07563025210084033,"7.295127423",5,-9.764366034480565,56,0.1568627450980392,158,0.4425770308123249
679845,"Loftin, Nick",564,0.9024,474,"68.815908032",0.056737588652482275,0.3860759493670886,0.324468085106383,0.09071729957805907,0.07624113475177305,"7.164565674",14,-14.23696422429516,90,0.1595744680851064,272,0.48226950354609927
676609,"Caballero, José",804,0.8993288590604027,586,"68.815348719",0.06716417910447761,0.27986348122866894,0.20398009950248755,0.07508532423208192,0.05472636815920398,"6.803545211",18,-17.746298702909773,218,0.27114427860696516,262,0.32587064676616917
642086,"Smith, Dominic",497,0.8987341772151899,405,"68.814673823",0.06639839034205233,0.36049382716049383,0.2937625754527163,0.10617283950617284,0.08651911468812877,"6.875844366",16,-16.345376082169782,92,0.1851106639839034,214,0.4305835010060362
645277,"Albies, Ozzie",1243,0.9013778100072516,994,"68.813209678",0.05148833467417538,0.32696177062374243,0.2614641995172969,0.07645875251509054,0.061142397425583264,"7.162669485",16,-43.8777552342545,249,0.2003218020917136,459,0.3692679002413516
691182,"Amador, Adael",164,0.9060773480662984,136,"68.812631402",0.07317073170731707,0.25735294117647056,0.21341463414634146,0.0661764705882353,0.054878048780487805,"6.817785671",0,-2.3406510321391103,28,0.17073170731707318,60,0.36585365853658536
668942,"Rojas, Josh",184,0.9064039408866995,152,"68.743917065",0.032608695652173905,0.39473684210526316,0.32608695652173914,0.07236842105263158,0.059782608695652176,"7.309378424",3,-8.031771472221823,32,0.17391304347826086,85,0.46195652173913043
643446,"McNeil, Jeff",928,0.9027237354085603,807,"68.740541853",0.037715517241379316,0.3395291201982652,0.2952586206896552,0.06071871127633209,0.052801724137931036,"7.271304881",20,-25.50176325457757,121,0.13038793103448276,393,0.4234913793103448
691740,"Susac, Daniel",280,0.9120521172638436,214,"68.727809679",0.03928571428571428,0.2803738317757009,0.21428571428571427,0.09345794392523364,0.07142857142857142,"7.456344036",2,-10.622157722941603,66,0.2357142857142857,101,0.3607142857142857
669701,"Smith, Josh",407,0.9064587973273942,320,"68.716994005",0.027027027027027025,0.296875,0.2334152334152334,0.08125,0.06388206388206388,"7.021199951",12,-16.923109175294744,87,0.21375921375921375,146,0.35872235872235875
813841,"Cox, Jonah",274,0.9013157894736842,170,"68.714380365",0.05474452554744526,0.3176470588235294,0.19708029197080293,0.08823529411764706,0.05474452554744526,"6.536403978",9,-8.23879820284899,104,0.3795620437956204,71,0.2591240875912409
687462,"Horwitz, Spencer",641,0.9092198581560283,547,"68.698806958",0.04524180967238688,0.34186471663619744,0.2917316692667707,0.09506398537477148,0.0811232449297972,"6.941252699",11,-18.138572052578073,94,0.14664586583463338,283,0.4414976599063963
672613,"Alfonzo, Eliezer",44,0.8979591836734694,38,"68.689715455",0.04545454545454547,0.5,0.4318181818181818,0.10526315789473684,0.09090909090909091,"7.021126591",1,-3.9345608042548883,6,0.13636363636363635,22,0.5
683737,"Busch, Michael",1096,0.9028006589785832,826,"68.684216943",0.05474452554744525,0.3801452784503632,0.2864963503649635,0.13801452784503632,0.10401459854014598,"7.039781159",25,-23.63243101256346,270,0.24635036496350365,413,0.3768248175182482
701162,"Malgeri, Ben",210,0.9051724137931034,160,"68.659519905",0.028571428571428584,0.35,0.26666666666666666,0.18125,0.1380952380952381,"6.411563524",11,-2.928007962733875,50,0.23809523809523808,79,0.3761904761904762
664702,"Straw, Myles",431,0.9073684210526316,386,"68.613543782",0.0603248259860789,0.3911917098445596,0.3503480278422274,0.06994818652849741,0.06264501160092807,"6.990270302",14,-15.770224476334542,45,0.10440835266821345,215,0.4988399071925754
514888,"Altuve, Jose",854,0.9027484143763214,683,"68.589874965",0.09016393442622951,0.35431918008784774,0.28337236533957844,0.08638360175695461,0.06908665105386416,"7.592240539",15,-13.422620942718659,171,0.20023419203747073,373,0.43676814988290397
699115,"Jorge, Carlos",87,0.8969072164948454,58,"68.556759195",0.03448275862068966,0.2413793103448276,0.16091954022988506,0.034482758620689655,0.022988505747126436,"7.408405977",2,-3.310483975254611,29,0.3333333333333333,26,0.2988505747126437
543760,"Semien, Marcus",907,0.9024875621890547,720,"68.55486817",0.026460859977949287,0.36527777777777776,0.28996692392502754,0.08611111111111111,0.06835722160970231,"7.785215491",27,-36.10712992845054,187,0.2061742006615215,375,0.41345093715545755
621493,"Ward, Taylor",757,0.902264600715137,623,"68.543955654",0.03038309114927345,0.406099518459069,0.3342140026420079,0.12841091492776885,0.10568031704095113,"6.912069551",17,-29.7387561953908,134,0.17701453104359313,340,0.44914134742404227
687363,"Scott II, Victor",265,0.9013605442176871,195,"68.543708302",0.0339622641509434,0.3230769230769231,0.23773584905660378,0.06666666666666667,0.04905660377358491,"6.408784377",10,-15.99361557070992,70,0.2641509433962264,97,0.3660377358490566
665828,"Cabrera, Oswaldo",43,0.8958333333333334,33,"68.530256744",0,0.24242424242424243,0.18604651162790697,0,0,"7.358155814",1,-2.7213467768435655,10,0.23255813953488372,12,0.27906976744186046
672642,"Berroa, Steward",11,0.9166666666666666,10,"68.507935455",0,0.3,0.2727272727272727,0,0,"6.688989091",0,-0.11220125077628179,1,0.09090909090909091,3,0.2727272727272727
808982,"Lee, Jung Hoo",893,0.9047619047619048,793,"68.450164267",0.03583426651735723,0.403530895334174,0.3583426651735722,0.09836065573770492,0.08734602463605823,"7.695991445",4,-16.72465464873738,100,0.11198208286674133,452,0.5061590145576708
624431,"Trevino, Jose",232,0.8957528957528957,185,"68.434703534",0.025862068965517234,0.3567567567567568,0.28448275862068967,0.0918918918918919,0.07327586206896551,"7.148236767",6,-5.1780321417804736,47,0.2025862068965517,111,0.47844827586206895
643396,"Kiner-Falefa, Isiah",273,0.900990099009901,232,"68.421865531",0.03663003663003663,0.28879310344827586,0.2454212454212454,0.08189655172413793,0.0695970695970696,"6.995089267",7,-12.927967517673125,41,0.15018315018315018,125,0.45787545787545786
681198,"Rumfield, TJ",1002,0.9035166816952209,821,"68.397795269",0.07485029940119763,0.30572472594397077,0.250499001996008,0.0779537149817296,0.06387225548902195,"6.473156078",17,-10.821122987326268,181,0.18063872255489022,408,0.40718562874251496
686823,"Brennan, Will",42,0.8936170212765957,39,"68.361984286",0.023809523809523798,0.23076923076923078,0.21428571428571427,0.05128205128205128,0.047619047619047616,"6.537552857",0,-4.149439540461272,3,0.07142857142857142,19,0.4523809523809524
694876,"Ingle, Cooper",40,0.8888888888888888,33,"68.3435145",0,0.21212121212121213,0.175,0.030303030303030304,0.025,"6.89782675",3,-3.070910756865471,7,0.175,9,0.225
669364,"Edwards, Xavier",866,0.9039665970772442,720,"68.342284018",0.024249422632794455,0.39305555555555555,0.32678983833718245,0.07777777777777778,0.06466512702078522,"6.505576409",16,-25.56030182381736,146,0.16859122401847576,404,0.4665127020785219
683083,"Nuñez, Nasim",796,0.9024943310657596,638,"68.33172951",0.032663316582914576,0.2993730407523511,0.2399497487437186,0.06426332288401254,0.05150753768844221,"6.771491319",24,-43.553755273691955,158,0.1984924623115578,307,0.38567839195979897
686217,"Frelick, Sal",516,0.9036777583187391,477,"68.318307752",0.03100775193798449,0.38155136268343814,0.35271317829457366,0.09853249475890985,0.09108527131782945,"7.06816157",7,-24.01810731644231,39,0.0755813953488372,272,0.5271317829457365
689414,"Hicks, Liam",746,0.9009661835748792,670,"68.316025965",0.04289544235924933,0.3701492537313433,0.3324396782841823,0.10895522388059702,0.09785522788203753,"6.856322158",11,-12.934914166592591,76,0.10187667560321716,393,0.5268096514745308
663538,"Hoerner, Nico",1040,0.9043478260869565,932,"68.311576442",0.014423076923076929,0.3948497854077253,0.35384615384615387,0.07510729613733906,0.0673076923076923,"7.281889317",14,-26.63276704653831,108,0.10384615384615385,536,0.5153846153846153
669289,"Espinal, Santiago",94,0.8952380952380953,82,"68.304278298",0.03191489361702128,0.3780487804878049,0.32978723404255317,0.0975609756097561,0.0851063829787234,"7.75244234",4,-2.429627142859256,12,0.1276595744680851,46,0.48936170212765956
680977,"Donovan, Brendan",236,0.9042145593869731,196,"68.282186907",0.008474576271186439,0.33163265306122447,0.2754237288135593,0.08163265306122448,0.06779661016949153,"6.832253008",2,-5.2621994859068515,40,0.1694915254237288,107,0.4533898305084746
665926,"Giménez, Andrés",901,0.901,677,"68.253531865",0.04217536071032187,0.32644017725258495,0.24528301886792453,0.06794682422451995,0.051054384017758046,"6.994741299",19,-31.077287344742295,224,0.2486126526082131,332,0.36847946725860153
670764,"Walls, Taylor",601,0.898355754857997,477,"68.193616922",0.0199667221297837,0.3480083857442348,0.2762063227953411,0.04612159329140461,0.036605657237936774,"7.094668087",14,-26.60835973905798,124,0.20632279534109818,238,0.39600665557404324
650402,"Torres, Gleyber",668,0.8990578734858681,529,"68.141449431",0.0344311377245509,0.3591682419659735,0.2844311377245509,0.08128544423440454,0.06437125748502993,"7.010974865",6,-22.81353760945942,139,0.20808383233532934,260,0.38922155688622756
686452,"Millas, Drew",222,0.8951612903225806,168,"68.141360946",0.03603603603603606,0.30952380952380953,0.23423423423423423,0.047619047619047616,0.036036036036036036,"7.146034144",1,-11.467096585225617,54,0.24324324324324326,85,0.38288288288288286
694384,"Schanuel, Nolan",643,0.9005602240896359,550,"68.140249378",0.055987558320373255,0.39090909090909093,0.3343701399688958,0.09090909090909091,0.07776049766718507,"6.824910435",17,-13.713289243278313,93,0.14463452566096424,304,0.4727838258164852
645302,"Robles, Victor",238,0.8981132075471698,184,"68.128593361",0.025210084033613453,0.3532608695652174,0.27310924369747897,0.06521739130434782,0.05042016806722689,"6.722721639",8,-8.448353963174528,54,0.226890756302521,99,0.41596638655462187
811965,"Kuroda-Grauer, Joshua",123,0.8978102189781022,104,"68.089479593",0.08130081300813008,0.33653846153846156,0.2845528455284553,0.125,0.10569105691056911,"6.893639268",2,2.1514069480279625,19,0.15447154471544716,52,0.42276422764227645
670156,"Mastrobuoni, Miles",38,0.9047619047619048,31,"68.024396316",0.026315789473684213,0.41935483870967744,0.34210526315789475,0.0967741935483871,0.07894736842105263,"6.344909211",1,-3.43022995568924,7,0.18421052631578946,16,0.42105263157894735
656716,"McKinstry, Zach",669,0.9016172506738545,562,"67.984519387",0.04334828101644244,0.3167259786476868,0.26606875934230195,0.06405693950177936,0.053811659192825115,"6.633799402",9,-30.543840067454298,107,0.15994020926756353,270,0.40358744394618834
663968,"Mangum, Jake",868,0.8994818652849741,684,"67.963050553",0.04377880184331798,0.3157894736842105,0.2488479262672811,0.07602339181286549,0.059907834101382486,"6.706108479",16,-15.614938125276755,184,0.2119815668202765,313,0.36059907834101385
665877,"Fermín, José",535,0.9037162162162162,471,"67.958241495",0.02242990654205608,0.39278131634819535,0.34579439252336447,0.08067940552016985,0.07102803738317758,"7.363286953",9,-14.63674820189344,64,0.11962616822429907,260,0.48598130841121495
682729,"Clase, Jonatan",42,0.9333333333333333,29,"67.949527619",0.14285714285714288,0.3448275862068966,0.23809523809523808,0.13793103448275862,0.09523809523809523,"6.600337381",4,-0.47233668695746,13,0.30952380952380953,13,0.30952380952380953
666163,"Rortvedt, Ben",39,0.9069767441860465,31,"67.934992564",0,0.3870967741935484,0.3076923076923077,0,0,"6.794324103",2,-2.3356892398931013,8,0.20512820512820512,16,0.41025641025641024
622268,"Walton, Donovan",453,0.9005964214711729,329,"67.892494989",0.006622516556291391,0.3829787234042553,0.2781456953642384,0.08206686930091185,0.059602649006622516,"6.921625938",6,-8.048696764124767,124,0.2737306843267108,165,0.36423841059602646
703520,"Bateman, Brett",260,0.8996539792387543,228,"67.875456154",0.026923076923076928,0.32456140350877194,0.2846153846153846,0.05263157894736842,0.046153846153846156,"6.956732231",2,-0.13390387111743712,32,0.12307692307692308,110,0.4230769230769231
660688,"Ruiz, Keibert",524,0.8987993138936535,461,"67.680515496",0.007633587786259542,0.45336225596529284,0.3988549618320611,0.1475054229934924,0.1297709923664122,"7.050028779",4,-5.2987437522656915,63,0.12022900763358779,276,0.5267175572519084
669369,"Johnson, Bryce",72,0.8888888888888888,49,"67.628901806",0.027777777777777783,0.16326530612244897,0.1111111111111111,0,0,"7.49767625",2,-4.432621009064089,23,0.3194444444444444,22,0.3055555555555556
676694,"Meyers, Jake",241,0.8992537313432836,194,"67.506161784",0.045643153526970966,0.3247422680412371,0.26141078838174275,0.06701030927835051,0.05394190871369295,"6.986077635",8,-8.92476097650729,47,0.1950207468879668,95,0.3941908713692946
676391,"Clement, Ernie",959,0.899624765478424,838,"67.303373504",0.028154327424400417,0.3926014319809069,0.34306569343065696,0.05250596658711217,0.045881126173096975,"7.107732346",31,-26.93116745320132,121,0.1261730969760167,485,0.5057351407716372
672695,"Perdomo, Geraldo",955,0.9009433962264151,858,"67.302043466",0.01675392670157068,0.38461538461538464,0.34554973821989526,0.08041958041958042,0.07225130890052356,"6.956742984",25,-23.651182788673633,97,0.10157068062827225,445,0.46596858638743455
683227,"Freeman, Cody",150,0.8982035928143712,128,"67.2286484",0,0.3515625,0.3,0.0390625,0.03333333333333333,"6.7169818",5,-5.103741551453918,22,0.14666666666666667,64,0.4266666666666667
670623,"Paredes, Isaac",1064,0.9039932030586236,908,"67.176254258",0.06578947368421055,0.3248898678414097,0.27725563909774437,0.06938325991189427,0.05921052631578947,"7.759811908",10,-22.298792588938813,156,0.14661654135338345,412,0.38721804511278196
664770,"Lukes, Nathan",758,0.9066985645933014,636,"66.97990748",0.031662269129287594,0.35062893081761004,0.2941952506596306,0.07547169811320754,0.0633245382585752,"6.353399354",8,-18.134865425849096,122,0.16094986807387862,309,0.4076517150395778
506702,"León, Sandy",88,0.8979591836734694,62,"66.97671625",0.02272727272727272,0.27419354838709675,0.19318181818181818,0.016129032258064516,0.011363636363636364,"6.994659659",3,-7.343184782984647,26,0.29545454545454547,24,0.2727272727272727
805367,"Meidroth, Chase",965,0.9010270774976658,778,"66.971542083",0.01139896373056995,0.36632390745501286,0.29533678756476683,0.08226221079691516,0.06632124352331606,"6.656408497",14,-10.46801651776629,187,0.19378238341968912,373,0.38652849740932643
678011,"Seigler, Anthony",263,0.8976109215017065,209,"66.912329278",0.0038022813688212928,0.42105263157894735,0.33460076045627374,0.09090909090909091,0.07224334600760456,"6.783912205",7,-7.135980320900435,54,0.20532319391634982,120,0.45627376425855515
687957,"Harris, Dustin",226,0.900398406374502,186,"66.900598363",0.03097345132743363,0.44623655913978494,0.3672566371681416,0.08602150537634409,0.07079646017699115,"6.566699513",7,-2.9325824944403758,40,0.17699115044247787,107,0.47345132743362833
663967,"Salazar, César",37,0.9024390243902439,32,"66.796591351",0,0.28125,0.24324324324324326,0.0625,0.05405405405405406,"6.874852162",0,-4.04946456299076,5,0.13513513513513514,13,0.35135135135135137
664731,"Higgins, P.J.",42,0.8936170212765957,34,"66.754575952",0,0.4117647058823529,0.3333333333333333,0.029411764705882353,0.023809523809523808,"6.608366905",2,-2.0892495676867107,8,0.19047619047619047,19,0.4523809523809524
596117,"Stubbs, Garrett",104,0.9043478260869565,86,"66.673039808",0,0.313953488372093,0.25961538461538464,0.023255813953488372,0.019230769230769232,"7.035537596",3,-8.898142682037342,18,0.17307692307692307,41,0.3942307692307692
808975,"Kim, Hyeseong",215,0.899581589958159,166,"66.669647581",0,0.3493975903614458,0.26976744186046514,0.07228915662650602,0.05581395348837209,"7.190798465",5,-6.528512127659874,49,0.22790697674418606,85,0.3953488372093023
681909,"Dean, Justin",19,0.9047619047619048,14,"66.628457368",0,0.21428571428571427,0.15789473684210525,0.14285714285714285,0.10526315789473684,"6.535878421",0,0.6165267969431729,5,0.2631578947368421,4,0.21052631578947367
669743,"Call, Alex",315,0.9025787965616046,266,"66.620713968",0.031746031746031744,0.29699248120300753,0.2507936507936508,0.03383458646616541,0.02857142857142857,"6.72581054",7,-12.161636414890149,49,0.15555555555555556,120,0.38095238095238093
691907,"Cheng, Tsung-Che",67,0.8933333333333333,44,"66.527600299",0,0.3181818181818182,0.208955223880597,0.11363636363636363,0.07462686567164178,"6.765597761",4,-3.680583102505234,23,0.34328358208955223,23,0.34328358208955223
670032,"Lopez, Nicky",433,0.9002079002079002,349,"66.445716328",0.009237875288683603,0.33810888252148996,0.27251732101616627,0.04297994269340974,0.03464203233256351,"6.797390023",4,-15.770734839559275,84,0.19399538106235567,173,0.3995381062355658
571657,"Farmer, Kyle",33,0.8918918918918919,23,"66.392774848",0,0.34782608695652173,0.24242424242424243,0.043478260869565216,0.030303030303030304,"6.759783636",0,-1.4392063298366549,10,0.30303030303030304,13,0.3939393939393939
801501,"Furman, Nate",58,0.8923076923076924,47,"66.210719828",0,0.2553191489361702,0.20689655172413793,0.0425531914893617,0.034482758620689655,"6.73606931",1,-5.380531426894466,11,0.1896551724137931,20,0.3448275862068966
665561,"Marchán, Rafael",163,0.9005524861878453,138,"66.094399202",0,0.34057971014492755,0.2883435582822086,0.028985507246376812,0.024539877300613498,"7.482381779",3,-12.528746520288149,25,0.15337423312883436,71,0.43558282208588955
663611,"Madrigal, Nick",98,0.8909090909090909,92,"66.036609388",0.010204081632653059,0.41304347826086957,0.3877551020408163,0.06521739130434782,0.061224489795918366,"6.44718102",1,-2.821311555972002,6,0.061224489795918366,46,0.46938775510204084
663494,"Torres, Bryan",286,0.9022082018927445,230,"65.826798601",0.010489510489510493,0.39565217391304347,0.3181818181818182,0.0391304347826087,0.03146853146853147,"6.484651608",6,-11.259854898329898,56,0.1958041958041958,118,0.4125874125874126
669717,"Wilson, Will",12,0.9230769230769231,8,"65.659586667",0,0.25,0.16666666666666666,0.125,0.08333333333333333,"7.008129167",2,0.4823115570856659,4,0.3333333333333333,4,0.3333333333333333
660844,"Rivas, Leo",204,0.8986784140969163,161,"65.584584069",0.0049019607843137246,0.36024844720496896,0.28431372549019607,0.031055900621118012,0.024509803921568627,"7.12639652",8,-15.187682158352265,43,0.2107843137254902,79,0.3872549019607843
543877,"Vázquez, Christian",428,0.9010526315789473,346,"65.557141051",0.004672897196261682,0.3670520231213873,0.2967289719626168,0.06936416184971098,0.056074766355140186,"6.705887664",7,-17.258689579754517,82,0.19158878504672897,175,0.4088785046728972
806367,"Hill, Turner",171,0.9095744680851063,151,"65.267632398",0.00584795321637427,0.4370860927152318,0.38596491228070173,0.08609271523178808,0.07602339181286549,"6.381333626",3,-8.380229477063692,20,0.11695906432748537,82,0.47953216374269003
624428,"Frazier, Adam",256,0.8982456140350877,192,"65.170317305",0.015625000000000003,0.3177083333333333,0.23828125,0.036458333333333336,0.02734375,"6.832116523",7,-8.077409672106832,64,0.25,84,0.328125
802415,"Simpson, Chandler",786,0.903448275862069,712,"65.096449784",0.005089058524173029,0.4606741573033708,0.4173027989821883,0.026685393258426966,0.024173027989821884,"6.570472048",10,-16.832321572213743,74,0.09414758269720101,467,0.594147582697201
623168,"Heineman, Tyler",321,0.8991596638655462,257,"65.014435639",0.0031152647975077885,0.3346303501945525,0.26791277258566976,0.027237354085603113,0.021806853582554516,"7.02463243",7,-24.102370205091,64,0.19937694704049844,135,0.4205607476635514
683021,"Stefanic, Michael",52,0.896551724137931,48,"64.767859808",0.01923076923076923,0.3541666666666667,0.3269230769230769,0.0625,0.057692307692307696,"6.137147308",2,-0.11302424778459035,4,0.07692307692307693,20,0.38461538461538464
805779,"Wilson, Jacob",537,0.8994974874371859,461,"64.685836853",0.0055865921787709525,0.3839479392624729,0.329608938547486,0.07158351409978309,0.061452513966480445,"6.22554959",8,-9.018844637781855,76,0.14152700186219738,246,0.4581005586592179
650333,"Arraez, Luis",1027,0.9064430714916152,952,"63.112816358",0.0009737098344693278,0.45903361344537813,0.4255111976630964,0.017857142857142856,0.016553067185978577,"5.869335122",3,-16.41908550142754,75,0.0730282375851996,517,0.5034079844206426
680757,"Kwan, Steven",799,0.8997747747747747,748,"62.400990363",0.0025031289111389233,0.4572192513368984,0.42803504380475593,0.017379679144385027,0.016270337922403004,"6.166989524",5,-14.059567291753186,51,0.06382978723404255,429,0.5369211514392991
807747,"Nishida, Rikuu",35,0.8974358974358975,30,"61.724923714",0,0.6,0.5142857142857142,0.03333333333333333,0.02857142857142857,"6.053812857",1,-1.542466811522028,5,0.14285714285714285,20,0.5714285714285714